Workbook

Sheet 主线杀怪
C1: 伤害溢出修正 | E1: 技能目标误差修正
C2: 0.8 | E2: 0.8
C4: 怪物属性设计 | N4: 目标玩家能力（简易版，仅有计算玩家基础属性,不计算化神，宠物，以后再添加特殊属性和化神等因素） | Y4: 怪物属性
A5: 怪物名字 | B5: 怪物等级 | C5: 属性等级 | D5: 怪物类型 | E5: 能力模板 | F5: 怪物受击 | G5: 玩家受击 | H5: 防御抵消比例 | I5: 玩家对怪物命中 | J5: 怪物对玩家命中 | K5: 怪物技能系数 | L5: 围攻怪物个数 | M5: 攻击间隔/s | N5: 生命 | O5: 攻击 | P5: 防御 | Q5: 命中 | R5: 闪避 | S5: 技能固定伤害 | T5: 回血间隔 | U5: 回血量 | V5: 每招平均目标 | W5: 每招平均技能伤害 | X5: 每招平均固伤 | Y5: 生命 | Z5: 攻击 | AA5: 防御 | AB5: 命中 | AC5: 闪避
A6: 任务100012小怪 | B6: 24 | C6: 24 | D6: 小怪 | E6: 非R | F6: =6/10*V6/0.6 -> 2.3 | G6: 0 | H6: 0 | I6: 1 | J6: 1 | K6: 2 | L6: 15 | M6: 2 | N6: =HLOOKUP(N$5,[1]非R能力!$B$8:$F$558,$B6+1,0) -> 2560 | O6: =HLOOKUP(O$5,[1]非R能力!$B$8:$F$558,$B6+1,0) -> 820.07692 | P6: =HLOOKUP(P$5,[1]非R能力!$B$8:$F$558,$B6+1,0) -> 416 | Q6: =HLOOKUP(Q$5,[1]非R能力!$B$8:$F$558,$B6+1,0) -> 185.33333 | R6: =HLOOKUP(R$5,[1]非R能力!$B$8:$F$558,$B6+1,0) -> 181.17949 | S6: =INDEX([1]非R能力!$H$9:$H$558,C6) -> 0 | T6: =IF(D6="小怪",0,IF(INDEX([1]非R能力!$FK$9:$FK$558,B6)=0,0,10)) -> 0 | U6: =IF(D6="小怪",0,IF(INDEX([1]非R能力!$FH$9:$FH$558,B6)=0,0,5000)) -> 0 | V6: =HLOOKUP(V$5,[2]人物技能基础!$O$3:$Q$553,$B6+1,0) -> 2.3 | W6: =HLOOKUP(W$5,[2]人物技能基础!$O$3:$Q$553,$B6+1,0) -> 1.485 | X6: =HLOOKUP(X$5,[2]人物技能基础!$O$3:$Q$553,$B6+1,0) -> 57.5 | Y6: =INT(((O6-AA6)*W6+(X6+S6))*F6*I6*$C$2) -> 2346 | Z6: =IF(G6=0,IF(T6=0,INT(P6/5),IF(U6=0,INT(P6/5),INT((U6/T6)/(1/M6*L6)/K6+P6))),INT((IF(T6=0,0,U6/T6/(1/M6*L6))+N6/G6)/K6+P6)) -> 83 | AA6: =INT(O6*H6) -> 0 | AB6: =INT(J6*R6) -> 181 | AC6: =INT(Q6/I6) -> 185 | AF6: （（攻击-怪物防御）*技能系数+技能固伤）*怪物受击*玩家命中*伤害溢出修正
A7: 任务100018小怪 | B7: 33 | C7: 33 | D7: 小怪 | E7: 非R | F7: =6/10*V7/0.6 -> 2.6 | G7: 0 | H7: 0 | I7: 1 | J7: 1 | K7: 2 | L7: 15 | M7: 2 | N7: =HLOOKUP(N$5,[1]非R能力!$B$8:$F$558,$B7+1,0) -> 3727 | O7: =HLOOKUP(O$5,[1]非R能力!$B$8:$F$558,$B7+1,0) -> 1156.4444 | P7: =HLOOKUP(P$5,[1]非R能力!$B$8:$F$558,$B7+1,0) -> 862.04762 | Q7: =HLOOKUP(Q$5,[1]非R能力!$B$8:$F$558,$B7+1,0) -> 266.7619 | R7: =HLOOKUP(R$5,[1]非R能力!$B$8:$F$558,$B7+1,0) -> 266.79487 | S7: =INDEX([1]非R能力!$H$9:$H$558,C7) -> 0 | T7: =IF(D7="小怪",0,IF(INDEX([1]非R能力!$FK$9:$FK$558,B7)=0,0,10)) -> 0 | U7: =IF(D7="小怪",0,IF(INDEX([1]非R能力!$FH$9:$FH$558,B7)=0,0,5000)) -> 0 | V7: =HLOOKUP(V$5,[2]人物技能基础!$O$3:$Q$553,$B7+1,0) -> 2.6 | W7: =HLOOKUP(W$5,[2]人物技能基础!$O$3:$Q$553,$B7+1,0) -> 1.625 | X7: =HLOOKUP(X$5,[2]人物技能基础!$O$3:$Q$553,$B7+1,0) -> 67.5 | Y7: =INT(((O7-AA7)*W7+(X7+S7))*F7*I7*$C$2) -> 4049 | Z7: =IF(G7=0,IF(T7=0,INT(P7/5),IF(U7=0,INT(P7/5),INT((U7/T7)/(1/M7*L7)/K7+P7))),INT((IF(T7=0,0,U7/T7/(1/M7*L7))+N7/G7)/K7+P7)) -> 172 | AA7: =INT(O7*H7) -> 0 | AB7: =INT(J7*R7) -> 266 | AC7: =INT(Q7/I7) -> 266
A8: 任务100021小怪 | B8: 41 | C8: 41 | D8: 小怪 | E8: 非R | F8: =6/10*V8/0.6 -> 2.9 | G8: 0 | H8: 0 | I8: 1 | J8: 1 | K8: 2 | L8: 15 | M8: 2 | N8: =HLOOKUP(N$5,[1]非R能力!$B$8:$F$558,$B8+1,0) -> 5151 | O8: =HLOOKUP(O$5,[1]非R能力!$B$8:$F$558,$B8+1,0) -> 1364.2222 | P8: =HLOOKUP(P$5,[1]非R能力!$B$8:$F$558,$B8+1,0) -> 956.2381 | Q8: =HLOOKUP(Q$5,[1]非R能力!$B$8:$F$558,$B8+1,0) -> 293.80952 | R8: =HLOOKUP(R$5,[1]非R能力!$B$8:$F$558,$B8+1,0) -> 342.89744 | S8: =INDEX([1]非R能力!$H$9:$H$558,C8) -> 0 | T8: =IF(D8="小怪",0,IF(INDEX([1]非R能力!$FK$9:$FK$558,B8)=0,0,10)) -> 0 | U8: =IF(D8="小怪",0,IF(INDEX([1]非R能力!$FH$9:$FH$558,B8)=0,0,5000)) -> 0 | V8: =HLOOKUP(V$5,[2]人物技能基础!$O$3:$Q$553,$B8+1,0) -> 2.9 | W8: =HLOOKUP(W$5,[2]人物技能基础!$O$3:$Q$553,$B8+1,0) -> 1.7675 | X8: =HLOOKUP(X$5,[2]人物技能基础!$O$3:$Q$553,$B8+1,0) -> 78.75 | Y8: =INT(((O8-AA8)*W8+(X8+S8))*F8*I8*$C$2) -> 5776 | Z8: =IF(G8=0,IF(T8=0,INT(P8/5),IF(U8=0,INT(P8/5),INT((U8/T8)/(1/M8*L8)/K8+P8))),INT((IF(T8=0,0,U8/T8/(1/M8*L8))+N8/G8)/K8+P8)) -> 191 | AA8: =INT(O8*H8) -> 0 | AB8: =INT(J8*R8) -> 342 | AC8: =INT(Q8/I8) -> 293
F11: 时间/（每只受击次数*0.6）*群攻效率=10
F12: 每只受击次数=时间/10*群攻效率/0.6

Sheet 关卡
D1: 伤害溢出修正 | F1: 技能目标误差修正
D2: 0.8 | F2: 0.8
D4: 怪物属性设计 | O4: 目标玩家能力（简易版，仅有计算玩家基础属性,不计算化神，宠物，以后再添加特殊属性和化神等因素） | Z4: 怪物属性
A5: 关卡数 | B5: 怪物名字 | C5: 怪物等级 | D5: 属性等级 | E5: 怪物类型 | F5: 能力模板 | G5: 怪物受击 | H5: 玩家受击 | I5: 防御抵消比例 | J5: 玩家对怪物命中 | K5: 怪物对玩家命中 | L5: 怪物技能系数 | M5: 围攻怪物个数 | N5: 攻击间隔/s | O5: 生命 | P5: 攻击 | Q5: 防御 | R5: 命中 | S5: 闪避 | T5: 技能固定伤害 | U5: 回血间隔 | V5: 回血量 | W5: 每招平均目标 | X5: 每招平均技能伤害 | Y5: 每招平均固伤 | Z5: 生命 | AA5: 攻击 | AB5: 防御 | AC5: 命中 | AD5: 闪避 | AF5: 怪物属性算法
A6: 1 | B6: ="关卡"&A6&E6 -> 关卡1小怪 | C6: =INDEX([3]关卡!$J$19:$J$2018,A6) -> 45 | D6: =INDEX([3]关卡!$N$19:$N$2018,A6) -> 30 | E6: 小怪 | F6: 非R | G6: 1 | H6: 0 | I6: 0 | J6: 1 | K6: 1 | L6: 2 | M6: 15 | N6: 2 | O6: =HLOOKUP(O$5,[1]非R能力!$B$8:$F$558,$C6+1,0) -> 5935 | P6: =HLOOKUP(P$5,[1]非R能力!$B$8:$F$558,$C6+1,0) -> 1477.1111 | Q6: =HLOOKUP(Q$5,[1]非R能力!$B$8:$F$558,$C6+1,0) -> 1006.3333 | R6: =HLOOKUP(R$5,[1]非R能力!$B$8:$F$558,$C6+1,0) -> 307.33333 | S6: =HLOOKUP(S$5,[1]非R能力!$B$8:$F$558,$C6+1,0) -> 380.94872 | T6: =INDEX([1]非R能力!$H$9:$H$558,D6) -> 0 | U6: =IF(E6="小怪",0,IF(INDEX([1]非R能力!$FK$9:$FK$558,C6)=0,0,10)) -> 0 | V6: =IF(E6="小怪",0,IF(INDEX([1]非R能力!$FH$9:$FH$558,C6)=0,0,5000)) -> 0 | W6: =HLOOKUP(W$5,[2]人物技能基础!$O$3:$Q$553,$C6+1,0) -> 3.38 | X6: =HLOOKUP(X$5,[2]人物技能基础!$O$3:$Q$553,$C6+1,0) -> 1.8965 | Y6: =HLOOKUP(Y$5,[2]人物技能基础!$O$3:$Q$553,$C6+1,0) -> 89.25 | Z6: =INT(((P6-AB6)*X6+(Y6+T6))*G6*J6*$D$2) -> 2312 | AA6: =IF(H6=0,IF(U6=0,INT(Q6/5),IF(V6=0,INT(Q6/5),INT((V6/U6)/(1/N6*M6)/L6+Q6))),INT((IF(U6=0,0,V6/U6/(1/N6*M6))+O6/H6)/L6+Q6)) -> 201 | AB6: =INT(P6*I6) -> 0 | AC6: =INT(K6*S6) -> 380 | AD6: =INT(R6/J6) -> 307 | AF6: 生命 | AG6: （（攻击-怪物防御）*技能系数+技能固伤）*怪物受击*玩家命中*伤害溢出修正
A7: 2 | B7: ="关卡"&A7&E7 -> 关卡2小怪 | C7: =INDEX([3]关卡!$J$19:$J$2018,A7) -> 47 | D7: =INDEX([3]关卡!$N$19:$N$2018,A7) -> 32 | E7: 小怪 | F7: 非R | G7: 1 | H7: 0 | I7: 0 | J7: 1 | K7: 1 | L7: 2 | M7: 15 | N7: 2 | O7: =HLOOKUP(O$5,[1]非R能力!$B$8:$F$558,$C7+1,0) -> 6327 | P7: =HLOOKUP(P$5,[1]非R能力!$B$8:$F$558,$C7+1,0) -> 1533.5556 | Q7: =HLOOKUP(Q$5,[1]非R能力!$B$8:$F$558,$C7+1,0) -> 1031.381 | R7: =HLOOKUP(R$5,[1]非R能力!$B$8:$F$558,$C7+1,0) -> 314.09524 | S7: =HLOOKUP(S$5,[1]非R能力!$B$8:$F$558,$C7+1,0) -> 399.97436 | T7: =INDEX([1]非R能力!$H$9:$H$558,D7) -> 0 | U7: =IF(E7="小怪",0,IF(INDEX([1]非R能力!$FK$9:$FK$558,C7)=0,0,10)) -> 0 | V7: =IF(E7="小怪",0,IF(INDEX([1]非R能力!$FH$9:$FH$558,C7)=0,0,5000)) -> 0 | W7: =HLOOKUP(W$5,[2]人物技能基础!$O$3:$Q$553,$C7+1,0) -> 3.38 | X7: =HLOOKUP(X$5,[2]人物技能基础!$O$3:$Q$553,$C7+1,0) -> 1.8965 | Y7: =HLOOKUP(Y$5,[2]人物技能基础!$O$3:$Q$553,$C7+1,0) -> 89.25 | Z7: =INT(((P7-AB7)*X7+(Y7+T7))*G7*J7*$D$2) -> 2398 | AA7: =IF(H7=0,IF(U7=0,INT(Q7/5),IF(V7=0,INT(Q7/5),INT((V7/U7)/(1/N7*M7)/L7+Q7))),INT((IF(U7=0,0,V7/U7/(1/N7*M7))+O7/H7)/L7+Q7)) -> 206 | AB7: =INT(P7*I7) -> 0 | AC7: =INT(K7*S7) -> 399 | AD7: =INT(R7/J7) -> 314 | AF7: 防御 | AG7: 攻击*防御抵消
A8: 3 | B8: ="关卡"&A8&E8 -> 关卡3小怪 | C8: =INDEX([3]关卡!$J$19:$J$2018,A8) -> 48 | D8: =INDEX([3]关卡!$N$19:$N$2018,A8) -> 33 | E8: 小怪 | F8: 非R | G8: 1 | H8: 0 | I8: 0 | J8: 1 | K8: 1 | L8: 2 | M8: 15 | N8: 2 | O8: =HLOOKUP(O$5,[1]非R能力!$B$8:$F$558,$C8+1,0) -> 6523 | P8: =HLOOKUP(P$5,[1]非R能力!$B$8:$F$558,$C8+1,0) -> 1561.7778 | Q8: =HLOOKUP(Q$5,[1]非R能力!$B$8:$F$558,$C8+1,0) -> 1043.9048 | R8: =HLOOKUP(R$5,[1]非R能力!$B$8:$F$558,$C8+1,0) -> 317.47619 | S8: =HLOOKUP(S$5,[1]非R能力!$B$8:$F$558,$C8+1,0) -> 409.48718 | T8: =INDEX([1]非R能力!$H$9:$H$558,D8) -> 0 | U8: =IF(E8="小怪",0,IF(INDEX([1]非R能力!$FK$9:$FK$558,C8)=0,0,10)) -> 0 | V8: =IF(E8="小怪",0,IF(INDEX([1]非R能力!$FH$9:$FH$558,C8)=0,0,5000)) -> 0 | W8: =HLOOKUP(W$5,[2]人物技能基础!$O$3:$Q$553,$C8+1,0) -> 3.38 | X8: =HLOOKUP(X$5,[2]人物技能基础!$O$3:$Q$553,$C8+1,0) -> 1.8965 | Y8: =HLOOKUP(Y$5,[2]人物技能基础!$O$3:$Q$553,$C8+1,0) -> 89.25 | Z8: =INT(((P8-AB8)*X8+(Y8+T8))*G8*J8*$D$2) -> 2440 | AA8: =IF(H8=0,IF(U8=0,INT(Q8/5),IF(V8=0,INT(Q8/5),INT((V8/U8)/(1/N8*M8)/L8+Q8))),INT((IF(U8=0,0,V8/U8/(1/N8*M8))+O8/H8)/L8+Q8)) -> 208 | AB8: =INT(P8*I8) -> 0 | AC8: =INT(K8*S8) -> 409 | AD8: =INT(R8/J8) -> 317 | AF8: 攻击 | AG8: 当玩家受击=0时
A9: 4 | B9: ="关卡"&A9&E9 -> 关卡4小怪 | C9: =INDEX([3]关卡!$J$19:$J$2018,A9) -> 60 | D9: =INDEX([3]关卡!$N$19:$N$2018,A9) -> 52 | E9: 小怪 | F9: 非R | G9: 1.25 | H9: 0 | I9: 0 | J9: 1 | K9: 1 | L9: 2 | M9: 15 | N9: 2 | O9: =HLOOKUP(O$5,[1]非R能力!$B$8:$F$558,$C9+1,0) -> 9797.2707 | P9: =HLOOKUP(P$5,[1]非R能力!$B$8:$F$558,$C9+1,0) -> 1941.8325 | Q9: =HLOOKUP(Q$5,[1]非R能力!$B$8:$F$558,$C9+1,0) -> 1342.2775 | R9: =HLOOKUP(R$5,[1]非R能力!$B$8:$F$558,$C9+1,0) -> 471.30769 | S9: =HLOOKUP(S$5,[1]非R能力!$B$8:$F$558,$C9+1,0) -> 653.14286 | T9: =INDEX([1]非R能力!$H$9:$H$558,D9) -> 0 | U9: =IF(E9="小怪",0,IF(INDEX([1]非R能力!$FK$9:$FK$558,C9)=0,0,10)) -> 0 | V9: =IF(E9="小怪",0,IF(INDEX([1]非R能力!$FH$9:$FH$558,C9)=0,0,5000)) -> 0 | W9: =HLOOKUP(W$5,[2]人物技能基础!$O$3:$Q$553,$C9+1,0) -> 3.6371429 | X9: =HLOOKUP(X$5,[2]人物技能基础!$O$3:$Q$553,$C9+1,0) -> 2.0186429 | Y9: =HLOOKUP(Y$5,[2]人物技能基础!$O$3:$Q$553,$C9+1,0) -> 99.964286 | Z9: =INT(((P9-AB9)*X9+(Y9+T9))*G9*J9*$D$2) -> 4019 | AA9: =IF(H9=0,IF(U9=0,INT(Q9/5),IF(V9=0,INT(Q9/5),INT((V9/U9)/(1/N9*M9)/L9+Q9))),INT((IF(U9=0,0,V9/U9/(1/N9*M9))+O9/H9)/L9+Q9)) -> 268 | AB9: =INT(P9*I9) -> 0 | AC9: =INT(K9*S9) -> 653 | AD9: =INT(R9/J9) -> 471 | AH9: 当回血间隔=0或回血量=0时
A10: 5 | B10: ="关卡"&A10&E10 -> 关卡5小怪 | C10: =INDEX([3]关卡!$J$19:$J$2018,A10) -> 62 | D10: =INDEX([3]关卡!$N$19:$N$2018,A10) -> 54 | E10: 小怪 | F10: 非R | G10: 1.5 | H10: 0 | I10: 0 | J10: 1 | K10: 1 | L10: 2 | M10: 15 | N10: 2 | O10: =HLOOKUP(O$5,[1]非R能力!$B$8:$F$558,$C10+1,0) -> 10994.353 | P10: =HLOOKUP(P$5,[1]非R能力!$B$8:$F$558,$C10+1,0) -> 2023.1627 | Q10: =HLOOKUP(Q$5,[1]非R能力!$B$8:$F$558,$C10+1,0) -> 1435.2057 | R10: =HLOOKUP(R$5,[1]非R能力!$B$8:$F$558,$C10+1,0) -> 506.38462 | S10: =HLOOKUP(S$5,[1]非R能力!$B$8:$F$558,$C10+1,0) -> 695.71429 | T10: =INDEX([1]非R能力!$H$9:$H$558,D10) -> 0 | U10: =IF(E10="小怪",0,IF(INDEX([1]非R能力!$FK$9:$FK$558,C10)=0,0,10)) -> 0 | V10: =IF(E10="小怪",0,IF(INDEX([1]非R能力!$FH$9:$FH$558,C10)=0,0,5000)) -> 0 | W10: =HLOOKUP(W$5,[2]人物技能基础!$O$3:$Q$553,$C10+1,0) -> 3.6371429 | X10: =HLOOKUP(X$5,[2]人物技能基础!$O$3:$Q$553,$C10+1,0) -> 2.0186429 | Y10: =HLOOKUP(Y$5,[2]人物技能基础!$O$3:$Q$553,$C10+1,0) -> 99.964286 | Z10: =INT(((P10-AB10)*X10+(Y10+T10))*G10*J10*$D$2) -> 5020 | AA10: =IF(H10=0,IF(U10=0,INT(Q10/5),IF(V10=0,INT(Q10/5),INT((V10/U10)/(1/N10*M10)/L10+Q10))),INT((IF(U10=0,0,V10/U10/(1/N10*M10))+O10/H10)/L10+Q10)) -> 287 | AB10: =INT(P10*I10) -> 0 | AC10: =INT(K10*S10) -> 695 | AD10: =INT(R10/J10) -> 506 | AH10: 攻击=玩家防御/5，本来是攻击=玩家防御即可，这里是为了保险，以后可能调整
A11: 6 | B11: ="关卡"&A11&E11 -> 关卡6小怪 | C11: =INDEX([3]关卡!$J$19:$J$2018,A11) -> 64 | D11: =INDEX([3]关卡!$N$19:$N$2018,A11) -> 56 | E11: 小怪 | F11: 非R | G11: 1.75 | H11: 0 | I11: 0 | J11: 1 | K11: 1 | L11: 2 | M11: 15 | N11: 2 | O11: =HLOOKUP(O$5,[1]非R能力!$B$8:$F$558,$C11+1,0) -> 11767.979 | P11: =HLOOKUP(P$5,[1]非R能力!$B$8:$F$558,$C11+1,0) -> 2104.4928 | Q11: =HLOOKUP(Q$5,[1]非R能力!$B$8:$F$558,$C11+1,0) -> 1528.134 | R11: =HLOOKUP(R$5,[1]非R能力!$B$8:$F$558,$C11+1,0) -> 541.46154 | S11: =HLOOKUP(S$5,[1]非R能力!$B$8:$F$558,$C11+1,0) -> 747.83333 | T11: =INDEX([1]非R能力!$H$9:$H$558,D11) -> 0 | U11: =IF(E11="小怪",0,IF(INDEX([1]非R能力!$FK$9:$FK$558,C11)=0,0,10)) -> 0 | V11: =IF(E11="小怪",0,IF(INDEX([1]非R能力!$FH$9:$FH$558,C11)=0,0,5000)) -> 0 | W11: =HLOOKUP(W$5,[2]人物技能基础!$O$3:$Q$553,$C11+1,0) -> 3.6371429 | X11: =HLOOKUP(X$5,[2]人物技能基础!$O$3:$Q$553,$C11+1,0) -> 2.0186429 | Y11: =HLOOKUP(Y$5,[2]人物技能基础!$O$3:$Q$553,$C11+1,0) -> 99.964286 | Z11: =INT(((P11-AB11)*X11+(Y11+T11))*G11*J11*$D$2) -> 6087 | AA11: =IF(H11=0,IF(U11=0,INT(Q11/5),IF(V11=0,INT(Q11/5),INT((V11/U11)/(1/N11*M11)/L11+Q11))),INT((IF(U11=0,0,V11/U11/(1/N11*M11))+O11/H11)/L11+Q11)) -> 305 | AB11: =INT(P11*I11) -> 0 | AC11: =INT(K11*S11) -> 747 | AD11: =INT(R11/J11) -> 541 | AH11: 当回血间隔不等于0时
A12: 7 | B12: ="关卡"&A12&E12 -> 关卡7小怪 | C12: =INDEX([3]关卡!$J$19:$J$2018,A12) -> 66 | D12: =INDEX([3]关卡!$N$19:$N$2018,A12) -> 59 | E12: 小怪 | F12: 非R | G12: 2 | H12: 0 | I12: 0 | J12: 1 | K12: 1 | L12: 2 | M12: 15 | N12: 2 | O12: =HLOOKUP(O$5,[1]非R能力!$B$8:$F$558,$C12+1,0) -> 12130.373 | P12: =HLOOKUP(P$5,[1]非R能力!$B$8:$F$558,$C12+1,0) -> 2464.7268 | Q12: =HLOOKUP(Q$5,[1]非R能力!$B$8:$F$558,$C12+1,0) -> 1621.4018 | R12: =HLOOKUP(R$5,[1]非R能力!$B$8:$F$558,$C12+1,0) -> 572.07589 | S12: =HLOOKUP(S$5,[1]非R能力!$B$8:$F$558,$C12+1,0) -> 809.70376 | T12: =INDEX([1]非R能力!$H$9:$H$558,D12) -> 0 | U12: =IF(E12="小怪",0,IF(INDEX([1]非R能力!$FK$9:$FK$558,C12)=0,0,10)) -> 0 | V12: =IF(E12="小怪",0,IF(INDEX([1]非R能力!$FH$9:$FH$558,C12)=0,0,5000)) -> 0 | W12: =HLOOKUP(W$5,[2]人物技能基础!$O$3:$Q$553,$C12+1,0) -> 3.6371429 | X12: =HLOOKUP(X$5,[2]人物技能基础!$O$3:$Q$553,$C12+1,0) -> 2.0186429 | Y12: =HLOOKUP(Y$5,[2]人物技能基础!$O$3:$Q$553,$C12+1,0) -> 99.964286 | Z12: =INT(((P12-AB12)*X12+(Y12+T12))*G12*J12*$D$2) -> 8120 | AA12: =IF(H12=0,IF(U12=0,INT(Q12/5),IF(V12=0,INT(Q12/5),INT((V12/U12)/(1/N12*M12)/L12+Q12))),INT((IF(U12=0,0,V12/U12/(1/N12*M12))+O12/H12)/L12+Q12)) -> 324 | AB12: =INT(P12*I12) -> 0 | AC12: =INT(K12*S12) -> 809 | AD12: =INT(R12/J12) -> 572 | AH12: 每秒回血=回血量/回血间隔
A13: 8 | B13: ="关卡"&A13&E13 -> 关卡8小怪 | C13: =INDEX([3]关卡!$J$19:$J$2018,A13) -> 67 | D13: =INDEX([3]关卡!$N$19:$N$2018,A13) -> 60 | E13: 小怪 | F13: 非R | G13: 2.25 | H13: 0 | I13: 0 | J13: 1 | K13: 1 | L13: 2 | M13: 15 | N13: 2 | O13: =HLOOKUP(O$5,[1]非R能力!$B$8:$F$558,$C13+1,0) -> 12311.57 | P13: =HLOOKUP(P$5,[1]非R能力!$B$8:$F$558,$C13+1,0) -> 2783.6165 | Q13: =HLOOKUP(Q$5,[1]非R能力!$B$8:$F$558,$C13+1,0) -> 1668.0357 | R13: =HLOOKUP(R$5,[1]非R能力!$B$8:$F$558,$C13+1,0) -> 585.07538 | S13: =HLOOKUP(S$5,[1]非R能力!$B$8:$F$558,$C13+1,0) -> 840.63897 | T13: =INDEX([1]非R能力!$H$9:$H$558,D13) -> 0 | U13: =IF(E13="小怪",0,IF(INDEX([1]非R能力!$FK$9:$FK$558,C13)=0,0,10)) -> 0 | V13: =IF(E13="小怪",0,IF(INDEX([1]非R能力!$FH$9:$FH$558,C13)=0,0,5000)) -> 0 | W13: =HLOOKUP(W$5,[2]人物技能基础!$O$3:$Q$553,$C13+1,0) -> 3.6371429 | X13: =HLOOKUP(X$5,[2]人物技能基础!$O$3:$Q$553,$C13+1,0) -> 2.0186429 | Y13: =HLOOKUP(Y$5,[2]人物技能基础!$O$3:$Q$553,$C13+1,0) -> 99.964286 | Z13: =INT(((P13-AB13)*X13+(Y13+T13))*G13*J13*$D$2) -> 10294 | AA13: =IF(H13=0,IF(U13=0,INT(Q13/5),IF(V13=0,INT(Q13/5),INT((V13/U13)/(1/N13*M13)/L13+Q13))),INT((IF(U13=0,0,V13/U13/(1/N13*M13))+O13/H13)/L13+Q13)) -> 333 | AB13: =INT(P13*I13) -> 0 | AC13: =INT(K13*S13) -> 840 | AD13: =INT(R13/J13) -> 585 | AH13: 每秒被攻击次数=1/攻击间隔*怪物数量
A14: 9 | B14: ="关卡"&A14&E14 -> 关卡9小怪 | C14: =INDEX([3]关卡!$J$19:$J$2018,A14) -> 69 | D14: =INDEX([3]关卡!$N$19:$N$2018,A14) -> 63 | E14: 小怪 | F14: 非R | G14: 2.5 | H14: 0 | I14: 0 | J14: 1 | K14: 1 | L14: 2 | M14: 15 | N14: 2 | O14: =HLOOKUP(O$5,[1]非R能力!$B$8:$F$558,$C14+1,0) -> 12673.963 | P14: =HLOOKUP(P$5,[1]非R能力!$B$8:$F$558,$C14+1,0) -> 3166.3959 | Q14: =HLOOKUP(Q$5,[1]非R能力!$B$8:$F$558,$C14+1,0) -> 1761.3035 | R14: =HLOOKUP(R$5,[1]非R能力!$B$8:$F$558,$C14+1,0) -> 611.07435 | S14: =HLOOKUP(S$5,[1]非R能力!$B$8:$F$558,$C14+1,0) -> 902.50939 | T14: =INDEX([1]非R能力!$H$9:$H$558,D14) -> 0 | U14: =IF(E14="小怪",0,IF(INDEX([1]非R能力!$FK$9:$FK$558,C14)=0,0,10)) -> 0 | V14: =IF(E14="小怪",0,IF(INDEX([1]非R能力!$FH$9:$FH$558,C14)=0,0,5000)) -> 0 | W14: =HLOOKUP(W$5,[2]人物技能基础!$O$3:$Q$553,$C14+1,0) -> 3.6371429 | X14: =HLOOKUP(X$5,[2]人物技能基础!$O$3:$Q$553,$C14+1,0) -> 2.0186429 | Y14: =HLOOKUP(Y$5,[2]人物技能基础!$O$3:$Q$553,$C14+1,0) -> 99.964286 | Z14: =INT(((P14-AB14)*X14+(Y14+T14))*G14*J14*$D$2) -> 12983 | AA14: =IF(H14=0,IF(U14=0,INT(Q14/5),IF(V14=0,INT(Q14/5),INT((V14/U14)/(1/N14*M14)/L14+Q14))),INT((IF(U14=0,0,V14/U14/(1/N14*M14))+O14/H14)/L14+Q14)) -> 352 | AB14: =INT(P14*I14) -> 0 | AC14: =INT(K14*S14) -> 902 | AD14: =INT(R14/J14) -> 611 | AH14: 每次攻击扣血=每秒回血/每秒被攻击次数
A15: 10 | B15: ="关卡"&A15&E15 -> 关卡10小怪 | C15: =INDEX([3]关卡!$J$19:$J$2018,A15) -> 70 | D15: =INDEX([3]关卡!$N$19:$N$2018,A15) -> 64 | E15: 小怪 | F15: 非R | G15: 2.75 | H15: 0 | I15: 0 | J15: 1 | K15: 1 | L15: 2 | M15: 15 | N15: 2 | O15: =HLOOKUP(O$5,[1]非R能力!$B$8:$F$558,$C15+1,0) -> 12949.476 | P15: =HLOOKUP(P$5,[1]非R能力!$B$8:$F$558,$C15+1,0) -> 3264.1862 | Q15: =HLOOKUP(Q$5,[1]非R能力!$B$8:$F$558,$C15+1,0) -> 1811.8673 | R15: =HLOOKUP(R$5,[1]非R能力!$B$8:$F$558,$C15+1,0) -> 624.07384 | S15: =HLOOKUP(S$5,[1]非R能力!$B$8:$F$558,$C15+1,0) -> 910.38905 | T15: =INDEX([1]非R能力!$H$9:$H$558,D15) -> 0 | U15: =IF(E15="小怪",0,IF(INDEX([1]非R能力!$FK$9:$FK$558,C15)=0,0,10)) -> 0 | V15: =IF(E15="小怪",0,IF(INDEX([1]非R能力!$FH$9:$FH$558,C15)=0,0,5000)) -> 0 | W15: =HLOOKUP(W$5,[2]人物技能基础!$O$3:$Q$553,$C15+1,0) -> 3.6371429 | X15: =HLOOKUP(X$5,[2]人物技能基础!$O$3:$Q$553,$C15+1,0) -> 2.0186429 | Y15: =HLOOKUP(Y$5,[2]人物技能基础!$O$3:$Q$553,$C15+1,0) -> 99.964286 | Z15: =INT(((P15-AB15)*X15+(Y15+T15))*G15*J15*$D$2) -> 14716 | AA15: =IF(H15=0,IF(U15=0,INT(Q15/5),IF(V15=0,INT(Q15/5),INT((V15/U15)/(1/N15*M15)/L15+Q15))),INT((IF(U15=0,0,V15/U15/(1/N15*M15))+O15/H15)/L15+Q15)) -> 362 | AB15: =INT(P15*I15) -> 0 | AC15: =INT(K15*S15) -> 910 | AD15: =INT(R15/J15) -> 624 | AH15: 攻击=（每次攻击扣血-怪物固定伤害【这个以后加】）/怪物技能系数+玩家防御
A16: 11 | B16: ="关卡"&A16&E16 -> 关卡11小怪 | C16: =INDEX([3]关卡!$J$19:$J$2018,A16) -> 72 | D16: =INDEX([3]关卡!$N$19:$N$2018,A16) -> 67 | E16: 小怪 | F16: 非R | G16: 3 | H16: 0 | I16: 0 | J16: 1 | K16: 1 | L16: 2 | M16: 15 | N16: 2 | O16: =HLOOKUP(O$5,[1]非R能力!$B$8:$F$558,$C16+1,0) -> 13500.501 | P16: =HLOOKUP(P$5,[1]非R能力!$B$8:$F$558,$C16+1,0) -> 3459.7668 | Q16: =HLOOKUP(Q$5,[1]非R能力!$B$8:$F$558,$C16+1,0) -> 1912.9947 | R16: =HLOOKUP(R$5,[1]非R能力!$B$8:$F$558,$C16+1,0) -> 650.07281 | S16: =HLOOKUP(S$5,[1]非R能力!$B$8:$F$558,$C16+1,0) -> 926.14836 | T16: =INDEX([1]非R能力!$H$9:$H$558,D16) -> 28.459063 | U16: =IF(E16="小怪",0,IF(INDEX([1]非R能力!$FK$9:$FK$558,C16)=0,0,10)) -> 0 | V16: =IF(E16="小怪",0,IF(INDEX([1]非R能力!$FH$9:$FH$558,C16)=0,0,5000)) -> 0 | W16: =HLOOKUP(W$5,[2]人物技能基础!$O$3:$Q$553,$C16+1,0) -> 3.6371429 | X16: =HLOOKUP(X$5,[2]人物技能基础!$O$3:$Q$553,$C16+1,0) -> 2.0186429 | Y16: =HLOOKUP(Y$5,[2]人物技能基础!$O$3:$Q$553,$C16+1,0) -> 99.964286 | Z16: =INT(((P16-AB16)*X16+(Y16+T16))*G16*J16*$D$2) -> 17069 | AA16: =IF(H16=0,IF(U16=0,INT(Q16/5),IF(V16=0,INT(Q16/5),INT((V16/U16)/(1/N16*M16)/L16+Q16))),INT((IF(U16=0,0,V16/U16/(1/N16*M16))+O16/H16)/L16+Q16)) -> 382 | AB16: =INT(P16*I16) -> 0 | AC16: =INT(K16*S16) -> 926 | AD16: =INT(R16/J16) -> 650 | AG16: 当玩家受击不等于0时
A17: 12 | B17: ="关卡"&A17&E17 -> 关卡12小怪 | C17: =INDEX([3]关卡!$J$19:$J$2018,A17) -> 73 | D17: =INDEX([3]关卡!$N$19:$N$2018,A17) -> 68 | E17: 小怪 | F17: 非R | G17: 3 | H17: 0 | I17: 0 | J17: 1 | K17: 1 | L17: 2 | M17: 15 | N17: 2 | O17: =HLOOKUP(O$5,[1]非R能力!$B$8:$F$558,$C17+1,0) -> 13776.014 | P17: =HLOOKUP(P$5,[1]非R能力!$B$8:$F$558,$C17+1,0) -> 3557.5571 | Q17: =HLOOKUP(Q$5,[1]非R能力!$B$8:$F$558,$C17+1,0) -> 1963.5585 | R17: =HLOOKUP(R$5,[1]非R能力!$B$8:$F$558,$C17+1,0) -> 663.07229 | S17: =HLOOKUP(S$5,[1]非R能力!$B$8:$F$558,$C17+1,0) -> 934.02801 | T17: =INDEX([1]非R能力!$H$9:$H$558,D17) -> 28.459063 | U17: =IF(E17="小怪",0,IF(INDEX([1]非R能力!$FK$9:$FK$558,C17)=0,0,10)) -> 0 | V17: =IF(E17="小怪",0,IF(INDEX([1]非R能力!$FH$9:$FH$558,C17)=0,0,5000)) -> 0 | W17: =HLOOKUP(W$5,[2]人物技能基础!$O$3:$Q$553,$C17+1,0) -> 3.6371429 | X17: =HLOOKUP(X$5,[2]人物技能基础!$O$3:$Q$553,$C17+1,0) -> 2.0186429 | Y17: =HLOOKUP(Y$5,[2]人物技能基础!$O$3:$Q$553,$C17+1,0) -> 99.964286 | Z17: =INT(((P17-AB17)*X17+(Y17+T17))*G17*J17*$D$2) -> 17543 | AA17: =IF(H17=0,IF(U17=0,INT(Q17/5),IF(V17=0,INT(Q17/5),INT((V17/U17)/(1/N17*M17)/L17+Q17))),INT((IF(U17=0,0,V17/U17/(1/N17*M17))+O17/H17)/L17+Q17)) -> 392 | AB17: =INT(P17*I17) -> 0 | AC17: =INT(K17*S17) -> 934 | AD17: =INT(R17/J17) -> 663 | AH17: 每秒回血=回血量/回血间隔
A18: 13 | B18: ="关卡"&A18&E18 -> 关卡13小怪 | C18: =INDEX([3]关卡!$J$19:$J$2018,A18) -> 74 | D18: =INDEX([3]关卡!$N$19:$N$2018,A18) -> 70 | E18: 小怪 | F18: 非R | G18: 3 | H18: 0 | I18: 0 | J18: 1 | K18: 1 | L18: 2 | M18: 15 | N18: 2 | O18: =HLOOKUP(O$5,[1]非R能力!$B$8:$F$558,$C18+1,0) -> 14051.527 | P18: =HLOOKUP(P$5,[1]非R能力!$B$8:$F$558,$C18+1,0) -> 3655.3474 | Q18: =HLOOKUP(Q$5,[1]非R能力!$B$8:$F$558,$C18+1,0) -> 2014.1222 | R18: =HLOOKUP(R$5,[1]非R能力!$B$8:$F$558,$C18+1,0) -> 676.07178 | S18: =HLOOKUP(S$5,[1]非R能力!$B$8:$F$558,$C18+1,0) -> 941.90767 | T18: =INDEX([1]非R能力!$H$9:$H$558,D18) -> 28.459063 | U18: =IF(E18="小怪",0,IF(INDEX([1]非R能力!$FK$9:$FK$558,C18)=0,0,10)) -> 0 | V18: =IF(E18="小怪",0,IF(INDEX([1]非R能力!$FH$9:$FH$558,C18)=0,0,5000)) -> 0 | W18: =HLOOKUP(W$5,[2]人物技能基础!$O$3:$Q$553,$C18+1,0) -> 3.6371429 | X18: =HLOOKUP(X$5,[2]人物技能基础!$O$3:$Q$553,$C18+1,0) -> 2.0186429 | Y18: =HLOOKUP(Y$5,[2]人物技能基础!$O$3:$Q$553,$C18+1,0) -> 99.964286 | Z18: =INT(((P18-AB18)*X18+(Y18+T18))*G18*J18*$D$2) -> 18017 | AA18: =IF(H18=0,IF(U18=0,INT(Q18/5),IF(V18=0,INT(Q18/5),INT((V18/U18)/(1/N18*M18)/L18+Q18))),INT((IF(U18=0,0,V18/U18/(1/N18*M18))+O18/H18)/L18+Q18)) -> 402 | AB18: =INT(P18*I18) -> 0 | AC18: =INT(K18*S18) -> 941 | AD18: =INT(R18/J18) -> 676 | AH18: 每秒被攻击次数=1/攻击间隔*怪物数量
A19: 14 | B19: ="关卡"&A19&E19 -> 关卡14小怪 | C19: =INDEX([3]关卡!$J$19:$J$2018,A19) -> 75 | D19: =INDEX([3]关卡!$N$19:$N$2018,A19) -> 71 | E19: 小怪 | F19: 非R | G19: 3 | H19: 0 | I19: 0 | J19: 1 | K19: 1 | L19: 2 | M19: 15 | N19: 2 | O19: =HLOOKUP(O$5,[1]非R能力!$B$8:$F$558,$C19+1,0) -> 14327.039 | P19: =HLOOKUP(P$5,[1]非R能力!$B$8:$F$558,$C19+1,0) -> 3753.1377 | Q19: =HLOOKUP(Q$5,[1]非R能力!$B$8:$F$558,$C19+1,0) -> 2064.6859 | R19: =HLOOKUP(R$5,[1]非R能力!$B$8:$F$558,$C19+1,0) -> 689.07126 | S19: =HLOOKUP(S$5,[1]非R能力!$B$8:$F$558,$C19+1,0) -> 949.78732 | T19: =INDEX([1]非R能力!$H$9:$H$558,D19) -> 28.459063 | U19: =IF(E19="小怪",0,IF(INDEX([1]非R能力!$FK$9:$FK$558,C19)=0,0,10)) -> 0 | V19: =IF(E19="小怪",0,IF(INDEX([1]非R能力!$FH$9:$FH$558,C19)=0,0,5000)) -> 0 | W19: =HLOOKUP(W$5,[2]人物技能基础!$O$3:$Q$553,$C19+1,0) -> 3.6371429 | X19: =HLOOKUP(X$5,[2]人物技能基础!$O$3:$Q$553,$C19+1,0) -> 2.0186429 | Y19: =HLOOKUP(Y$5,[2]人物技能基础!$O$3:$Q$553,$C19+1,0) -> 99.964286 | Z19: =INT(((P19-AB19)*X19+(Y19+T19))*G19*J19*$D$2) -> 18491 | AA19: =IF(H19=0,IF(U19=0,INT(Q19/5),IF(V19=0,INT(Q19/5),INT((V19/U19)/(1/N19*M19)/L19+Q19))),INT((IF(U19=0,0,V19/U19/(1/N19*M19))+O19/H19)/L19+Q19)) -> 412 | AB19: =INT(P19*I19) -> 0 | AC19: =INT(K19*S19) -> 949 | AD19: =INT(R19/J19) -> 689 | AH19: 每次攻击扣血=每秒回血/每秒被攻击次数+玩家血量/玩家受击次数
A20: 15 | B20: ="关卡"&A20&E20 -> 关卡15小怪 | C20: =INDEX([3]关卡!$J$19:$J$2018,A20) -> 76 | D20: =INDEX([3]关卡!$N$19:$N$2018,A20) -> 73 | E20: 小怪 | F20: 非R | G20: 3 | H20: 0 | I20: 0 | J20: 1 | K20: 1 | L20: 2 | M20: 15 | N20: 2 | O20: =HLOOKUP(O$5,[1]非R能力!$B$8:$F$558,$C20+1,0) -> 14602.552 | P20: =HLOOKUP(P$5,[1]非R能力!$B$8:$F$558,$C20+1,0) -> 3850.928 | Q20: =HLOOKUP(Q$5,[1]非R能力!$B$8:$F$558,$C20+1,0) -> 2115.2497 | R20: =HLOOKUP(R$5,[1]非R能力!$B$8:$F$558,$C20+1,0) -> 702.07075 | S20: =HLOOKUP(S$5,[1]非R能力!$B$8:$F$558,$C20+1,0) -> 957.66698 | T20: =INDEX([1]非R能力!$H$9:$H$558,D20) -> 57.022275 | U20: =IF(E20="小怪",0,IF(INDEX([1]非R能力!$FK$9:$FK$558,C20)=0,0,10)) -> 0 | V20: =IF(E20="小怪",0,IF(INDEX([1]非R能力!$FH$9:$FH$558,C20)=0,0,5000)) -> 0 | W20: =HLOOKUP(W$5,[2]人物技能基础!$O$3:$Q$553,$C20+1,0) -> 3.6371429 | X20: =HLOOKUP(X$5,[2]人物技能基础!$O$3:$Q$553,$C20+1,0) -> 2.0186429 | Y20: =HLOOKUP(Y$5,[2]人物技能基础!$O$3:$Q$553,$C20+1,0) -> 99.964286 | Z20: =INT(((P20-AB20)*X20+(Y20+T20))*G20*J20*$D$2) -> 19033 | AA20: =IF(H20=0,IF(U20=0,INT(Q20/5),IF(V20=0,INT(Q20/5),INT((V20/U20)/(1/N20*M20)/L20+Q20))),INT((IF(U20=0,0,V20/U20/(1/N20*M20))+O20/H20)/L20+Q20)) -> 423 | AB20: =INT(P20*I20) -> 0 | AC20: =INT(K20*S20) -> 957 | AD20: =INT(R20/J20) -> 702 | AH20: 攻击=（每次攻击扣血-怪物固定伤害【这个以后加】）/怪物技能系数+玩家防御
A21: 16 | B21: ="关卡"&A21&E21 -> 关卡16小怪 | C21: =INDEX([3]关卡!$J$19:$J$2018,A21) -> 76 | D21: =INDEX([3]关卡!$N$19:$N$2018,A21) -> 73 | E21: 小怪 | F21: 非R | G21: 3 | H21: 0 | I21: 0 | J21: 1 | K21: 1 | L21: 2 | M21: 15 | N21: 2 | O21: =HLOOKUP(O$5,[1]非R能力!$B$8:$F$558,$C21+1,0) -> 14602.552 | P21: =HLOOKUP(P$5,[1]非R能力!$B$8:$F$558,$C21+1,0) -> 3850.928 | Q21: =HLOOKUP(Q$5,[1]非R能力!$B$8:$F$558,$C21+1,0) -> 2115.2497 | R21: =HLOOKUP(R$5,[1]非R能力!$B$8:$F$558,$C21+1,0) -> 702.07075 | S21: =HLOOKUP(S$5,[1]非R能力!$B$8:$F$558,$C21+1,0) -> 957.66698 | T21: =INDEX([1]非R能力!$H$9:$H$558,D21) -> 57.022275 | U21: =IF(E21="小怪",0,IF(INDEX([1]非R能力!$FK$9:$FK$558,C21)=0,0,10)) -> 0 | V21: =IF(E21="小怪",0,IF(INDEX([1]非R能力!$FH$9:$FH$558,C21)=0,0,5000)) -> 0 | W21: =HLOOKUP(W$5,[2]人物技能基础!$O$3:$Q$553,$C21+1,0) -> 3.6371429 | X21: =HLOOKUP(X$5,[2]人物技能基础!$O$3:$Q$553,$C21+1,0) -> 2.0186429 | Y21: =HLOOKUP(Y$5,[2]人物技能基础!$O$3:$Q$553,$C21+1,0) -> 99.964286 | Z21: =INT(((P21-AB21)*X21+(Y21+T21))*G21*J21*$D$2) -> 19033 | AA21: =IF(H21=0,IF(U21=0,INT(Q21/5),IF(V21=0,INT(Q21/5),INT((V21/U21)/(1/N21*M21)/L21+Q21))),INT((IF(U21=0,0,V21/U21/(1/N21*M21))+O21/H21)/L21+Q21)) -> 423 | AB21: =INT(P21*I21) -> 0 | AC21: =INT(K21*S21) -> 957 | AD21: =INT(R21/J21) -> 702 | AF21: 命中 | AG21: 怪物对玩家命中率*玩家闪避
A22: 17 | B22: ="关卡"&A22&E22 -> 关卡17小怪 | C22: =INDEX([3]关卡!$J$19:$J$2018,A22) -> 77 | D22: =INDEX([3]关卡!$N$19:$N$2018,A22) -> 74 | E22: 小怪 | F22: 非R | G22: 3 | H22: 0 | I22: 0 | J22: 1 | K22: 1 | L22: 2 | M22: 15 | N22: 2 | O22: =HLOOKUP(O$5,[1]非R能力!$B$8:$F$558,$C22+1,0) -> 14878.065 | P22: =HLOOKUP(P$5,[1]非R能力!$B$8:$F$558,$C22+1,0) -> 3948.7183 | Q22: =HLOOKUP(Q$5,[1]非R能力!$B$8:$F$558,$C22+1,0) -> 2165.8134 | R22: =HLOOKUP(R$5,[1]非R能力!$B$8:$F$558,$C22+1,0) -> 715.07023 | S22: =HLOOKUP(S$5,[1]非R能力!$B$8:$F$558,$C22+1,0) -> 965.54664 | T22: =INDEX([1]非R能力!$H$9:$H$558,D22) -> 57.022275 | U22: =IF(E22="小怪",0,IF(INDEX([1]非R能力!$FK$9:$FK$558,C22)=0,0,10)) -> 0 | V22: =IF(E22="小怪",0,IF(INDEX([1]非R能力!$FH$9:$FH$558,C22)=0,0,5000)) -> 0 | W22: =HLOOKUP(W$5,[2]人物技能基础!$O$3:$Q$553,$C22+1,0) -> 3.6371429 | X22: =HLOOKUP(X$5,[2]人物技能基础!$O$3:$Q$553,$C22+1,0) -> 2.0186429 | Y22: =HLOOKUP(Y$5,[2]人物技能基础!$O$3:$Q$553,$C22+1,0) -> 99.964286 | Z22: =INT(((P22-AB22)*X22+(Y22+T22))*G22*J22*$D$2) -> 19507 | AA22: =IF(H22=0,IF(U22=0,INT(Q22/5),IF(V22=0,INT(Q22/5),INT((V22/U22)/(1/N22*M22)/L22+Q22))),INT((IF(U22=0,0,V22/U22/(1/N22*M22))+O22/H22)/L22+Q22)) -> 433 | AB22: =INT(P22*I22) -> 0 | AC22: =INT(K22*S22) -> 965 | AD22: =INT(R22/J22) -> 715 | AF22: 闪避 | AG22: 玩家命中/玩家对怪物命中
A23: 18 | B23: ="关卡"&A23&E23 -> 关卡18小怪 | C23: =INDEX([3]关卡!$J$19:$J$2018,A23) -> 78 | D23: =INDEX([3]关卡!$N$19:$N$2018,A23) -> 76 | E23: 小怪 | F23: 非R | G23: 3 | H23: 0 | I23: 0 | J23: 1 | K23: 1 | L23: 2 | M23: 15 | N23: 2 | O23: =HLOOKUP(O$5,[1]非R能力!$B$8:$F$558,$C23+1,0) -> 15153.577 | P23: =HLOOKUP(P$5,[1]非R能力!$B$8:$F$558,$C23+1,0) -> 4046.5086 | Q23: =HLOOKUP(Q$5,[1]非R能力!$B$8:$F$558,$C23+1,0) -> 2216.3772 | R23: =HLOOKUP(R$5,[1]非R能力!$B$8:$F$558,$C23+1,0) -> 728.06972 | S23: =HLOOKUP(S$5,[1]非R能力!$B$8:$F$558,$C23+1,0) -> 973.42629 | T23: =INDEX([1]非R能力!$H$9:$H$558,D23) -> 57.022275 | U23: =IF(E23="小怪",0,IF(INDEX([1]非R能力!$FK$9:$FK$558,C23)=0,0,10)) -> 0 | V23: =IF(E23="小怪",0,IF(INDEX([1]非R能力!$FH$9:$FH$558,C23)=0,0,5000)) -> 0 | W23: =HLOOKUP(W$5,[2]人物技能基础!$O$3:$Q$553,$C23+1,0) -> 3.6371429 | X23: =HLOOKUP(X$5,[2]人物技能基础!$O$3:$Q$553,$C23+1,0) -> 2.0186429 | Y23: =HLOOKUP(Y$5,[2]人物技能基础!$O$3:$Q$553,$C23+1,0) -> 99.964286 | Z23: =INT(((P23-AB23)*X23+(Y23+T23))*G23*J23*$D$2) -> 19981 | AA23: =IF(H23=0,IF(U23=0,INT(Q23/5),IF(V23=0,INT(Q23/5),INT((V23/U23)/(1/N23*M23)/L23+Q23))),INT((IF(U23=0,0,V23/U23/(1/N23*M23))+O23/H23)/L23+Q23)) -> 443 | AB23: =INT(P23*I23) -> 0 | AC23: =INT(K23*S23) -> 973 | AD23: =INT(R23/J23) -> 728
A24: 19 | B24: ="关卡"&A24&E24 -> 关卡19小怪 | C24: =INDEX([3]关卡!$J$19:$J$2018,A24) -> 93 | D24: =INDEX([3]关卡!$N$19:$N$2018,A24) -> 93 | E24: 小怪 | F24: 非R | G24: 3 | H24: 0 | I24: 0 | J24: 1 | K24: 1 | L24: 2 | M24: 15 | N24: 2 | O24: =HLOOKUP(O$5,[1]非R能力!$B$8:$F$558,$C24+1,0) -> 29232.008 | P24: =HLOOKUP(P$5,[1]非R能力!$B$8:$F$558,$C24+1,0) -> 7406.1151 | Q24: =HLOOKUP(Q$5,[1]非R能力!$B$8:$F$558,$C24+1,0) -> 4079.2834 | R24: =HLOOKUP(R$5,[1]非R能力!$B$8:$F$558,$C24+1,0) -> 1192.1403 | S24: =HLOOKUP(S$5,[1]非R能力!$B$8:$F$558,$C24+1,0) -> 1643.868 | T24: =INDEX([1]非R能力!$H$9:$H$558,D24) -> 85.690488 | U24: =IF(E24="小怪",0,IF(INDEX([1]非R能力!$FK$9:$FK$558,C24)=0,0,10)) -> 0 | V24: =IF(E24="小怪",0,IF(INDEX([1]非R能力!$FH$9:$FH$558,C24)=0,0,5000)) -> 0 | W24: =HLOOKUP(W$5,[2]人物技能基础!$O$3:$Q$553,$C24+1,0) -> 3.6371429 | X24: =HLOOKUP(X$5,[2]人物技能基础!$O$3:$Q$553,$C24+1,0) -> 2.0186429 | Y24: =HLOOKUP(Y$5,[2]人物技能基础!$O$3:$Q$553,$C24+1,0) -> 99.964286 | Z24: =INT(((P24-AB24)*X24+(Y24+T24))*G24*J24*$D$2) -> 36326 | AA24: =IF(H24=0,IF(U24=0,INT(Q24/5),IF(V24=0,INT(Q24/5),INT((V24/U24)/(1/N24*M24)/L24+Q24))),INT((IF(U24=0,0,V24/U24/(1/N24*M24))+O24/H24)/L24+Q24)) -> 815 | AB24: =INT(P24*I24) -> 0 | AC24: =INT(K24*S24) -> 1643 | AD24: =INT(R24/J24) -> 1192
A25: 20 | B25: ="关卡"&A25&E25 -> 关卡20小怪 | C25: =INDEX([3]关卡!$J$19:$J$2018,A25) -> 85 | D25: =INDEX([3]关卡!$N$19:$N$2018,A25) -> 85 | E25: 小怪 | F25: 非R | G25: 3 | H25: 0 | I25: 0 | J25: 1 | K25: 1 | L25: 2 | M25: 15 | N25: 2 | O25: =HLOOKUP(O$5,[1]非R能力!$B$8:$F$558,$C25+1,0) -> 23084.677 | P25: =HLOOKUP(P$5,[1]非R能力!$B$8:$F$558,$C25+1,0) -> 5832.4081 | Q25: =HLOOKUP(Q$5,[1]非R能力!$B$8:$F$558,$C25+1,0) -> 3127.3318 | R25: =HLOOKUP(R$5,[1]非R能力!$B$8:$F$558,$C25+1,0) -> 960.20929 | S25: =HLOOKUP(S$5,[1]非R能力!$B$8:$F$558,$C25+1,0) -> 1345.3545 | T25: =INDEX([1]非R能力!$H$9:$H$558,D25) -> 85.690488 | U25: =IF(E25="小怪",0,IF(INDEX([1]非R能力!$FK$9:$FK$558,C25)=0,0,10)) -> 0 | V25: =IF(E25="小怪",0,IF(INDEX([1]非R能力!$FH$9:$FH$558,C25)=0,0,5000)) -> 0 | W25: =HLOOKUP(W$5,[2]人物技能基础!$O$3:$Q$553,$C25+1,0) -> 3.6371429 | X25: =HLOOKUP(X$5,[2]人物技能基础!$O$3:$Q$553,$C25+1,0) -> 2.0186429 | Y25: =HLOOKUP(Y$5,[2]人物技能基础!$O$3:$Q$553,$C25+1,0) -> 99.964286 | Z25: =INT(((P25-AB25)*X25+(Y25+T25))*G25*J25*$D$2) -> 28702 | AA25: =IF(H25=0,IF(U25=0,INT(Q25/5),IF(V25=0,INT(Q25/5),INT((V25/U25)/(1/N25*M25)/L25+Q25))),INT((IF(U25=0,0,V25/U25/(1/N25*M25))+O25/H25)/L25+Q25)) -> 625 | AB25: =INT(P25*I25) -> 0 | AC25: =INT(K25*S25) -> 1345 | AD25: =INT(R25/J25) -> 960
A26: 21 | B26: ="关卡"&A26&E26 -> 关卡21小怪 | C26: =INDEX([3]关卡!$J$19:$J$2018,A26) -> 86 | D26: =INDEX([3]关卡!$N$19:$N$2018,A26) -> 86 | E26: 小怪 | F26: 非R | G26: 3 | H26: 0 | I26: 0 | J26: 1 | K26: 1 | L26: 2 | M26: 15 | N26: 2 | O26: =HLOOKUP(O$5,[1]非R能力!$B$8:$F$558,$C26+1,0) -> 24475.237 | P26: =HLOOKUP(P$5,[1]非R能力!$B$8:$F$558,$C26+1,0) -> 6288.2963 | Q26: =HLOOKUP(Q$5,[1]非R能力!$B$8:$F$558,$C26+1,0) -> 3242.2644 | R26: =HLOOKUP(R$5,[1]非R能力!$B$8:$F$558,$C26+1,0) -> 1006.73 | S26: =HLOOKUP(S$5,[1]非R能力!$B$8:$F$558,$C26+1,0) -> 1472.8432 | T26: =INDEX([1]非R能力!$H$9:$H$558,D26) -> 85.690488 | U26: =IF(E26="小怪",0,IF(INDEX([1]非R能力!$FK$9:$FK$558,C26)=0,0,10)) -> 0 | V26: =IF(E26="小怪",0,IF(INDEX([1]非R能力!$FH$9:$FH$558,C26)=0,0,5000)) -> 0 | W26: =HLOOKUP(W$5,[2]人物技能基础!$O$3:$Q$553,$C26+1,0) -> 3.6371429 | X26: =HLOOKUP(X$5,[2]人物技能基础!$O$3:$Q$553,$C26+1,0) -> 2.0186429 | Y26: =HLOOKUP(Y$5,[2]人物技能基础!$O$3:$Q$553,$C26+1,0) -> 99.964286 | Z26: =INT(((P26-AB26)*X26+(Y26+T26))*G26*J26*$D$2) -> 30910 | AA26: =IF(H26=0,IF(U26=0,INT(Q26/5),IF(V26=0,INT(Q26/5),INT((V26/U26)/(1/N26*M26)/L26+Q26))),INT((IF(U26=0,0,V26/U26/(1/N26*M26))+O26/H26)/L26+Q26)) -> 648 | AB26: =INT(P26*I26) -> 0 | AC26: =INT(K26*S26) -> 1472 | AD26: =INT(R26/J26) -> 1006
A27: 22 | B27: ="关卡"&A27&E27 -> 关卡22小怪 | C27: =INDEX([3]关卡!$J$19:$J$2018,A27) -> 87 | D27: =INDEX([3]关卡!$N$19:$N$2018,A27) -> 87 | E27: 小怪 | F27: 非R | G27: 3 | H27: 0 | I27: 0 | J27: 1 | K27: 1 | L27: 2 | M27: 15 | N27: 2 | O27: =HLOOKUP(O$5,[1]非R能力!$B$8:$F$558,$C27+1,0) -> 26027.31 | P27: =HLOOKUP(P$5,[1]非R能力!$B$8:$F$558,$C27+1,0) -> 6483.5662 | Q27: =HLOOKUP(Q$5,[1]非R能力!$B$8:$F$558,$C27+1,0) -> 3344.0008 | R27: =HLOOKUP(R$5,[1]非R能力!$B$8:$F$558,$C27+1,0) -> 1053.2531 | S27: =HLOOKUP(S$5,[1]非R能力!$B$8:$F$558,$C27+1,0) -> 1497.2686 | T27: =INDEX([1]非R能力!$H$9:$H$558,D27) -> 85.690488 | U27: =IF(E27="小怪",0,IF(INDEX([1]非R能力!$FK$9:$FK$558,C27)=0,0,10)) -> 0 | V27: =IF(E27="小怪",0,IF(INDEX([1]非R能力!$FH$9:$FH$558,C27)=0,0,5000)) -> 0 | W27: =HLOOKUP(W$5,[2]人物技能基础!$O$3:$Q$553,$C27+1,0) -> 3.6371429 | X27: =HLOOKUP(X$5,[2]人物技能基础!$O$3:$Q$553,$C27+1,0) -> 2.0186429 | Y27: =HLOOKUP(Y$5,[2]人物技能基础!$O$3:$Q$553,$C27+1,0) -> 99.964286 | Z27: =INT(((P27-AB27)*X27+(Y27+T27))*G27*J27*$D$2) -> 31856 | AA27: =IF(H27=0,IF(U27=0,INT(Q27/5),IF(V27=0,INT(Q27/5),INT((V27/U27)/(1/N27*M27)/L27+Q27))),INT((IF(U27=0,0,V27/U27/(1/N27*M27))+O27/H27)/L27+Q27)) -> 668 | AB27: =INT(P27*I27) -> 0 | AC27: =INT(K27*S27) -> 1497 | AD27: =INT(R27/J27) -> 1053
A28: 23 | B28: ="关卡"&A28&E28 -> 关卡23小怪 | C28: =INDEX([3]关卡!$J$19:$J$2018,A28) -> 88 | D28: =INDEX([3]关卡!$N$19:$N$2018,A28) -> 88 | E28: 小怪 | F28: 非R | G28: 3 | H28: 0 | I28: 0 | J28: 1 | K28: 1 | L28: 2 | M28: 15 | N28: 2 | O28: =HLOOKUP(O$5,[1]非R能力!$B$8:$F$558,$C28+1,0) -> 26791.306 | P28: =HLOOKUP(P$5,[1]非R能力!$B$8:$F$558,$C28+1,0) -> 6678.8465 | Q28: =HLOOKUP(Q$5,[1]非R能力!$B$8:$F$558,$C28+1,0) -> 3769.5999 | R28: =HLOOKUP(R$5,[1]非R能力!$B$8:$F$558,$C28+1,0) -> 1099.7785 | S28: =HLOOKUP(S$5,[1]非R能力!$B$8:$F$558,$C28+1,0) -> 1521.6952 | T28: =INDEX([1]非R能力!$H$9:$H$558,D28) -> 85.690488 | U28: =IF(E28="小怪",0,IF(INDEX([1]非R能力!$FK$9:$FK$558,C28)=0,0,10)) -> 0 | V28: =IF(E28="小怪",0,IF(INDEX([1]非R能力!$FH$9:$FH$558,C28)=0,0,5000)) -> 0 | W28: =HLOOKUP(W$5,[2]人物技能基础!$O$3:$Q$553,$C28+1,0) -> 3.6371429 | X28: =HLOOKUP(X$5,[2]人物技能基础!$O$3:$Q$553,$C28+1,0) -> 2.0186429 | Y28: =HLOOKUP(Y$5,[2]人物技能基础!$O$3:$Q$553,$C28+1,0) -> 99.964286 | Z28: =INT(((P28-AB28)*X28+(Y28+T28))*G28*J28*$D$2) -> 32802 | AA28: =IF(H28=0,IF(U28=0,INT(Q28/5),IF(V28=0,INT(Q28/5),INT((V28/U28)/(1/N28*M28)/L28+Q28))),INT((IF(U28=0,0,V28/U28/(1/N28*M28))+O28/H28)/L28+Q28)) -> 753 | AB28: =INT(P28*I28) -> 0 | AC28: =INT(K28*S28) -> 1521 | AD28: =INT(R28/J28) -> 1099
A29: 24 | B29: ="关卡"&A29&E29 -> 关卡24小怪 | C29: =INDEX([3]关卡!$J$19:$J$2018,A29) -> 89 | D29: =INDEX([3]关卡!$N$19:$N$2018,A29) -> 89 | E29: 小怪 | F29: 非R | G29: 3 | H29: 0 | I29: 0 | J29: 1 | K29: 1 | L29: 2 | M29: 15 | N29: 2 | O29: =HLOOKUP(O$5,[1]非R能力!$B$8:$F$558,$C29+1,0) -> 27256.818 | P29: =HLOOKUP(P$5,[1]非R能力!$B$8:$F$558,$C29+1,0) -> 6874.5761 | Q29: =HLOOKUP(Q$5,[1]非R能力!$B$8:$F$558,$C29+1,0) -> 3832.4978 | R29: =HLOOKUP(R$5,[1]非R能力!$B$8:$F$558,$C29+1,0) -> 1118.2451 | S29: =HLOOKUP(S$5,[1]非R能力!$B$8:$F$558,$C29+1,0) -> 1546.1229 | T29: =INDEX([1]非R能力!$H$9:$H$558,D29) -> 85.690488 | U29: =IF(E29="小怪",0,IF(INDEX([1]非R能力!$FK$9:$FK$558,C29)=0,0,10)) -> 0 | V29: =IF(E29="小怪",0,IF(INDEX([1]非R能力!$FH$9:$FH$558,C29)=0,0,5000)) -> 0 | W29: =HLOOKUP(W$5,[2]人物技能基础!$O$3:$Q$553,$C29+1,0) -> 3.6371429 | X29: =HLOOKUP(X$5,[2]人物技能基础!$O$3:$Q$553,$C29+1,0) -> 2.0186429 | Y29: =HLOOKUP(Y$5,[2]人物技能基础!$O$3:$Q$553,$C29+1,0) -> 99.964286 | Z29: =INT(((P29-AB29)*X29+(Y29+T29))*G29*J29*$D$2) -> 33751 | AA29: =IF(H29=0,IF(U29=0,INT(Q29/5),IF(V29=0,INT(Q29/5),INT((V29/U29)/(1/N29*M29)/L29+Q29))),INT((IF(U29=0,0,V29/U29/(1/N29*M29))+O29/H29)/L29+Q29)) -> 766 | AB29: =INT(P29*I29) -> 0 | AC29: =INT(K29*S29) -> 1546 | AD29: =INT(R29/J29) -> 1118
A30: 25 | B30: ="关卡"&A30&E30 -> 关卡25小怪 | C30: =INDEX([3]关卡!$J$19:$J$2018,A30) -> 90 | D30: =INDEX([3]关卡!$N$19:$N$2018,A30) -> 90 | E30: 小怪 | F30: 非R | G30: 3 | H30: 0 | I30: 0 | J30: 1 | K30: 1 | L30: 2 | M30: 15 | N30: 2 | O30: =HLOOKUP(O$5,[1]非R能力!$B$8:$F$558,$C30+1,0) -> 27722.364 | P30: =HLOOKUP(P$5,[1]非R能力!$B$8:$F$558,$C30+1,0) -> 7070.3163 | Q30: =HLOOKUP(Q$5,[1]非R能力!$B$8:$F$558,$C30+1,0) -> 3895.3993 | R30: =HLOOKUP(R$5,[1]非R能力!$B$8:$F$558,$C30+1,0) -> 1136.7128 | S30: =HLOOKUP(S$5,[1]非R能力!$B$8:$F$558,$C30+1,0) -> 1570.5517 | T30: =INDEX([1]非R能力!$H$9:$H$558,D30) -> 85.690488 | U30: =IF(E30="小怪",0,IF(INDEX([1]非R能力!$FK$9:$FK$558,C30)=0,0,10)) -> 0 | V30: =IF(E30="小怪",0,IF(INDEX([1]非R能力!$FH$9:$FH$558,C30)=0,0,5000)) -> 0 | W30: =HLOOKUP(W$5,[2]人物技能基础!$O$3:$Q$553,$C30+1,0) -> 3.6371429 | X30: =HLOOKUP(X$5,[2]人物技能基础!$O$3:$Q$553,$C30+1,0) -> 2.0186429 | Y30: =HLOOKUP(Y$5,[2]人物技能基础!$O$3:$Q$553,$C30+1,0) -> 99.964286 | Z30: =INT(((P30-AB30)*X30+(Y30+T30))*G30*J30*$D$2) -> 34699 | AA30: =IF(H30=0,IF(U30=0,INT(Q30/5),IF(V30=0,INT(Q30/5),INT((V30/U30)/(1/N30*M30)/L30+Q30))),INT((IF(U30=0,0,V30/U30/(1/N30*M30))+O30/H30)/L30+Q30)) -> 779 | AB30: =INT(P30*I30) -> 0 | AC30: =INT(K30*S30) -> 1570 | AD30: =INT(R30/J30) -> 1136
A31: 26 | B31: ="关卡"&A31&E31 -> 关卡26小怪 | C31: =INDEX([3]关卡!$J$19:$J$2018,A31) -> 91 | D31: =INDEX([3]关卡!$N$19:$N$2018,A31) -> 91 | E31: 小怪 | F31: 非R | G31: 3 | H31: 0 | I31: 0 | J31: 1 | K31: 1 | L31: 2 | M31: 15 | N31: 2 | O31: =HLOOKUP(O$5,[1]非R能力!$B$8:$F$558,$C31+1,0) -> 28264.257 | P31: =HLOOKUP(P$5,[1]非R能力!$B$8:$F$558,$C31+1,0) -> 7187.086 | Q31: =HLOOKUP(Q$5,[1]非R能力!$B$8:$F$558,$C31+1,0) -> 3958.3079 | R31: =HLOOKUP(R$5,[1]非R能力!$B$8:$F$558,$C31+1,0) -> 1155.1825 | S31: =HLOOKUP(S$5,[1]非R能力!$B$8:$F$558,$C31+1,0) -> 1594.9828 | T31: =INDEX([1]非R能力!$H$9:$H$558,D31) -> 85.690488 | U31: =IF(E31="小怪",0,IF(INDEX([1]非R能力!$FK$9:$FK$558,C31)=0,0,10)) -> 0 | V31: =IF(E31="小怪",0,IF(INDEX([1]非R能力!$FH$9:$FH$558,C31)=0,0,5000)) -> 0 | W31: =HLOOKUP(W$5,[2]人物技能基础!$O$3:$Q$553,$C31+1,0) -> 3.6371429 | X31: =HLOOKUP(X$5,[2]人物技能基础!$O$3:$Q$553,$C31+1,0) -> 2.0186429 | Y31: =HLOOKUP(Y$5,[2]人物技能基础!$O$3:$Q$553,$C31+1,0) -> 99.964286 | Z31: =INT(((P31-AB31)*X31+(Y31+T31))*G31*J31*$D$2) -> 35265 | AA31: =IF(H31=0,IF(U31=0,INT(Q31/5),IF(V31=0,INT(Q31/5),INT((V31/U31)/(1/N31*M31)/L31+Q31))),INT((IF(U31=0,0,V31/U31/(1/N31*M31))+O31/H31)/L31+Q31)) -> 791 | AB31: =INT(P31*I31) -> 0 | AC31: =INT(K31*S31) -> 1594 | AD31: =INT(R31/J31) -> 1155
A32: 27 | B32: ="关卡"&A32&E32 -> 关卡27小怪 | C32: =INDEX([3]关卡!$J$19:$J$2018,A32) -> 92 | D32: =INDEX([3]关卡!$N$19:$N$2018,A32) -> 92 | E32: 小怪 | F32: 非R | G32: 3 | H32: 0 | I32: 0 | J32: 1 | K32: 1 | L32: 2 | M32: 15 | N32: 2 | O32: =HLOOKUP(O$5,[1]非R能力!$B$8:$F$558,$C32+1,0) -> 28747.549 | P32: =HLOOKUP(P$5,[1]非R能力!$B$8:$F$558,$C32+1,0) -> 7296.5339 | Q32: =HLOOKUP(Q$5,[1]非R能力!$B$8:$F$558,$C32+1,0) -> 4018.7777 | R32: =HLOOKUP(R$5,[1]非R能力!$B$8:$F$558,$C32+1,0) -> 1173.6537 | S32: =HLOOKUP(S$5,[1]非R能力!$B$8:$F$558,$C32+1,0) -> 1619.4153 | T32: =INDEX([1]非R能力!$H$9:$H$558,D32) -> 85.690488 | U32: =IF(E32="小怪",0,IF(INDEX([1]非R能力!$FK$9:$FK$558,C32)=0,0,10)) -> 0 | V32: =IF(E32="小怪",0,IF(INDEX([1]非R能力!$FH$9:$FH$558,C32)=0,0,5000)) -> 0 | W32: =HLOOKUP(W$5,[2]人物技能基础!$O$3:$Q$553,$C32+1,0) -> 3.6371429 | X32: =HLOOKUP(X$5,[2]人物技能基础!$O$3:$Q$553,$C32+1,0) -> 2.0186429 | Y32: =HLOOKUP(Y$5,[2]人物技能基础!$O$3:$Q$553,$C32+1,0) -> 99.964286 | Z32: =INT(((P32-AB32)*X32+(Y32+T32))*G32*J32*$D$2) -> 35795 | AA32: =IF(H32=0,IF(U32=0,INT(Q32/5),IF(V32=0,INT(Q32/5),INT((V32/U32)/(1/N32*M32)/L32+Q32))),INT((IF(U32=0,0,V32/U32/(1/N32*M32))+O32/H32)/L32+Q32)) -> 803 | AB32: =INT(P32*I32) -> 0 | AC32: =INT(K32*S32) -> 1619 | AD32: =INT(R32/J32) -> 1173
A33: 28 | B33: ="关卡"&A33&E33 -> 关卡28小怪 | C33: =INDEX([3]关卡!$J$19:$J$2018,A33) -> 93 | D33: =INDEX([3]关卡!$N$19:$N$2018,A33) -> 93 | E33: 小怪 | F33: 非R | G33: 3 | H33: 0 | I33: 0 | J33: 1 | K33: 1 | L33: 2 | M33: 15 | N33: 2 | O33: =HLOOKUP(O$5,[1]非R能力!$B$8:$F$558,$C33+1,0) -> 29232.008 | P33: =HLOOKUP(P$5,[1]非R能力!$B$8:$F$558,$C33+1,0) -> 7406.1151 | Q33: =HLOOKUP(Q$5,[1]非R能力!$B$8:$F$558,$C33+1,0) -> 4079.2834 | R33: =HLOOKUP(R$5,[1]非R能力!$B$8:$F$558,$C33+1,0) -> 1192.1403 | S33: =HLOOKUP(S$5,[1]非R能力!$B$8:$F$558,$C33+1,0) -> 1643.868 | T33: =INDEX([1]非R能力!$H$9:$H$558,D33) -> 85.690488 | U33: =IF(E33="小怪",0,IF(INDEX([1]非R能力!$FK$9:$FK$558,C33)=0,0,10)) -> 0 | V33: =IF(E33="小怪",0,IF(INDEX([1]非R能力!$FH$9:$FH$558,C33)=0,0,5000)) -> 0 | W33: =HLOOKUP(W$5,[2]人物技能基础!$O$3:$Q$553,$C33+1,0) -> 3.6371429 | X33: =HLOOKUP(X$5,[2]人物技能基础!$O$3:$Q$553,$C33+1,0) -> 2.0186429 | Y33: =HLOOKUP(Y$5,[2]人物技能基础!$O$3:$Q$553,$C33+1,0) -> 99.964286 | Z33: =INT(((P33-AB33)*X33+(Y33+T33))*G33*J33*$D$2) -> 36326 | AA33: =IF(H33=0,IF(U33=0,INT(Q33/5),IF(V33=0,INT(Q33/5),INT((V33/U33)/(1/N33*M33)/L33+Q33))),INT((IF(U33=0,0,V33/U33/(1/N33*M33))+O33/H33)/L33+Q33)) -> 815 | AB33: =INT(P33*I33) -> 0 | AC33: =INT(K33*S33) -> 1643 | AD33: =INT(R33/J33) -> 1192
A34: 29 | B34: ="关卡"&A34&E34 -> 关卡29小怪 | C34: =INDEX([3]关卡!$J$19:$J$2018,A34) -> 94 | D34: =INDEX([3]关卡!$N$19:$N$2018,A34) -> 94 | E34: 小怪 | F34: 非R | G34: 3 | H34: 0 | I34: 0 | J34: 1 | K34: 1 | L34: 2 | M34: 15 | N34: 2 | O34: =HLOOKUP(O$5,[1]非R能力!$B$8:$F$558,$C34+1,0) -> 29716.512 | P34: =HLOOKUP(P$5,[1]非R能力!$B$8:$F$558,$C34+1,0) -> 7515.7049 | Q34: =HLOOKUP(Q$5,[1]非R能力!$B$8:$F$558,$C34+1,0) -> 4139.7939 | R34: =HLOOKUP(R$5,[1]非R能力!$B$8:$F$558,$C34+1,0) -> 1210.6283 | S34: =HLOOKUP(S$5,[1]非R能力!$B$8:$F$558,$C34+1,0) -> 1668.3222 | T34: =INDEX([1]非R能力!$H$9:$H$558,D34) -> 85.690488 | U34: =IF(E34="小怪",0,IF(INDEX([1]非R能力!$FK$9:$FK$558,C34)=0,0,10)) -> 0 | V34: =IF(E34="小怪",0,IF(INDEX([1]非R能力!$FH$9:$FH$558,C34)=0,0,5000)) -> 0 | W34: =HLOOKUP(W$5,[2]人物技能基础!$O$3:$Q$553,$C34+1,0) -> 3.6371429 | X34: =HLOOKUP(X$5,[2]人物技能基础!$O$3:$Q$553,$C34+1,0) -> 2.0186429 | Y34: =HLOOKUP(Y$5,[2]人物技能基础!$O$3:$Q$553,$C34+1,0) -> 99.964286 | Z34: =INT(((P34-AB34)*X34+(Y34+T34))*G34*J34*$D$2) -> 36857 | AA34: =IF(H34=0,IF(U34=0,INT(Q34/5),IF(V34=0,INT(Q34/5),INT((V34/U34)/(1/N34*M34)/L34+Q34))),INT((IF(U34=0,0,V34/U34/(1/N34*M34))+O34/H34)/L34+Q34)) -> 827 | AB34: =INT(P34*I34) -> 0 | AC34: =INT(K34*S34) -> 1668 | AD34: =INT(R34/J34) -> 1210
... A4005: 2000 | B4005: ="关卡"&A4005&E4005 -> 关卡2000boss | C4005: =INDEX([3]关卡!$J$19:$J$2018,A4005) -> 550 | D4005: =INDEX([3]关卡!$N$19:$N$2018,A4005) -> 550 | E4005: boss | F4005: 非R | G4005: 30 | H4005: 30 | I4005: 0.2 | J4005: 0.75 | K4005: 1 | L4005: 5 | M4005: 1 | N4005: 2 | O4005: =HLOOKUP(O$5,[1]非R能力!$B$8:$F$558,$C4005+1,0) -> 2674530.2 | P4005: =HLOOKUP(P$5,[1]非R能力!$B$8:$F$558,$C4005+1,0) -> 371147.95 | Q4005: =HLOOKUP(Q$5,[1]非R能力!$B$8:$F$558,$C4005+1,0) -> 180663.03 | R4005: =HLOOKUP(R$5,[1]非R能力!$B$8:$F$558,$C4005+1,0) -> 56616.731 | S4005: =HLOOKUP(S$5,[1]非R能力!$B$8:$F$558,$C4005+1,0) -> 73368.569 | T4005: =INDEX([1]非R能力!$H$9:$H$558,D4005) -> 74359.208 | U4005: =IF(E4005="小怪",0,IF(INDEX([1]非R能力!$FK$9:$FK$558,C4005)=0,0,10)) -> 10 | V4005: =IF(E4005="小怪",0,IF(INDEX([1]非R能力!$FH$9:$FH$558,C4005)=0,0,5000)) -> 5000 | W4005: =HLOOKUP(W$5,[2]人物技能基础!$O$3:$Q$553,$C4005+1,0) -> 3.6371429 | X4005: =HLOOKUP(X$5,[2]人物技能基础!$O$3:$Q$553,$C4005+1,0) -> 2.0186429 | Y4005: =HLOOKUP(Y$5,[2]人物技能基础!$O$3:$Q$553,$C4005+1,0) -> 99.964286 | Z4005: =INT(((P4005-AB4005)*X4005+(Y4005+T4005))*G4005*J4005*$D$2) -> 12128984 | AA4005: =IF(H4005=0,IF(U4005=0,INT(Q4005/5),IF(V4005=0,INT(Q4005/5),INT((V4005/U4005)/(1/N4005*M4005)/L4005+Q4005))),INT((IF(U4005=0,0,V4005/U4005/(1/N4005*M4005))+O4005/H4005)/L4005+Q4005)) -> 198693 | AB4005: =INT(P4005*I4005) -> 74229 | AC4005: =INT(K4005*S4005) -> 73368 | AD4005: =INT(R4005/J4005) -> 75488

Sheet 个人boss
D1: 伤害溢出修正 | F1: 技能目标误差修正
D2: 0.8 | F2: 0.8
D4: 怪物属性设计 | O4: 目标玩家能力（简易版，仅有计算玩家基础属性,不计算化神，宠物，以后再添加特殊属性和化神等因素） | Z4: 怪物属性
A5: boss等级 | B5: 怪物名字 | C5: 怪物等级 | D5: 属性等级 | E5: 怪物类型 | F5: 能力模板 | G5: 怪物受击 | H5: 玩家受击 | I5: 防御抵消比例 | J5: 玩家对怪物命中 | K5: 怪物对玩家命中 | L5: 怪物技能系数 | M5: 围攻怪物个数 | N5: 攻击间隔/s | O5: 生命 | P5: 攻击 | Q5: 防御 | R5: 命中 | S5: 闪避 | T5: 技能固定伤害 | U5: 回血间隔 | V5: 回血量 | W5: 每招平均目标 | X5: 每招平均技能伤害 | Y5: 每招平均固伤 | Z5: 生命 | AA5: 攻击 | AB5: 防御 | AC5: 命中 | AD5: 闪避 | AJ5: 怪物属性算法
A6: =[2]基础装备!X4 -> 50 | B6: =A6&"级个人boss" -> 50级个人boss | C6: =A6 -> 50 | D6: =C6-10 -> 40 | E6: boss | F6: 非R | G6: 15 | H6: 30 | I6: 0.1 | J6: 0.7 | K6: 1 | L6: 5 | M6: 1 | N6: 2 | O6: =HLOOKUP(O$5,[1]非R能力!$B$8:$F$558,$D6+1,0) -> 4955 | P6: =HLOOKUP(P$5,[1]非R能力!$B$8:$F$558,$D6+1,0) -> 1336 | Q6: =HLOOKUP(Q$5,[1]非R能力!$B$8:$F$558,$D6+1,0) -> 943.71429 | R6: =HLOOKUP(R$5,[1]非R能力!$B$8:$F$558,$D6+1,0) -> 290.42857 | S6: =HLOOKUP(S$5,[1]非R能力!$B$8:$F$558,$D6+1,0) -> 333.38462 | T6: =INDEX([1]非R能力!$H$9:$H$558,D6) -> 0 | U6: =IF(INDEX([1]非R能力!$FK$9:$FK$558,D6)=0,0,10) -> 0 | V6: =IF(INDEX([1]非R能力!$FH$9:$FH$558,D6)=0,0,5000) -> 0 | W6: =HLOOKUP(W$5,[2]人物技能基础!$O$3:$Q$553,$D6+1,0) -> 2.9 | X6: =HLOOKUP(X$5,[2]人物技能基础!$O$3:$Q$553,$D6+1,0) -> 1.7675 | Y6: =HLOOKUP(Y$5,[2]人物技能基础!$O$3:$Q$553,$D6+1,0) -> 78.75 | Z6: =INT(((P6-AB6)*X6+(Y6+T6))*G6*J6*$D$2) -> 18522 | AA6: =IF(H6=0,IF(U6=0,INT(Q6/5),IF(V6=0,INT(Q6/5),INT((V6/U6)/(1/N6*M6)/L6+Q6))),INT((IF(U6=0,0,V6/U6/(1/N6*M6))+O6/H6)/L6+Q6)) -> 976 | AB6: =INT(P6*I6) -> 133 | AC6: =INT(K6*S6) -> 333 | AD6: =INT(R6/J6) -> 414 | AJ6: 生命 | AK6: （（攻击-怪物防御）*技能系数+技能固伤）*怪物受击*玩家命中*伤害溢出修正
A7: =[2]基础装备!X5 -> 75 | B7: =A7&"级个人boss" -> 75级个人boss | C7: =A7 -> 75 | D7: =C7-5 -> 70 | E7: boss | F7: 非R | G7: 20 | H7: 30 | I7: 0.1 | J7: 0.7 | K7: 1 | L7: 5 | M7: 1 | N7: 2 | O7: =HLOOKUP(O$5,[1]非R能力!$B$8:$F$558,$D7+1,0) -> 12949.476 | P7: =HLOOKUP(P$5,[1]非R能力!$B$8:$F$558,$D7+1,0) -> 3264.1862 | Q7: =HLOOKUP(Q$5,[1]非R能力!$B$8:$F$558,$D7+1,0) -> 1811.8673 | R7: =HLOOKUP(R$5,[1]非R能力!$B$8:$F$558,$D7+1,0) -> 624.07384 | S7: =HLOOKUP(S$5,[1]非R能力!$B$8:$F$558,$D7+1,0) -> 910.38905 | T7: =INDEX([1]非R能力!$H$9:$H$558,D7) -> 28.459063 | U7: =IF(INDEX([1]非R能力!$FK$9:$FK$558,D7)=0,0,10) -> 0 | V7: =IF(INDEX([1]非R能力!$FH$9:$FH$558,D7)=0,0,5000) -> 0 | W7: =HLOOKUP(W$5,[2]人物技能基础!$O$3:$Q$553,$D7+1,0) -> 3.6371429 | X7: =HLOOKUP(X$5,[2]人物技能基础!$O$3:$Q$553,$D7+1,0) -> 2.0186429 | Y7: =HLOOKUP(Y$5,[2]人物技能基础!$O$3:$Q$553,$D7+1,0) -> 99.964286 | Z7: =INT(((P7-AB7)*X7+(Y7+T7))*G7*J7*$D$2) -> 67867 | AA7: =IF(H7=0,IF(U7=0,INT(Q7/5),IF(V7=0,INT(Q7/5),INT((V7/U7)/(1/N7*M7)/L7+Q7))),INT((IF(U7=0,0,V7/U7/(1/N7*M7))+O7/H7)/L7+Q7)) -> 1898 | AB7: =INT(P7*I7) -> 326 | AC7: =INT(K7*S7) -> 910 | AD7: =INT(R7/J7) -> 891
A8: =[2]基础装备!X6 -> 120 | B8: =A8&"级个人boss" -> 120级个人boss | C8: =A8 -> 120 | D8: =C8-5 -> 115 | E8: boss | F8: 非R | G8: 30 | H8: 30 | I8: 0.1 | J8: 0.7 | K8: 1 | L8: 5 | M8: 1 | N8: 2 | O8: =HLOOKUP(O$5,[1]非R能力!$B$8:$F$558,$D8+1,0) -> 40627.131 | P8: =HLOOKUP(P$5,[1]非R能力!$B$8:$F$558,$D8+1,0) -> 10015.553 | Q8: =HLOOKUP(Q$5,[1]非R能力!$B$8:$F$558,$D8+1,0) -> 5710.961 | R8: =HLOOKUP(R$5,[1]非R能力!$B$8:$F$558,$D8+1,0) -> 1616.3145 | S8: =HLOOKUP(S$5,[1]非R能力!$B$8:$F$558,$D8+1,0) -> 2330.0294 | T8: =INDEX([1]非R能力!$H$9:$H$558,D8) -> 289.38111 | U8: =IF(INDEX([1]非R能力!$FK$9:$FK$558,D8)=0,0,10) -> 10 | V8: =IF(INDEX([1]非R能力!$FH$9:$FH$558,D8)=0,0,5000) -> 5000 | W8: =HLOOKUP(W$5,[2]人物技能基础!$O$3:$Q$553,$D8+1,0) -> 3.6371429 | X8: =HLOOKUP(X$5,[2]人物技能基础!$O$3:$Q$553,$D8+1,0) -> 2.0186429 | Y8: =HLOOKUP(Y$5,[2]人物技能基础!$O$3:$Q$553,$D8+1,0) -> 99.964286 | Z8: =INT(((P8-AB8)*X8+(Y8+T8))*G8*J8*$D$2) -> 312253 | AA8: =IF(H8=0,IF(U8=0,INT(Q8/5),IF(V8=0,INT(Q8/5),INT((V8/U8)/(1/N8*M8)/L8+Q8))),INT((IF(U8=0,0,V8/U8/(1/N8*M8))+O8/H8)/L8+Q8)) -> 6181 | AB8: =INT(P8*I8) -> 1001 | AC8: =INT(K8*S8) -> 2330 | AD8: =INT(R8/J8) -> 2309
A9: =[2]基础装备!X7 -> 200 | B9: =A9&"级个人boss" -> 200级个人boss | C9: =A9 -> 200 | D9: =C9 -> 200 | E9: boss | F9: 非R | G9: 30 | H9: 30 | I9: 0.1 | J9: 0.7 | K9: 1 | L9: 5 | M9: 1 | N9: 2 | O9: =HLOOKUP(O$5,[1]非R能力!$B$8:$F$558,$D9+1,0) -> 107784.87 | P9: =HLOOKUP(P$5,[1]非R能力!$B$8:$F$558,$D9+1,0) -> 22104.517 | Q9: =HLOOKUP(Q$5,[1]非R能力!$B$8:$F$558,$D9+1,0) -> 11799.062 | R9: =HLOOKUP(R$5,[1]非R能力!$B$8:$F$558,$D9+1,0) -> 3946.3154 | S9: =HLOOKUP(S$5,[1]非R能力!$B$8:$F$558,$D9+1,0) -> 4776.8845 | T9: =INDEX([1]非R能力!$H$9:$H$558,D9) -> 7164.8291 | U9: =IF(INDEX([1]非R能力!$FK$9:$FK$558,D9)=0,0,10) -> 10 | V9: =IF(INDEX([1]非R能力!$FH$9:$FH$558,D9)=0,0,5000) -> 5000 | W9: =HLOOKUP(W$5,[2]人物技能基础!$O$3:$Q$553,$D9+1,0) -> 3.6371429 | X9: =HLOOKUP(X$5,[2]人物技能基础!$O$3:$Q$553,$D9+1,0) -> 2.0186429 | Y9: =HLOOKUP(Y$5,[2]人物技能基础!$O$3:$Q$553,$D9+1,0) -> 99.964286 | Z9: =INT(((P9-AB9)*X9+(Y9+T9))*G9*J9*$D$2) -> 796735 | AA9: =IF(H9=0,IF(U9=0,INT(Q9/5),IF(V9=0,INT(Q9/5),INT((V9/U9)/(1/N9*M9)/L9+Q9))),INT((IF(U9=0,0,V9/U9/(1/N9*M9))+O9/H9)/L9+Q9)) -> 12717 | AB9: =INT(P9*I9) -> 2210 | AC9: =INT(K9*S9) -> 4776 | AD9: =INT(R9/J9) -> 5637
A10: =[2]基础装备!X8 -> 225 | B10: =A10&"级个人boss" -> 225级个人boss | C10: =A10 -> 225 | D10: =C10 -> 225 | E10: boss | F10: 非R | G10: 30 | H10: 30 | I10: 0.1 | J10: 0.7 | K10: 1 | L10: 5 | M10: 1 | N10: 2 | O10: =HLOOKUP(O$5,[1]非R能力!$B$8:$F$558,$D10+1,0) -> 140011.21 | P10: =HLOOKUP(P$5,[1]非R能力!$B$8:$F$558,$D10+1,0) -> 27470.791 | Q10: =HLOOKUP(Q$5,[1]非R能力!$B$8:$F$558,$D10+1,0) -> 17651.095 | R10: =HLOOKUP(R$5,[1]非R能力!$B$8:$F$558,$D10+1,0) -> 4701.219 | S10: =HLOOKUP(S$5,[1]非R能力!$B$8:$F$558,$D10+1,0) -> 5734.8246 | T10: =INDEX([1]非R能力!$H$9:$H$558,D10) -> 10442.261 | U10: =IF(INDEX([1]非R能力!$FK$9:$FK$558,D10)=0,0,10) -> 10 | V10: =IF(INDEX([1]非R能力!$FH$9:$FH$558,D10)=0,0,5000) -> 5000 | W10: =HLOOKUP(W$5,[2]人物技能基础!$O$3:$Q$553,$D10+1,0) -> 3.6371429 | X10: =HLOOKUP(X$5,[2]人物技能基础!$O$3:$Q$553,$D10+1,0) -> 2.0186429 | Y10: =HLOOKUP(Y$5,[2]人物技能基础!$O$3:$Q$553,$D10+1,0) -> 99.964286 | Z10: =INT(((P10-AB10)*X10+(Y10+T10))*G10*J10*$D$2) -> 1015572 | AA10: =IF(H10=0,IF(U10=0,INT(Q10/5),IF(V10=0,INT(Q10/5),INT((V10/U10)/(1/N10*M10)/L10+Q10))),INT((IF(U10=0,0,V10/U10/(1/N10*M10))+O10/H10)/L10+Q10)) -> 18784 | AB10: =INT(P10*I10) -> 2747 | AC10: =INT(K10*S10) -> 5734 | AD10: =INT(R10/J10) -> 6716
A11: =[2]基础装备!X9 -> 250 | B11: =A11&"级个人boss" -> 250级个人boss | C11: =A11 -> 250 | D11: =C11 -> 250 | E11: boss | F11: 非R | G11: 30 | H11: 30 | I11: 0.1 | J11: 0.7 | K11: 1 | L11: 5 | M11: 1 | N11: 2 | O11: =HLOOKUP(O$5,[1]非R能力!$B$8:$F$558,$D11+1,0) -> 182781.49 | P11: =HLOOKUP(P$5,[1]非R能力!$B$8:$F$558,$D11+1,0) -> 34702.846 | Q11: =HLOOKUP(Q$5,[1]非R能力!$B$8:$F$558,$D11+1,0) -> 21102.148 | R11: =HLOOKUP(R$5,[1]非R能力!$B$8:$F$558,$D11+1,0) -> 5592.8641 | S11: =HLOOKUP(S$5,[1]非R能力!$B$8:$F$558,$D11+1,0) -> 6941.7828 | T11: =INDEX([1]非R能力!$H$9:$H$558,D11) -> 12589.769 | U11: =IF(INDEX([1]非R能力!$FK$9:$FK$558,D11)=0,0,10) -> 10 | V11: =IF(INDEX([1]非R能力!$FH$9:$FH$558,D11)=0,0,5000) -> 5000 | W11: =HLOOKUP(W$5,[2]人物技能基础!$O$3:$Q$553,$D11+1,0) -> 3.6371429 | X11: =HLOOKUP(X$5,[2]人物技能基础!$O$3:$Q$553,$D11+1,0) -> 2.0186429 | Y11: =HLOOKUP(Y$5,[2]人物技能基础!$O$3:$Q$553,$D11+1,0) -> 99.964286 | Z11: =INT(((P11-AB11)*X11+(Y11+T11))*G11*J11*$D$2) -> 1272393 | AA11: =IF(H11=0,IF(U11=0,INT(Q11/5),IF(V11=0,INT(Q11/5),INT((V11/U11)/(1/N11*M11)/L11+Q11))),INT((IF(U11=0,0,V11/U11/(1/N11*M11))+O11/H11)/L11+Q11)) -> 22520 | AB11: =INT(P11*I11) -> 3470 | AC11: =INT(K11*S11) -> 6941 | AD11: =INT(R11/J11) -> 7989
A12: =[2]基础装备!X10 -> 275 | B12: =A12&"级个人boss" -> 275级个人boss | C12: =A12 -> 275 | D12: =C12 -> 275 | E12: boss | F12: 非R | G12: 30 | H12: 30 | I12: 0.1 | J12: 0.7 | K12: 1 | L12: 5 | M12: 1 | N12: 2 | O12: =HLOOKUP(O$5,[1]非R能力!$B$8:$F$558,$D12+1,0) -> 259422.16 | P12: =HLOOKUP(P$5,[1]非R能力!$B$8:$F$558,$D12+1,0) -> 48467.014 | Q12: =HLOOKUP(Q$5,[1]非R能力!$B$8:$F$558,$D12+1,0) -> 29625.345 | R12: =HLOOKUP(R$5,[1]非R能力!$B$8:$F$558,$D12+1,0) -> 7660.5635 | S12: =HLOOKUP(S$5,[1]非R能力!$B$8:$F$558,$D12+1,0) -> 9915.2017 | T12: =INDEX([1]非R能力!$H$9:$H$558,D12) -> 15039.455 | U12: =IF(INDEX([1]非R能力!$FK$9:$FK$558,D12)=0,0,10) -> 10 | V12: =IF(INDEX([1]非R能力!$FH$9:$FH$558,D12)=0,0,5000) -> 5000 | W12: =HLOOKUP(W$5,[2]人物技能基础!$O$3:$Q$553,$D12+1,0) -> 3.6371429 | X12: =HLOOKUP(X$5,[2]人物技能基础!$O$3:$Q$553,$D12+1,0) -> 2.0186429 | Y12: =HLOOKUP(Y$5,[2]人物技能基础!$O$3:$Q$553,$D12+1,0) -> 99.964286 | Z12: =INT(((P12-AB12)*X12+(Y12+T12))*G12*J12*$D$2) -> 1733670 | AA12: =IF(H12=0,IF(U12=0,INT(Q12/5),IF(V12=0,INT(Q12/5),INT((V12/U12)/(1/N12*M12)/L12+Q12))),INT((IF(U12=0,0,V12/U12/(1/N12*M12))+O12/H12)/L12+Q12)) -> 31554 | AB12: =INT(P12*I12) -> 4846 | AC12: =INT(K12*S12) -> 9915 | AD12: =INT(R12/J12) -> 10943
A13: =[2]基础装备!X11 -> 300 | B13: =A13&"级个人boss" -> 300级个人boss | C13: =A13 -> 300 | D13: =C13 -> 300 | E13: boss | F13: 非R | G13: 30 | H13: 30 | I13: 0.1 | J13: 0.7 | K13: 1 | L13: 5 | M13: 1 | N13: 2 | O13: =HLOOKUP(O$5,[1]非R能力!$B$8:$F$558,$D13+1,0) -> 409002.32 | P13: =HLOOKUP(P$5,[1]非R能力!$B$8:$F$558,$D13+1,0) -> 70358.046 | Q13: =HLOOKUP(Q$5,[1]非R能力!$B$8:$F$558,$D13+1,0) -> 42521.249 | R13: =HLOOKUP(R$5,[1]非R能力!$B$8:$F$558,$D13+1,0) -> 56463.899 | S13: =HLOOKUP(S$5,[1]非R能力!$B$8:$F$558,$D13+1,0) -> 15445.657 | T13: =INDEX([1]非R能力!$H$9:$H$558,D13) -> 17828.778 | U13: =IF(INDEX([1]非R能力!$FK$9:$FK$558,D13)=0,0,10) -> 10 | V13: =IF(INDEX([1]非R能力!$FH$9:$FH$558,D13)=0,0,5000) -> 5000 | W13: =HLOOKUP(W$5,[2]人物技能基础!$O$3:$Q$553,$D13+1,0) -> 3.6371429 | X13: =HLOOKUP(X$5,[2]人物技能基础!$O$3:$Q$553,$D13+1,0) -> 2.0186429 | Y13: =HLOOKUP(Y$5,[2]人物技能基础!$O$3:$Q$553,$D13+1,0) -> 99.964286 | Z13: =INT(((P13-AB13)*X13+(Y13+T13))*G13*J13*$D$2) -> 2448690 | AA13: =IF(H13=0,IF(U13=0,INT(Q13/5),IF(V13=0,INT(Q13/5),INT((V13/U13)/(1/N13*M13)/L13+Q13))),INT((IF(U13=0,0,V13/U13/(1/N13*M13))+O13/H13)/L13+Q13)) -> 45447 | AB13: =INT(P13*I13) -> 7035 | AC13: =INT(K13*S13) -> 15445 | AD13: =INT(R13/J13) -> 80662
A14: =[2]基础装备!X12 -> 325 | B14: =A14&"级个人boss" -> 325级个人boss | C14: =A14 -> 325 | D14: =C14 -> 325 | E14: boss | F14: 非R | G14: 30 | H14: 30 | I14: 0.1 | J14: 0.7 | K14: 1 | L14: 5 | M14: 1 | N14: 2 | O14: =HLOOKUP(O$5,[1]非R能力!$B$8:$F$558,$D14+1,0) -> 623773.64 | P14: =HLOOKUP(P$5,[1]非R能力!$B$8:$F$558,$D14+1,0) -> 97671.389 | Q14: =HLOOKUP(Q$5,[1]非R能力!$B$8:$F$558,$D14+1,0) -> 56956.215 | R14: =HLOOKUP(R$5,[1]非R能力!$B$8:$F$558,$D14+1,0) -> 61820.457 | S14: =HLOOKUP(S$5,[1]非R能力!$B$8:$F$558,$D14+1,0) -> 21333.565 | T14: =INDEX([1]非R能力!$H$9:$H$558,D14) -> 20997.595 | U14: =IF(INDEX([1]非R能力!$FK$9:$FK$558,D14)=0,0,10) -> 10 | V14: =IF(INDEX([1]非R能力!$FH$9:$FH$558,D14)=0,0,5000) -> 5000 | W14: =HLOOKUP(W$5,[2]人物技能基础!$O$3:$Q$553,$D14+1,0) -> 3.6371429 | X14: =HLOOKUP(X$5,[2]人物技能基础!$O$3:$Q$553,$D14+1,0) -> 2.0186429 | Y14: =HLOOKUP(Y$5,[2]人物技能基础!$O$3:$Q$553,$D14+1,0) -> 99.964286 | Z14: =INT(((P14-AB14)*X14+(Y14+T14))*G14*J14*$D$2) -> 3335558 | AA14: =IF(H14=0,IF(U14=0,INT(Q14/5),IF(V14=0,INT(Q14/5),INT((V14/U14)/(1/N14*M14)/L14+Q14))),INT((IF(U14=0,0,V14/U14/(1/N14*M14))+O14/H14)/L14+Q14)) -> 61314 | AB14: =INT(P14*I14) -> 9767 | AC14: =INT(K14*S14) -> 21333 | AD14: =INT(R14/J14) -> 88314
A15: =[2]基础装备!X13 -> 350 | B15: =A15&"级个人boss" -> 350级个人boss | C15: =A15 -> 350 | D15: =C15 -> 350 | E15: boss | F15: 非R | G15: 30 | H15: 30 | I15: 0.1 | J15: 0.7 | K15: 1 | L15: 5 | M15: 1 | N15: 2 | O15: =HLOOKUP(O$5,[1]非R能力!$B$8:$F$558,$D15+1,0) -> 810712.74 | P15: =HLOOKUP(P$5,[1]非R能力!$B$8:$F$558,$D15+1,0) -> 121774.47 | Q15: =HLOOKUP(Q$5,[1]非R能力!$B$8:$F$558,$D15+1,0) -> 68368.938 | R15: =HLOOKUP(R$5,[1]非R能力!$B$8:$F$558,$D15+1,0) -> 19987.25 | S15: =HLOOKUP(S$5,[1]非R能力!$B$8:$F$558,$D15+1,0) -> 26649.6 | T15: =INDEX([1]非R能力!$H$9:$H$558,D15) -> 24588.164 | U15: =IF(INDEX([1]非R能力!$FK$9:$FK$558,D15)=0,0,10) -> 10 | V15: =IF(INDEX([1]非R能力!$FH$9:$FH$558,D15)=0,0,5000) -> 5000 | W15: =HLOOKUP(W$5,[2]人物技能基础!$O$3:$Q$553,$D15+1,0) -> 3.6371429 | X15: =HLOOKUP(X$5,[2]人物技能基础!$O$3:$Q$553,$D15+1,0) -> 2.0186429 | Y15: =HLOOKUP(Y$5,[2]人物技能基础!$O$3:$Q$553,$D15+1,0) -> 99.964286 | Z15: =INT(((P15-AB15)*X15+(Y15+T15))*G15*J15*$D$2) -> 4131561 | AA15: =IF(H15=0,IF(U15=0,INT(Q15/5),IF(V15=0,INT(Q15/5),INT((V15/U15)/(1/N15*M15)/L15+Q15))),INT((IF(U15=0,0,V15/U15/(1/N15*M15))+O15/H15)/L15+Q15)) -> 73973 | AB15: =INT(P15*I15) -> 12177 | AC15: =INT(K15*S15) -> 26649 | AD15: =INT(R15/J15) -> 28553
A16: =[2]基础装备!X14 -> 375 | B16: =A16&"级个人boss" -> 375级个人boss | C16: =A16 -> 375 | D16: =C16 -> 375 | E16: boss | F16: 非R | G16: 30 | H16: 30 | I16: 0.1 | J16: 0.7 | K16: 1 | L16: 5 | M16: 1 | N16: 2 | O16: =HLOOKUP(O$5,[1]非R能力!$B$8:$F$558,$D16+1,0) -> 1049754.8 | P16: =HLOOKUP(P$5,[1]非R能力!$B$8:$F$558,$D16+1,0) -> 155689.92 | Q16: =HLOOKUP(Q$5,[1]非R能力!$B$8:$F$558,$D16+1,0) -> 87574.97 | R16: =HLOOKUP(R$5,[1]非R能力!$B$8:$F$558,$D16+1,0) -> 26286.01 | S16: =HLOOKUP(S$5,[1]非R能力!$B$8:$F$558,$D16+1,0) -> 35920.736 | T16: =INDEX([1]非R能力!$H$9:$H$558,D16) -> 28645.145 | U16: =IF(INDEX([1]非R能力!$FK$9:$FK$558,D16)=0,0,10) -> 10 | V16: =IF(INDEX([1]非R能力!$FH$9:$FH$558,D16)=0,0,5000) -> 5000 | W16: =HLOOKUP(W$5,[2]人物技能基础!$O$3:$Q$553,$D16+1,0) -> 3.6371429 | X16: =HLOOKUP(X$5,[2]人物技能基础!$O$3:$Q$553,$D16+1,0) -> 2.0186429 | Y16: =HLOOKUP(Y$5,[2]人物技能基础!$O$3:$Q$553,$D16+1,0) -> 99.964286 | Z16: =INT(((P16-AB16)*X16+(Y16+T16))*G16*J16*$D$2) -> 5234900 | AA16: =IF(H16=0,IF(U16=0,INT(Q16/5),IF(V16=0,INT(Q16/5),INT((V16/U16)/(1/N16*M16)/L16+Q16))),INT((IF(U16=0,0,V16/U16/(1/N16*M16))+O16/H16)/L16+Q16)) -> 94773 | AB16: =INT(P16*I16) -> 15568 | AC16: =INT(K16*S16) -> 35920 | AD16: =INT(R16/J16) -> 37551
A17: =[2]基础装备!X15 -> 400 | B17: =A17&"级个人boss" -> 400级个人boss | C17: =A17 -> 400 | D17: =C17 -> 400 | E17: boss | F17: 非R | G17: 30 | H17: 30 | I17: 0.1 | J17: 0.7 | K17: 1 | L17: 5 | M17: 1 | N17: 2 | O17: =HLOOKUP(O$5,[1]非R能力!$B$8:$F$558,$D17+1,0) -> 1185370.5 | P17: =HLOOKUP(P$5,[1]非R能力!$B$8:$F$558,$D17+1,0) -> 173146.15 | Q17: =HLOOKUP(Q$5,[1]非R能力!$B$8:$F$558,$D17+1,0) -> 95408.041 | R17: =HLOOKUP(R$5,[1]非R能力!$B$8:$F$558,$D17+1,0) -> 28892.178 | S17: =HLOOKUP(S$5,[1]非R能力!$B$8:$F$558,$D17+1,0) -> 38976.283 | T17: =INDEX([1]非R能力!$H$9:$H$558,D17) -> 33215.6 | U17: =IF(INDEX([1]非R能力!$FK$9:$FK$558,D17)=0,0,10) -> 10 | V17: =IF(INDEX([1]非R能力!$FH$9:$FH$558,D17)=0,0,5000) -> 5000 | W17: =HLOOKUP(W$5,[2]人物技能基础!$O$3:$Q$553,$D17+1,0) -> 3.6371429 | X17: =HLOOKUP(X$5,[2]人物技能基础!$O$3:$Q$553,$D17+1,0) -> 2.0186429 | Y17: =HLOOKUP(Y$5,[2]人物技能基础!$O$3:$Q$553,$D17+1,0) -> 99.964286 | Z17: =INT(((P17-AB17)*X17+(Y17+T17))*G17*J17*$D$2) -> 5844468 | AA17: =IF(H17=0,IF(U17=0,INT(Q17/5),IF(V17=0,INT(Q17/5),INT((V17/U17)/(1/N17*M17)/L17+Q17))),INT((IF(U17=0,0,V17/U17/(1/N17*M17))+O17/H17)/L17+Q17)) -> 103510 | AB17: =INT(P17*I17) -> 17314 | AC17: =INT(K17*S17) -> 38976 | AD17: =INT(R17/J17) -> 41274
A18: =[2]基础装备!X16 -> 425 | B18: =A18&"级个人boss" -> 425级个人boss | C18: =A18 -> 425 | D18: =C18 -> 425 | E18: boss | F18: 非R | G18: 30 | H18: 30 | I18: 0.1 | J18: 0.7 | K18: 1 | L18: 5 | M18: 1 | N18: 2 | O18: =HLOOKUP(O$5,[1]非R能力!$B$8:$F$558,$D18+1,0) -> 1365403 | P18: =HLOOKUP(P$5,[1]非R能力!$B$8:$F$558,$D18+1,0) -> 198123.17 | Q18: =HLOOKUP(Q$5,[1]非R能力!$B$8:$F$558,$D18+1,0) -> 107166.07 | R18: =HLOOKUP(R$5,[1]非R能力!$B$8:$F$558,$D18+1,0) -> 32793.565 | S18: =HLOOKUP(S$5,[1]非R能力!$B$8:$F$558,$D18+1,0) -> 43450.681 | T18: =INDEX([1]非R能力!$H$9:$H$558,D18) -> 38348.99 | U18: =IF(INDEX([1]非R能力!$FK$9:$FK$558,D18)=0,0,10) -> 10 | V18: =IF(INDEX([1]非R能力!$FH$9:$FH$558,D18)=0,0,5000) -> 5000 | W18: =HLOOKUP(W$5,[2]人物技能基础!$O$3:$Q$553,$D18+1,0) -> 3.6371429 | X18: =HLOOKUP(X$5,[2]人物技能基础!$O$3:$Q$553,$D18+1,0) -> 2.0186429 | Y18: =HLOOKUP(Y$5,[2]人物技能基础!$O$3:$Q$553,$D18+1,0) -> 99.964286 | Z18: =INT(((P18-AB18)*X18+(Y18+T18))*G18*J18*$D$2) -> 6693044 | AA18: =IF(H18=0,IF(U18=0,INT(Q18/5),IF(V18=0,INT(Q18/5),INT((V18/U18)/(1/N18*M18)/L18+Q18))),INT((IF(U18=0,0,V18/U18/(1/N18*M18))+O18/H18)/L18+Q18)) -> 116468 | AB18: =INT(P18*I18) -> 19812 | AC18: =INT(K18*S18) -> 43450 | AD18: =INT(R18/J18) -> 46847
A19: =[2]基础装备!X17 -> 450 | B19: =A19&"级个人boss" -> 450级个人boss | C19: =A19 -> 450 | D19: =C19 -> 450 | E19: boss | F19: 非R | G19: 30 | H19: 30 | I19: 0.1 | J19: 0.7 | K19: 1 | L19: 5 | M19: 1 | N19: 2 | O19: =HLOOKUP(O$5,[1]非R能力!$B$8:$F$558,$D19+1,0) -> 1514166.9 | P19: =HLOOKUP(P$5,[1]非R能力!$B$8:$F$558,$D19+1,0) -> 215507.01 | Q19: =HLOOKUP(Q$5,[1]非R能力!$B$8:$F$558,$D19+1,0) -> 114372.35 | R19: =HLOOKUP(R$5,[1]非R能力!$B$8:$F$558,$D19+1,0) -> 35109.592 | S19: =HLOOKUP(S$5,[1]非R能力!$B$8:$F$558,$D19+1,0) -> 46259.04 | T19: =INDEX([1]非R能力!$H$9:$H$558,D19) -> 44097.178 | U19: =IF(INDEX([1]非R能力!$FK$9:$FK$558,D19)=0,0,10) -> 10 | V19: =IF(INDEX([1]非R能力!$FH$9:$FH$558,D19)=0,0,5000) -> 5000 | W19: =HLOOKUP(W$5,[2]人物技能基础!$O$3:$Q$553,$D19+1,0) -> 3.6371429 | X19: =HLOOKUP(X$5,[2]人物技能基础!$O$3:$Q$553,$D19+1,0) -> 2.0186429 | Y19: =HLOOKUP(Y$5,[2]人物技能基础!$O$3:$Q$553,$D19+1,0) -> 99.964286 | Z19: =INT(((P19-AB19)*X19+(Y19+T19))*G19*J19*$D$2) -> 7320214 | AA19: =IF(H19=0,IF(U19=0,INT(Q19/5),IF(V19=0,INT(Q19/5),INT((V19/U19)/(1/N19*M19)/L19+Q19))),INT((IF(U19=0,0,V19/U19/(1/N19*M19))+O19/H19)/L19+Q19)) -> 124666 | AB19: =INT(P19*I19) -> 21550 | AC19: =INT(K19*S19) -> 46259 | AD19: =INT(R19/J19) -> 50156
A20: =[2]基础装备!X18 -> 475 | B20: =A20&"级个人boss" -> 475级个人boss | C20: =A20 -> 475 | D20: =C20 -> 475 | E20: boss | F20: 非R | G20: 30 | H20: 30 | I20: 0.1 | J20: 0.7 | K20: 1 | L20: 5 | M20: 1 | N20: 2 | O20: =HLOOKUP(O$5,[1]非R能力!$B$8:$F$558,$D20+1,0) -> 1802644.1 | P20: =HLOOKUP(P$5,[1]非R能力!$B$8:$F$558,$D20+1,0) -> 255768.43 | Q20: =HLOOKUP(Q$5,[1]非R能力!$B$8:$F$558,$D20+1,0) -> 132839.04 | R20: =HLOOKUP(R$5,[1]非R能力!$B$8:$F$558,$D20+1,0) -> 41019.43 | S20: =HLOOKUP(S$5,[1]非R能力!$B$8:$F$558,$D20+1,0) -> 53989.178 | T20: =INDEX([1]非R能力!$H$9:$H$558,D20) -> 50514.428 | U20: =IF(INDEX([1]非R能力!$FK$9:$FK$558,D20)=0,0,10) -> 10 | V20: =IF(INDEX([1]非R能力!$FH$9:$FH$558,D20)=0,0,5000) -> 5000 | W20: =HLOOKUP(W$5,[2]人物技能基础!$O$3:$Q$553,$D20+1,0) -> 3.6371429 | X20: =HLOOKUP(X$5,[2]人物技能基础!$O$3:$Q$553,$D20+1,0) -> 2.0186429 | Y20: =HLOOKUP(Y$5,[2]人物技能基础!$O$3:$Q$553,$D20+1,0) -> 99.964286 | Z20: =INT(((P20-AB20)*X20+(Y20+T20))*G20*J20*$D$2) -> 8656883 | AA20: =IF(H20=0,IF(U20=0,INT(Q20/5),IF(V20=0,INT(Q20/5),INT((V20/U20)/(1/N20*M20)/L20+Q20))),INT((IF(U20=0,0,V20/U20/(1/N20*M20))+O20/H20)/L20+Q20)) -> 145056 | AB20: =INT(P20*I20) -> 25576 | AC20: =INT(K20*S20) -> 53989 | AD20: =INT(R20/J20) -> 58599
... A23: =[2]基础装备!X21 -> 550 | B23: =A23&"级个人boss" -> 550级个人boss | C23: =A23 -> 550 | D23: =C23 -> 550 | E23: boss | F23: 非R | G23: 30 | H23: 30 | I23: 0.1 | J23: 0.7 | K23: 1 | L23: 5 | M23: 1 | N23: 2 | O23: =HLOOKUP(O$5,[1]非R能力!$B$8:$F$558,$D23+1,0) -> 2674530.2 | P23: =HLOOKUP(P$5,[1]非R能力!$B$8:$F$558,$D23+1,0) -> 371147.95 | Q23: =HLOOKUP(Q$5,[1]非R能力!$B$8:$F$558,$D23+1,0) -> 180663.03 | R23: =HLOOKUP(R$5,[1]非R能力!$B$8:$F$558,$D23+1,0) -> 56616.731 | S23: =HLOOKUP(S$5,[1]非R能力!$B$8:$F$558,$D23+1,0) -> 73368.569 | T23: =INDEX([1]非R能力!$H$9:$H$558,D23) -> 74359.208 | U23: =IF(INDEX([1]非R能力!$FK$9:$FK$558,D23)=0,0,10) -> 10 | V23: =IF(INDEX([1]非R能力!$FH$9:$FH$558,D23)=0,0,5000) -> 5000 | W23: =HLOOKUP(W$5,[2]人物技能基础!$O$3:$Q$553,$D23+1,0) -> 3.6371429 | X23: =HLOOKUP(X$5,[2]人物技能基础!$O$3:$Q$553,$D23+1,0) -> 2.0186429 | Y23: =HLOOKUP(Y$5,[2]人物技能基础!$O$3:$Q$553,$D23+1,0) -> 99.964286 | Z23: =INT(((P23-AB23)*X23+(Y23+T23))*G23*J23*$D$2) -> 12579074 | AA23: =IF(H23=0,IF(U23=0,INT(Q23/5),IF(V23=0,INT(Q23/5),INT((V23/U23)/(1/N23*M23)/L23+Q23))),INT((IF(U23=0,0,V23/U23/(1/N23*M23))+O23/H23)/L23+Q23)) -> 198693 | AB23: =INT(P23*I23) -> 37114 | AC23: =INT(K23*S23) -> 73368 | AD23: =INT(R23/J23) -> 80881

Sheet 野外bss
D1: 伤害溢出修正 | F1: 技能目标误差修正 | H1: 平均一个野外boss2个玩家在抢，每人平均40下，击杀时间约25秒，单人击杀时间约为65~70秒
D2: 0.8 | F2: 0.8
D4: 怪物属性设计 | O4: 目标玩家能力（简易版，仅有计算玩家基础属性,不计算化神，宠物，以后再添加特殊属性和化神等因素） | Z4: 怪物属性
A5: boss等级 | B5: 怪物名字 | C5: 怪物等级 | D5: 属性等级 | E5: 怪物类型 | F5: 能力模板 | G5: 怪物受击 | H5: 玩家受击 | I5: 防御抵消比例 | J5: 玩家对怪物命中 | K5: 怪物对玩家命中 | L5: 怪物技能系数 | M5: 围攻怪物个数 | N5: 攻击间隔/s | O5: 生命 | P5: 攻击 | Q5: 防御 | R5: 命中 | S5: 闪避 | T5: 技能固定伤害 | U5: 回血间隔 | V5: 回血量 | W5: 每招平均目标 | X5: 每招平均技能伤害 | Y5: 每招平均固伤 | Z5: 生命 | AA5: 攻击 | AB5: 防御 | AC5: 命中 | AD5: 闪避 | AJ5: 怪物属性算法
A6: =[2]基础装备!X5 -> 75 | B6: =A6&"级野外boss" -> 75级野外boss | C6: =A6 -> 75 | D6: =C6-10 -> 65 | E6: boss | F6: 非R | G6: =2*40 -> 80 | H6: 120 | I6: 0.2 | J6: 0.7 | K6: 1 | L6: 5 | M6: 1 | N6: 2 | O6: =HLOOKUP(O$5,[1]非R能力!$B$8:$F$558,$D6+1,0) -> 11949.176 | P6: =HLOOKUP(P$5,[1]非R能力!$B$8:$F$558,$D6+1,0) -> 2145.8371 | Q6: =HLOOKUP(Q$5,[1]非R能力!$B$8:$F$558,$D6+1,0) -> 1574.7679 | R6: =HLOOKUP(R$5,[1]非R能力!$B$8:$F$558,$D6+1,0) -> 559.07641 | S6: =HLOOKUP(S$5,[1]非R能力!$B$8:$F$558,$D6+1,0) -> 778.76854 | T6: =INDEX([1]非R能力!$H$9:$H$558,D6) -> 28.459063 | U6: =IF(INDEX([1]非R能力!$FK$9:$FK$558,D6)=0,0,10) -> 0 | V6: =IF(INDEX([1]非R能力!$FH$9:$FH$558,D6)=0,0,5000) -> 0 | W6: =HLOOKUP(W$5,[2]人物技能基础!$O$3:$Q$553,$D6+1,0) -> 3.6371429 | X6: =HLOOKUP(X$5,[2]人物技能基础!$O$3:$Q$553,$D6+1,0) -> 2.0186429 | Y6: =HLOOKUP(Y$5,[2]人物技能基础!$O$3:$Q$553,$D6+1,0) -> 99.964286 | Z6: =INT(((P6-AB6)*X6+(Y6+T6))*G6*J6*$D$2) -> 161015 | AA6: =IF(H6=0,IF(U6=0,INT(Q6/5),IF(V6=0,INT(Q6/5),INT((V6/U6)/(1/N6*M6)/L6+Q6))),INT((IF(U6=0,0,V6/U6/(1/N6*M6))+O6/H6)/L6+Q6)) -> 1594 | AB6: =INT(P6*I6) -> 429 | AC6: =INT(K6*S6) -> 778 | AD6: =INT(R6/J6) -> 798 | AJ6: 生命 | AK6: （（攻击-怪物防御）*技能系数+技能固伤）*怪物受击*玩家命中*伤害溢出修正
A7: =[2]基础装备!X6 -> 120 | B7: =A7&"级野外boss" -> 120级野外boss | C7: =A7 -> 120 | D7: =C7-5 -> 115 | E7: boss | F7: 非R | G7: =2*40 -> 80 | H7: 120 | I7: 0.2 | J7: 0.7 | K7: 1 | L7: 5 | M7: 1 | N7: 2 | O7: =HLOOKUP(O$5,[1]非R能力!$B$8:$F$558,$D7+1,0) -> 40627.131 | P7: =HLOOKUP(P$5,[1]非R能力!$B$8:$F$558,$D7+1,0) -> 10015.553 | Q7: =HLOOKUP(Q$5,[1]非R能力!$B$8:$F$558,$D7+1,0) -> 5710.961 | R7: =HLOOKUP(R$5,[1]非R能力!$B$8:$F$558,$D7+1,0) -> 1616.3145 | S7: =HLOOKUP(S$5,[1]非R能力!$B$8:$F$558,$D7+1,0) -> 2330.0294 | T7: =INDEX([1]非R能力!$H$9:$H$558,D7) -> 289.38111 | U7: =IF(INDEX([1]非R能力!$FK$9:$FK$558,D7)=0,0,10) -> 10 | V7: =IF(INDEX([1]非R能力!$FH$9:$FH$558,D7)=0,0,5000) -> 5000 | W7: =HLOOKUP(W$5,[2]人物技能基础!$O$3:$Q$553,$D7+1,0) -> 3.6371429 | X7: =HLOOKUP(X$5,[2]人物技能基础!$O$3:$Q$553,$D7+1,0) -> 2.0186429 | Y7: =HLOOKUP(Y$5,[2]人物技能基础!$O$3:$Q$553,$D7+1,0) -> 99.964286 | Z7: =INT(((P7-AB7)*X7+(Y7+T7))*G7*J7*$D$2) -> 742059 | AA7: =IF(H7=0,IF(U7=0,INT(Q7/5),IF(V7=0,INT(Q7/5),INT((V7/U7)/(1/N7*M7)/L7+Q7))),INT((IF(U7=0,0,V7/U7/(1/N7*M7))+O7/H7)/L7+Q7)) -> 5978 | AB7: =INT(P7*I7) -> 2003 | AC7: =INT(K7*S7) -> 2330 | AD7: =INT(R7/J7) -> 2309
A8: =[2]基础装备!X7 -> 200 | B8: =A8&"级野外boss" -> 200级野外boss | C8: =A8 -> 200 | D8: =C8 -> 200 | E8: boss | F8: 非R | G8: =2*40 -> 80 | H8: 120 | I8: 0.2 | J8: 0.7 | K8: 1 | L8: 5 | M8: 1 | N8: 2 | O8: =HLOOKUP(O$5,[1]非R能力!$B$8:$F$558,$D8+1,0) -> 107784.87 | P8: =HLOOKUP(P$5,[1]非R能力!$B$8:$F$558,$D8+1,0) -> 22104.517 | Q8: =HLOOKUP(Q$5,[1]非R能力!$B$8:$F$558,$D8+1,0) -> 11799.062 | R8: =HLOOKUP(R$5,[1]非R能力!$B$8:$F$558,$D8+1,0) -> 3946.3154 | S8: =HLOOKUP(S$5,[1]非R能力!$B$8:$F$558,$D8+1,0) -> 4776.8845 | T8: =INDEX([1]非R能力!$H$9:$H$558,D8) -> 7164.8291 | U8: =IF(INDEX([1]非R能力!$FK$9:$FK$558,D8)=0,0,10) -> 10 | V8: =IF(INDEX([1]非R能力!$FH$9:$FH$558,D8)=0,0,5000) -> 5000 | W8: =HLOOKUP(W$5,[2]人物技能基础!$O$3:$Q$553,$D8+1,0) -> 3.6371429 | X8: =HLOOKUP(X$5,[2]人物技能基础!$O$3:$Q$553,$D8+1,0) -> 2.0186429 | Y8: =HLOOKUP(Y$5,[2]人物技能基础!$O$3:$Q$553,$D8+1,0) -> 99.964286 | Z8: =INT(((P8-AB8)*X8+(Y8+T8))*G8*J8*$D$2) -> 1924765 | AA8: =IF(H8=0,IF(U8=0,INT(Q8/5),IF(V8=0,INT(Q8/5),INT((V8/U8)/(1/N8*M8)/L8+Q8))),INT((IF(U8=0,0,V8/U8/(1/N8*M8))+O8/H8)/L8+Q8)) -> 12178 | AB8: =INT(P8*I8) -> 4420 | AC8: =INT(K8*S8) -> 4776 | AD8: =INT(R8/J8) -> 5637
A9: =[2]基础装备!X8 -> 225 | B9: =A9&"级野外boss" -> 225级野外boss | C9: =A9 -> 225 | D9: =C9 -> 225 | E9: boss | F9: 非R | G9: =2*40 -> 80 | H9: 120 | I9: 0.2 | J9: 0.7 | K9: 1 | L9: 5 | M9: 1 | N9: 2 | O9: =HLOOKUP(O$5,[1]非R能力!$B$8:$F$558,$D9+1,0) -> 140011.21 | P9: =HLOOKUP(P$5,[1]非R能力!$B$8:$F$558,$D9+1,0) -> 27470.791 | Q9: =HLOOKUP(Q$5,[1]非R能力!$B$8:$F$558,$D9+1,0) -> 17651.095 | R9: =HLOOKUP(R$5,[1]非R能力!$B$8:$F$558,$D9+1,0) -> 4701.219 | S9: =HLOOKUP(S$5,[1]非R能力!$B$8:$F$558,$D9+1,0) -> 5734.8246 | T9: =INDEX([1]非R能力!$H$9:$H$558,D9) -> 10442.261 | U9: =IF(INDEX([1]非R能力!$FK$9:$FK$558,D9)=0,0,10) -> 10 | V9: =IF(INDEX([1]非R能力!$FH$9:$FH$558,D9)=0,0,5000) -> 5000 | W9: =HLOOKUP(W$5,[2]人物技能基础!$O$3:$Q$553,$D9+1,0) -> 3.6371429 | X9: =HLOOKUP(X$5,[2]人物技能基础!$O$3:$Q$553,$D9+1,0) -> 2.0186429 | Y9: =HLOOKUP(Y$5,[2]人物技能基础!$O$3:$Q$553,$D9+1,0) -> 99.964286 | Z9: =INT(((P9-AB9)*X9+(Y9+T9))*G9*J9*$D$2) -> 2459767 | AA9: =IF(H9=0,IF(U9=0,INT(Q9/5),IF(V9=0,INT(Q9/5),INT((V9/U9)/(1/N9*M9)/L9+Q9))),INT((IF(U9=0,0,V9/U9/(1/N9*M9))+O9/H9)/L9+Q9)) -> 18084 | AB9: =INT(P9*I9) -> 5494 | AC9: =INT(K9*S9) -> 5734 | AD9: =INT(R9/J9) -> 6716
A10: =[2]基础装备!X9 -> 250 | B10: =A10&"级野外boss" -> 250级野外boss | C10: =A10 -> 250 | D10: =C10 -> 250 | E10: boss | F10: 非R | G10: =2*40 -> 80 | H10: 120 | I10: 0.2 | J10: 0.7 | K10: 1 | L10: 5 | M10: 1 | N10: 2 | O10: =HLOOKUP(O$5,[1]非R能力!$B$8:$F$558,$D10+1,0) -> 182781.49 | P10: =HLOOKUP(P$5,[1]非R能力!$B$8:$F$558,$D10+1,0) -> 34702.846 | Q10: =HLOOKUP(Q$5,[1]非R能力!$B$8:$F$558,$D10+1,0) -> 21102.148 | R10: =HLOOKUP(R$5,[1]非R能力!$B$8:$F$558,$D10+1,0) -> 5592.8641 | S10: =HLOOKUP(S$5,[1]非R能力!$B$8:$F$558,$D10+1,0) -> 6941.7828 | T10: =INDEX([1]非R能力!$H$9:$H$558,D10) -> 12589.769 | U10: =IF(INDEX([1]非R能力!$FK$9:$FK$558,D10)=0,0,10) -> 10 | V10: =IF(INDEX([1]非R能力!$FH$9:$FH$558,D10)=0,0,5000) -> 5000 | W10: =HLOOKUP(W$5,[2]人物技能基础!$O$3:$Q$553,$D10+1,0) -> 3.6371429 | X10: =HLOOKUP(X$5,[2]人物技能基础!$O$3:$Q$553,$D10+1,0) -> 2.0186429 | Y10: =HLOOKUP(Y$5,[2]人物技能基础!$O$3:$Q$553,$D10+1,0) -> 99.964286 | Z10: =INT(((P10-AB10)*X10+(Y10+T10))*G10*J10*$D$2) -> 3079238 | AA10: =IF(H10=0,IF(U10=0,INT(Q10/5),IF(V10=0,INT(Q10/5),INT((V10/U10)/(1/N10*M10)/L10+Q10))),INT((IF(U10=0,0,V10/U10/(1/N10*M10))+O10/H10)/L10+Q10)) -> 21606 | AB10: =INT(P10*I10) -> 6940 | AC10: =INT(K10*S10) -> 6941 | AD10: =INT(R10/J10) -> 7989
A11: =[2]基础装备!X10 -> 275 | B11: =A11&"级野外boss" -> 275级野外boss | C11: =A11 -> 275 | D11: =C11 -> 275 | E11: boss | F11: 非R | G11: =2*40 -> 80 | H11: 120 | I11: 0.2 | J11: 0.7 | K11: 1 | L11: 5 | M11: 1 | N11: 2 | O11: =HLOOKUP(O$5,[1]非R能力!$B$8:$F$558,$D11+1,0) -> 259422.16 | P11: =HLOOKUP(P$5,[1]非R能力!$B$8:$F$558,$D11+1,0) -> 48467.014 | Q11: =HLOOKUP(Q$5,[1]非R能力!$B$8:$F$558,$D11+1,0) -> 29625.345 | R11: =HLOOKUP(R$5,[1]非R能力!$B$8:$F$558,$D11+1,0) -> 7660.5635 | S11: =HLOOKUP(S$5,[1]非R能力!$B$8:$F$558,$D11+1,0) -> 9915.2017 | T11: =INDEX([1]非R能力!$H$9:$H$558,D11) -> 15039.455 | U11: =IF(INDEX([1]非R能力!$FK$9:$FK$558,D11)=0,0,10) -> 10 | V11: =IF(INDEX([1]非R能力!$FH$9:$FH$558,D11)=0,0,5000) -> 5000 | W11: =HLOOKUP(W$5,[2]人物技能基础!$O$3:$Q$553,$D11+1,0) -> 3.6371429 | X11: =HLOOKUP(X$5,[2]人物技能基础!$O$3:$Q$553,$D11+1,0) -> 2.0186429 | Y11: =HLOOKUP(Y$5,[2]人物技能基础!$O$3:$Q$553,$D11+1,0) -> 99.964286 | Z11: =INT(((P11-AB11)*X11+(Y11+T11))*G11*J11*$D$2) -> 4184781 | AA11: =IF(H11=0,IF(U11=0,INT(Q11/5),IF(V11=0,INT(Q11/5),INT((V11/U11)/(1/N11*M11)/L11+Q11))),INT((IF(U11=0,0,V11/U11/(1/N11*M11))+O11/H11)/L11+Q11)) -> 30257 | AB11: =INT(P11*I11) -> 9693 | AC11: =INT(K11*S11) -> 9915 | AD11: =INT(R11/J11) -> 10943
A12: =[2]基础装备!X11 -> 300 | B12: =A12&"级野外boss" -> 300级野外boss | C12: =A12 -> 300 | D12: =C12 -> 300 | E12: boss | F12: 非R | G12: =2*40 -> 80 | H12: 120 | I12: 0.2 | J12: 0.7 | K12: 1 | L12: 5 | M12: 1 | N12: 2 | O12: =HLOOKUP(O$5,[1]非R能力!$B$8:$F$558,$D12+1,0) -> 409002.32 | P12: =HLOOKUP(P$5,[1]非R能力!$B$8:$F$558,$D12+1,0) -> 70358.046 | Q12: =HLOOKUP(Q$5,[1]非R能力!$B$8:$F$558,$D12+1,0) -> 42521.249 | R12: =HLOOKUP(R$5,[1]非R能力!$B$8:$F$558,$D12+1,0) -> 56463.899 | S12: =HLOOKUP(S$5,[1]非R能力!$B$8:$F$558,$D12+1,0) -> 15445.657 | T12: =INDEX([1]非R能力!$H$9:$H$558,D12) -> 17828.778 | U12: =IF(INDEX([1]非R能力!$FK$9:$FK$558,D12)=0,0,10) -> 10 | V12: =IF(INDEX([1]非R能力!$FH$9:$FH$558,D12)=0,0,5000) -> 5000 | W12: =HLOOKUP(W$5,[2]人物技能基础!$O$3:$Q$553,$D12+1,0) -> 3.6371429 | X12: =HLOOKUP(X$5,[2]人物技能基础!$O$3:$Q$553,$D12+1,0) -> 2.0186429 | Y12: =HLOOKUP(Y$5,[2]人物技能基础!$O$3:$Q$553,$D12+1,0) -> 99.964286 | Z12: =INT(((P12-AB12)*X12+(Y12+T12))*G12*J12*$D$2) -> 5893537 | AA12: =IF(H12=0,IF(U12=0,INT(Q12/5),IF(V12=0,INT(Q12/5),INT((V12/U12)/(1/N12*M12)/L12+Q12))),INT((IF(U12=0,0,V12/U12/(1/N12*M12))+O12/H12)/L12+Q12)) -> 43402 | AB12: =INT(P12*I12) -> 14071 | AC12: =INT(K12*S12) -> 15445 | AD12: =INT(R12/J12) -> 80662
A13: =[2]基础装备!X12 -> 325 | B13: =A13&"级野外boss" -> 325级野外boss | C13: =A13 -> 325 | D13: =C13 -> 325 | E13: boss | F13: 非R | G13: =2*40 -> 80 | H13: 120 | I13: 0.2 | J13: 0.7 | K13: 1 | L13: 5 | M13: 1 | N13: 2 | O13: =HLOOKUP(O$5,[1]非R能力!$B$8:$F$558,$D13+1,0) -> 623773.64 | P13: =HLOOKUP(P$5,[1]非R能力!$B$8:$F$558,$D13+1,0) -> 97671.389 | Q13: =HLOOKUP(Q$5,[1]非R能力!$B$8:$F$558,$D13+1,0) -> 56956.215 | R13: =HLOOKUP(R$5,[1]非R能力!$B$8:$F$558,$D13+1,0) -> 61820.457 | S13: =HLOOKUP(S$5,[1]非R能力!$B$8:$F$558,$D13+1,0) -> 21333.565 | T13: =INDEX([1]非R能力!$H$9:$H$558,D13) -> 20997.595 | U13: =IF(INDEX([1]非R能力!$FK$9:$FK$558,D13)=0,0,10) -> 10 | V13: =IF(INDEX([1]非R能力!$FH$9:$FH$558,D13)=0,0,5000) -> 5000 | W13: =HLOOKUP(W$5,[2]人物技能基础!$O$3:$Q$553,$D13+1,0) -> 3.6371429 | X13: =HLOOKUP(X$5,[2]人物技能基础!$O$3:$Q$553,$D13+1,0) -> 2.0186429 | Y13: =HLOOKUP(Y$5,[2]人物技能基础!$O$3:$Q$553,$D13+1,0) -> 99.964286 | Z13: =INT(((P13-AB13)*X13+(Y13+T13))*G13*J13*$D$2) -> 8011541 | AA13: =IF(H13=0,IF(U13=0,INT(Q13/5),IF(V13=0,INT(Q13/5),INT((V13/U13)/(1/N13*M13)/L13+Q13))),INT((IF(U13=0,0,V13/U13/(1/N13*M13))+O13/H13)/L13+Q13)) -> 58195 | AB13: =INT(P13*I13) -> 19534 | AC13: =INT(K13*S13) -> 21333 | AD13: =INT(R13/J13) -> 88314
A14: =[2]基础装备!X13 -> 350 | B14: =A14&"级野外boss" -> 350级野外boss | C14: =A14 -> 350 | D14: =C14 -> 350 | E14: boss | F14: 非R | G14: =2*40 -> 80 | H14: 120 | I14: 0.2 | J14: 0.7 | K14: 1 | L14: 5 | M14: 1 | N14: 2 | O14: =HLOOKUP(O$5,[1]非R能力!$B$8:$F$558,$D14+1,0) -> 810712.74 | P14: =HLOOKUP(P$5,[1]非R能力!$B$8:$F$558,$D14+1,0) -> 121774.47 | Q14: =HLOOKUP(Q$5,[1]非R能力!$B$8:$F$558,$D14+1,0) -> 68368.938 | R14: =HLOOKUP(R$5,[1]非R能力!$B$8:$F$558,$D14+1,0) -> 19987.25 | S14: =HLOOKUP(S$5,[1]非R能力!$B$8:$F$558,$D14+1,0) -> 26649.6 | T14: =INDEX([1]非R能力!$H$9:$H$558,D14) -> 24588.164 | U14: =IF(INDEX([1]非R能力!$FK$9:$FK$558,D14)=0,0,10) -> 10 | V14: =IF(INDEX([1]非R能力!$FH$9:$FH$558,D14)=0,0,5000) -> 5000 | W14: =HLOOKUP(W$5,[2]人物技能基础!$O$3:$Q$553,$D14+1,0) -> 3.6371429 | X14: =HLOOKUP(X$5,[2]人物技能基础!$O$3:$Q$553,$D14+1,0) -> 2.0186429 | Y14: =HLOOKUP(Y$5,[2]人物技能基础!$O$3:$Q$553,$D14+1,0) -> 99.964286 | Z14: =INT(((P14-AB14)*X14+(Y14+T14))*G14*J14*$D$2) -> 9916268 | AA14: =IF(H14=0,IF(U14=0,INT(Q14/5),IF(V14=0,INT(Q14/5),INT((V14/U14)/(1/N14*M14)/L14+Q14))),INT((IF(U14=0,0,V14/U14/(1/N14*M14))+O14/H14)/L14+Q14)) -> 69920 | AB14: =INT(P14*I14) -> 24354 | AC14: =INT(K14*S14) -> 26649 | AD14: =INT(R14/J14) -> 28553
A15: =[2]基础装备!X14 -> 375 | B15: =A15&"级野外boss" -> 375级野外boss | C15: =A15 -> 375 | D15: =C15 -> 375 | E15: boss | F15: 非R | G15: =2*40 -> 80 | H15: 120 | I15: 0.2 | J15: 0.7 | K15: 1 | L15: 5 | M15: 1 | N15: 2 | O15: =HLOOKUP(O$5,[1]非R能力!$B$8:$F$558,$D15+1,0) -> 1049754.8 | P15: =HLOOKUP(P$5,[1]非R能力!$B$8:$F$558,$D15+1,0) -> 155689.92 | Q15: =HLOOKUP(Q$5,[1]非R能力!$B$8:$F$558,$D15+1,0) -> 87574.97 | R15: =HLOOKUP(R$5,[1]非R能力!$B$8:$F$558,$D15+1,0) -> 26286.01 | S15: =HLOOKUP(S$5,[1]非R能力!$B$8:$F$558,$D15+1,0) -> 35920.736 | T15: =INDEX([1]非R能力!$H$9:$H$558,D15) -> 28645.145 | U15: =IF(INDEX([1]非R能力!$FK$9:$FK$558,D15)=0,0,10) -> 10 | V15: =IF(INDEX([1]非R能力!$FH$9:$FH$558,D15)=0,0,5000) -> 5000 | W15: =HLOOKUP(W$5,[2]人物技能基础!$O$3:$Q$553,$D15+1,0) -> 3.6371429 | X15: =HLOOKUP(X$5,[2]人物技能基础!$O$3:$Q$553,$D15+1,0) -> 2.0186429 | Y15: =HLOOKUP(Y$5,[2]人物技能基础!$O$3:$Q$553,$D15+1,0) -> 99.964286 | Z15: =INT(((P15-AB15)*X15+(Y15+T15))*G15*J15*$D$2) -> 12551749 | AA15: =IF(H15=0,IF(U15=0,INT(Q15/5),IF(V15=0,INT(Q15/5),INT((V15/U15)/(1/N15*M15)/L15+Q15))),INT((IF(U15=0,0,V15/U15/(1/N15*M15))+O15/H15)/L15+Q15)) -> 89524 | AB15: =INT(P15*I15) -> 31137 | AC15: =INT(K15*S15) -> 35920 | AD15: =INT(R15/J15) -> 37551
A16: =[2]基础装备!X15 -> 400 | B16: =A16&"级野外boss" -> 400级野外boss | C16: =A16 -> 400 | D16: =C16 -> 400 | E16: boss | F16: 非R | G16: =2*40 -> 80 | H16: 120 | I16: 0.2 | J16: 0.7 | K16: 1 | L16: 5 | M16: 1 | N16: 2 | O16: =HLOOKUP(O$5,[1]非R能力!$B$8:$F$558,$D16+1,0) -> 1185370.5 | P16: =HLOOKUP(P$5,[1]非R能力!$B$8:$F$558,$D16+1,0) -> 173146.15 | Q16: =HLOOKUP(Q$5,[1]非R能力!$B$8:$F$558,$D16+1,0) -> 95408.041 | R16: =HLOOKUP(R$5,[1]非R能力!$B$8:$F$558,$D16+1,0) -> 28892.178 | S16: =HLOOKUP(S$5,[1]非R能力!$B$8:$F$558,$D16+1,0) -> 38976.283 | T16: =INDEX([1]非R能力!$H$9:$H$558,D16) -> 33215.6 | U16: =IF(INDEX([1]非R能力!$FK$9:$FK$558,D16)=0,0,10) -> 10 | V16: =IF(INDEX([1]非R能力!$FH$9:$FH$558,D16)=0,0,5000) -> 5000 | W16: =HLOOKUP(W$5,[2]人物技能基础!$O$3:$Q$553,$D16+1,0) -> 3.6371429 | X16: =HLOOKUP(X$5,[2]人物技能基础!$O$3:$Q$553,$D16+1,0) -> 2.0186429 | Y16: =HLOOKUP(Y$5,[2]人物技能基础!$O$3:$Q$553,$D16+1,0) -> 99.964286 | Z16: =INT(((P16-AB16)*X16+(Y16+T16))*G16*J16*$D$2) -> 14019363 | AA16: =IF(H16=0,IF(U16=0,INT(Q16/5),IF(V16=0,INT(Q16/5),INT((V16/U16)/(1/N16*M16)/L16+Q16))),INT((IF(U16=0,0,V16/U16/(1/N16*M16))+O16/H16)/L16+Q16)) -> 97583 | AB16: =INT(P16*I16) -> 34629 | AC16: =INT(K16*S16) -> 38976 | AD16: =INT(R16/J16) -> 41274
A17: =[2]基础装备!X16 -> 425 | B17: =A17&"级野外boss" -> 425级野外boss | C17: =A17 -> 425 | D17: =C17 -> 425 | E17: boss | F17: 非R | G17: =2*40 -> 80 | H17: 120 | I17: 0.2 | J17: 0.7 | K17: 1 | L17: 5 | M17: 1 | N17: 2 | O17: =HLOOKUP(O$5,[1]非R能力!$B$8:$F$558,$D17+1,0) -> 1365403 | P17: =HLOOKUP(P$5,[1]非R能力!$B$8:$F$558,$D17+1,0) -> 198123.17 | Q17: =HLOOKUP(Q$5,[1]非R能力!$B$8:$F$558,$D17+1,0) -> 107166.07 | R17: =HLOOKUP(R$5,[1]非R能力!$B$8:$F$558,$D17+1,0) -> 32793.565 | S17: =HLOOKUP(S$5,[1]非R能力!$B$8:$F$558,$D17+1,0) -> 43450.681 | T17: =INDEX([1]非R能力!$H$9:$H$558,D17) -> 38348.99 | U17: =IF(INDEX([1]非R能力!$FK$9:$FK$558,D17)=0,0,10) -> 10 | V17: =IF(INDEX([1]非R能力!$FH$9:$FH$558,D17)=0,0,5000) -> 5000 | W17: =HLOOKUP(W$5,[2]人物技能基础!$O$3:$Q$553,$D17+1,0) -> 3.6371429 | X17: =HLOOKUP(X$5,[2]人物技能基础!$O$3:$Q$553,$D17+1,0) -> 2.0186429 | Y17: =HLOOKUP(Y$5,[2]人物技能基础!$O$3:$Q$553,$D17+1,0) -> 99.964286 | Z17: =INT(((P17-AB17)*X17+(Y17+T17))*G17*J17*$D$2) -> 16056417 | AA17: =IF(H17=0,IF(U17=0,INT(Q17/5),IF(V17=0,INT(Q17/5),INT((V17/U17)/(1/N17*M17)/L17+Q17))),INT((IF(U17=0,0,V17/U17/(1/N17*M17))+O17/H17)/L17+Q17)) -> 109641 | AB17: =INT(P17*I17) -> 39624 | AC17: =INT(K17*S17) -> 43450 | AD17: =INT(R17/J17) -> 46847
A18: =[2]基础装备!X17 -> 450 | B18: =A18&"级野外boss" -> 450级野外boss | C18: =A18 -> 450 | D18: =C18 -> 450 | E18: boss | F18: 非R | G18: =2*40 -> 80 | H18: 120 | I18: 0.2 | J18: 0.7 | K18: 1 | L18: 5 | M18: 1 | N18: 2 | O18: =HLOOKUP(O$5,[1]非R能力!$B$8:$F$558,$D18+1,0) -> 1514166.9 | P18: =HLOOKUP(P$5,[1]非R能力!$B$8:$F$558,$D18+1,0) -> 215507.01 | Q18: =HLOOKUP(Q$5,[1]非R能力!$B$8:$F$558,$D18+1,0) -> 114372.35 | R18: =HLOOKUP(R$5,[1]非R能力!$B$8:$F$558,$D18+1,0) -> 35109.592 | S18: =HLOOKUP(S$5,[1]非R能力!$B$8:$F$558,$D18+1,0) -> 46259.04 | T18: =INDEX([1]非R能力!$H$9:$H$558,D18) -> 44097.178 | U18: =IF(INDEX([1]非R能力!$FK$9:$FK$558,D18)=0,0,10) -> 10 | V18: =IF(INDEX([1]非R能力!$FH$9:$FH$558,D18)=0,0,5000) -> 5000 | W18: =HLOOKUP(W$5,[2]人物技能基础!$O$3:$Q$553,$D18+1,0) -> 3.6371429 | X18: =HLOOKUP(X$5,[2]人物技能基础!$O$3:$Q$553,$D18+1,0) -> 2.0186429 | Y18: =HLOOKUP(Y$5,[2]人物技能基础!$O$3:$Q$553,$D18+1,0) -> 99.964286 | Z18: =INT(((P18-AB18)*X18+(Y18+T18))*G18*J18*$D$2) -> 17571603 | AA18: =IF(H18=0,IF(U18=0,INT(Q18/5),IF(V18=0,INT(Q18/5),INT((V18/U18)/(1/N18*M18)/L18+Q18))),INT((IF(U18=0,0,V18/U18/(1/N18*M18))+O18/H18)/L18+Q18)) -> 117095 | AB18: =INT(P18*I18) -> 43101 | AC18: =INT(K18*S18) -> 46259 | AD18: =INT(R18/J18) -> 50156
A19: =[2]基础装备!X18 -> 475 | B19: =A19&"级野外boss" -> 475级野外boss | C19: =A19 -> 475 | D19: =C19 -> 475 | E19: boss | F19: 非R | G19: =2*40 -> 80 | H19: 120 | I19: 0.2 | J19: 0.7 | K19: 1 | L19: 5 | M19: 1 | N19: 2 | O19: =HLOOKUP(O$5,[1]非R能力!$B$8:$F$558,$D19+1,0) -> 1802644.1 | P19: =HLOOKUP(P$5,[1]非R能力!$B$8:$F$558,$D19+1,0) -> 255768.43 | Q19: =HLOOKUP(Q$5,[1]非R能力!$B$8:$F$558,$D19+1,0) -> 132839.04 | R19: =HLOOKUP(R$5,[1]非R能力!$B$8:$F$558,$D19+1,0) -> 41019.43 | S19: =HLOOKUP(S$5,[1]非R能力!$B$8:$F$558,$D19+1,0) -> 53989.178 | T19: =INDEX([1]非R能力!$H$9:$H$558,D19) -> 50514.428 | U19: =IF(INDEX([1]非R能力!$FK$9:$FK$558,D19)=0,0,10) -> 10 | V19: =IF(INDEX([1]非R能力!$FH$9:$FH$558,D19)=0,0,5000) -> 5000 | W19: =HLOOKUP(W$5,[2]人物技能基础!$O$3:$Q$553,$D19+1,0) -> 3.6371429 | X19: =HLOOKUP(X$5,[2]人物技能基础!$O$3:$Q$553,$D19+1,0) -> 2.0186429 | Y19: =HLOOKUP(Y$5,[2]人物技能基础!$O$3:$Q$553,$D19+1,0) -> 99.964286 | Z19: =INT(((P19-AB19)*X19+(Y19+T19))*G19*J19*$D$2) -> 20771962 | AA19: =IF(H19=0,IF(U19=0,INT(Q19/5),IF(V19=0,INT(Q19/5),INT((V19/U19)/(1/N19*M19)/L19+Q19))),INT((IF(U19=0,0,V19/U19/(1/N19*M19))+O19/H19)/L19+Q19)) -> 136043 | AB19: =INT(P19*I19) -> 51153 | AC19: =INT(K19*S19) -> 53989 | AD19: =INT(R19/J19) -> 58599
... A22: =[2]基础装备!X21 -> 550 | B22: =A22&"级野外boss" -> 550级野外boss | C22: =A22 -> 550 | D22: =C22 -> 550 | E22: boss | F22: 非R | G22: =2*40 -> 80 | H22: 120 | I22: 0.2 | J22: 0.7 | K22: 1 | L22: 5 | M22: 1 | N22: 2 | O22: =HLOOKUP(O$5,[1]非R能力!$B$8:$F$558,$D22+1,0) -> 2674530.2 | P22: =HLOOKUP(P$5,[1]非R能力!$B$8:$F$558,$D22+1,0) -> 371147.95 | Q22: =HLOOKUP(Q$5,[1]非R能力!$B$8:$F$558,$D22+1,0) -> 180663.03 | R22: =HLOOKUP(R$5,[1]非R能力!$B$8:$F$558,$D22+1,0) -> 56616.731 | S22: =HLOOKUP(S$5,[1]非R能力!$B$8:$F$558,$D22+1,0) -> 73368.569 | T22: =INDEX([1]非R能力!$H$9:$H$558,D22) -> 74359.208 | U22: =IF(INDEX([1]非R能力!$FK$9:$FK$558,D22)=0,0,10) -> 10 | V22: =IF(INDEX([1]非R能力!$FH$9:$FH$558,D22)=0,0,5000) -> 5000 | W22: =HLOOKUP(W$5,[2]人物技能基础!$O$3:$Q$553,$D22+1,0) -> 3.6371429 | X22: =HLOOKUP(X$5,[2]人物技能基础!$O$3:$Q$553,$D22+1,0) -> 2.0186429 | Y22: =HLOOKUP(Y$5,[2]人物技能基础!$O$3:$Q$553,$D22+1,0) -> 99.964286 | Z22: =INT(((P22-AB22)*X22+(Y22+T22))*G22*J22*$D$2) -> 30187695 | AA22: =IF(H22=0,IF(U22=0,INT(Q22/5),IF(V22=0,INT(Q22/5),INT((V22/U22)/(1/N22*M22)/L22+Q22))),INT((IF(U22=0,0,V22/U22/(1/N22*M22))+O22/H22)/L22+Q22)) -> 185320 | AB22: =INT(P22*I22) -> 74229 | AC22: =INT(K22*S22) -> 73368 | AD22: =INT(R22/J22) -> 80881

Sheet 世界boss
D1: 伤害溢出修正 | F1: 技能目标误差修正 | H1: 这个版本人较少，按平均一个世界boss4个在打，平均每人打40下，纯击杀时间约25秒，护盾存在时间15秒
D2: 0.8 | F2: 0.8
D4: 怪物属性设计 | O4: 目标玩家能力（简易版，仅有计算玩家基础属性,不计算化神，宠物，以后再添加特殊属性和化神等因素） | Z4: 怪物属性
A5: boss等级 | B5: 怪物名字 | C5: 怪物等级 | D5: 属性等级 | E5: 怪物类型 | F5: 能力模板 | G5: 怪物受击 | H5: 玩家受击 | I5: 防御抵消比例 | J5: 玩家对怪物命中 | K5: 怪物对玩家命中 | L5: 怪物技能系数 | M5: 围攻怪物个数 | N5: 攻击间隔/s | O5: 生命 | P5: 攻击 | Q5: 防御 | R5: 命中 | S5: 闪避 | T5: 技能固定伤害 | U5: 回血间隔 | V5: 回血量 | W5: 每招平均目标 | X5: 每招平均技能伤害 | Y5: 每招平均固伤 | Z5: 生命 | AA5: 攻击 | AB5: 防御 | AC5: 命中 | AD5: 闪避 | AE5: 护盾血量
A6: =[2]基础装备!X7 -> 200 | B6: =A6&"级世界boss" -> 200级世界boss | C6: =A6 -> 200 | D6: =C6 -> 200 | E6: boss | F6: 非R | G6: =4*40 -> 160 | H6: =G6 -> 160 | I6: 0.2 | J6: 0.7 | K6: 1 | L6: 5 | M6: 1 | N6: 2 | O6: =HLOOKUP(O$5,[1]非R能力!$B$8:$F$558,$D6+1,0) -> 107784.87 | P6: =HLOOKUP(P$5,[1]非R能力!$B$8:$F$558,$D6+1,0) -> 22104.517 | Q6: =HLOOKUP(Q$5,[1]非R能力!$B$8:$F$558,$D6+1,0) -> 11799.062 | R6: =HLOOKUP(R$5,[1]非R能力!$B$8:$F$558,$D6+1,0) -> 3946.3154 | S6: =HLOOKUP(S$5,[1]非R能力!$B$8:$F$558,$D6+1,0) -> 4776.8845 | T6: =INDEX([1]非R能力!$H$9:$H$558,D6) -> 7164.8291 | U6: =IF(INDEX([1]非R能力!$FK$9:$FK$558,D6)=0,0,10) -> 10 | V6: =IF(INDEX([1]非R能力!$FH$9:$FH$558,D6)=0,0,5000) -> 5000 | W6: =HLOOKUP(W$5,[2]人物技能基础!$O$3:$Q$553,$D6+1,0) -> 3.6371429 | X6: =HLOOKUP(X$5,[2]人物技能基础!$O$3:$Q$553,$D6+1,0) -> 2.0186429 | Y6: =HLOOKUP(Y$5,[2]人物技能基础!$O$3:$Q$553,$D6+1,0) -> 99.964286 | Z6: =INT(((P6-AB6)*X6+(Y6+T6))*G6*J6*$D$2) -> 3849531 | AA6: =IF(H6=0,IF(U6=0,INT(Q6/5),IF(V6=0,INT(Q6/5),INT((V6/U6)/(1/N6*M6)/L6+Q6))),INT((IF(U6=0,0,V6/U6/(1/N6*M6))+O6/H6)/L6+Q6)) -> 12133 | AB6: =INT(P6*I6) -> 4420 | AC6: =INT(K6*S6) -> 4776 | AD6: =INT(R6/J6) -> 5637 | AE6: =15/0.6*4 -> 100 | AK6: （（攻击-怪物防御）*技能系数+技能固伤）*怪物受击*玩家命中*伤害溢出修正
A7: =[2]基础装备!X8 -> 225 | B7: =A7&"级世界boss" -> 225级世界boss | C7: =A7 -> 225 | D7: =C7 -> 225 | E7: boss | F7: 非R | G7: =4*40 -> 160 | H7: =G7 -> 160 | I7: 0.2 | J7: 0.7 | K7: 1 | L7: 5 | M7: 1 | N7: 2 | O7: =HLOOKUP(O$5,[1]非R能力!$B$8:$F$558,$D7+1,0) -> 140011.21 | P7: =HLOOKUP(P$5,[1]非R能力!$B$8:$F$558,$D7+1,0) -> 27470.791 | Q7: =HLOOKUP(Q$5,[1]非R能力!$B$8:$F$558,$D7+1,0) -> 17651.095 | R7: =HLOOKUP(R$5,[1]非R能力!$B$8:$F$558,$D7+1,0) -> 4701.219 | S7: =HLOOKUP(S$5,[1]非R能力!$B$8:$F$558,$D7+1,0) -> 5734.8246 | T7: =INDEX([1]非R能力!$H$9:$H$558,D7) -> 10442.261 | U7: =IF(INDEX([1]非R能力!$FK$9:$FK$558,D7)=0,0,10) -> 10 | V7: =IF(INDEX([1]非R能力!$FH$9:$FH$558,D7)=0,0,5000) -> 5000 | W7: =HLOOKUP(W$5,[2]人物技能基础!$O$3:$Q$553,$D7+1,0) -> 3.6371429 | X7: =HLOOKUP(X$5,[2]人物技能基础!$O$3:$Q$553,$D7+1,0) -> 2.0186429 | Y7: =HLOOKUP(Y$5,[2]人物技能基础!$O$3:$Q$553,$D7+1,0) -> 99.964286 | Z7: =INT(((P7-AB7)*X7+(Y7+T7))*G7*J7*$D$2) -> 4919534 | AA7: =IF(H7=0,IF(U7=0,INT(Q7/5),IF(V7=0,INT(Q7/5),INT((V7/U7)/(1/N7*M7)/L7+Q7))),INT((IF(U7=0,0,V7/U7/(1/N7*M7))+O7/H7)/L7+Q7)) -> 18026 | AB7: =INT(P7*I7) -> 5494 | AC7: =INT(K7*S7) -> 5734 | AD7: =INT(R7/J7) -> 6716 | AE7: =15/0.6*4 -> 100
A8: =[2]基础装备!X9 -> 250 | B8: =A8&"级世界boss" -> 250级世界boss | C8: =A8 -> 250 | D8: =C8 -> 250 | E8: boss | F8: 非R | G8: =4*40 -> 160 | H8: =G8 -> 160 | I8: 0.2 | J8: 0.7 | K8: 1 | L8: 5 | M8: 1 | N8: 2 | O8: =HLOOKUP(O$5,[1]非R能力!$B$8:$F$558,$D8+1,0) -> 182781.49 | P8: =HLOOKUP(P$5,[1]非R能力!$B$8:$F$558,$D8+1,0) -> 34702.846 | Q8: =HLOOKUP(Q$5,[1]非R能力!$B$8:$F$558,$D8+1,0) -> 21102.148 | R8: =HLOOKUP(R$5,[1]非R能力!$B$8:$F$558,$D8+1,0) -> 5592.8641 | S8: =HLOOKUP(S$5,[1]非R能力!$B$8:$F$558,$D8+1,0) -> 6941.7828 | T8: =INDEX([1]非R能力!$H$9:$H$558,D8) -> 12589.769 | U8: =IF(INDEX([1]非R能力!$FK$9:$FK$558,D8)=0,0,10) -> 10 | V8: =IF(INDEX([1]非R能力!$FH$9:$FH$558,D8)=0,0,5000) -> 5000 | W8: =HLOOKUP(W$5,[2]人物技能基础!$O$3:$Q$553,$D8+1,0) -> 3.6371429 | X8: =HLOOKUP(X$5,[2]人物技能基础!$O$3:$Q$553,$D8+1,0) -> 2.0186429 | Y8: =HLOOKUP(Y$5,[2]人物技能基础!$O$3:$Q$553,$D8+1,0) -> 99.964286 | Z8: =INT(((P8-AB8)*X8+(Y8+T8))*G8*J8*$D$2) -> 6158477 | AA8: =IF(H8=0,IF(U8=0,INT(Q8/5),IF(V8=0,INT(Q8/5),INT((V8/U8)/(1/N8*M8)/L8+Q8))),INT((IF(U8=0,0,V8/U8/(1/N8*M8))+O8/H8)/L8+Q8)) -> 21530 | AB8: =INT(P8*I8) -> 6940 | AC8: =INT(K8*S8) -> 6941 | AD8: =INT(R8/J8) -> 7989 | AE8: =15/0.6*4 -> 100
A9: =[2]基础装备!X10 -> 275 | B9: =A9&"级世界boss" -> 275级世界boss | C9: =A9 -> 275 | D9: =C9 -> 275 | E9: boss | F9: 非R | G9: =4*40 -> 160 | H9: =G9 -> 160 | I9: 0.2 | J9: 0.7 | K9: 1 | L9: 5 | M9: 1 | N9: 2 | O9: =HLOOKUP(O$5,[1]非R能力!$B$8:$F$558,$D9+1,0) -> 259422.16 | P9: =HLOOKUP(P$5,[1]非R能力!$B$8:$F$558,$D9+1,0) -> 48467.014 | Q9: =HLOOKUP(Q$5,[1]非R能力!$B$8:$F$558,$D9+1,0) -> 29625.345 | R9: =HLOOKUP(R$5,[1]非R能力!$B$8:$F$558,$D9+1,0) -> 7660.5635 | S9: =HLOOKUP(S$5,[1]非R能力!$B$8:$F$558,$D9+1,0) -> 9915.2017 | T9: =INDEX([1]非R能力!$H$9:$H$558,D9) -> 15039.455 | U9: =IF(INDEX([1]非R能力!$FK$9:$FK$558,D9)=0,0,10) -> 10 | V9: =IF(INDEX([1]非R能力!$FH$9:$FH$558,D9)=0,0,5000) -> 5000 | W9: =HLOOKUP(W$5,[2]人物技能基础!$O$3:$Q$553,$D9+1,0) -> 3.6371429 | X9: =HLOOKUP(X$5,[2]人物技能基础!$O$3:$Q$553,$D9+1,0) -> 2.0186429 | Y9: =HLOOKUP(Y$5,[2]人物技能基础!$O$3:$Q$553,$D9+1,0) -> 99.964286 | Z9: =INT(((P9-AB9)*X9+(Y9+T9))*G9*J9*$D$2) -> 8369563 | AA9: =IF(H9=0,IF(U9=0,INT(Q9/5),IF(V9=0,INT(Q9/5),INT((V9/U9)/(1/N9*M9)/L9+Q9))),INT((IF(U9=0,0,V9/U9/(1/N9*M9))+O9/H9)/L9+Q9)) -> 30149 | AB9: =INT(P9*I9) -> 9693 | AC9: =INT(K9*S9) -> 9915 | AD9: =INT(R9/J9) -> 10943 | AE9: =15/0.6*4 -> 100
A10: =[2]基础装备!X11 -> 300 | B10: =A10&"级世界boss" -> 300级世界boss | C10: =A10 -> 300 | D10: =C10 -> 300 | E10: boss | F10: 非R | G10: =4*40 -> 160 | H10: =G10 -> 160 | I10: 0.2 | J10: 0.7 | K10: 1 | L10: 5 | M10: 1 | N10: 2 | O10: =HLOOKUP(O$5,[1]非R能力!$B$8:$F$558,$D10+1,0) -> 409002.32 | P10: =HLOOKUP(P$5,[1]非R能力!$B$8:$F$558,$D10+1,0) -> 70358.046 | Q10: =HLOOKUP(Q$5,[1]非R能力!$B$8:$F$558,$D10+1,0) -> 42521.249 | R10: =HLOOKUP(R$5,[1]非R能力!$B$8:$F$558,$D10+1,0) -> 56463.899 | S10: =HLOOKUP(S$5,[1]非R能力!$B$8:$F$558,$D10+1,0) -> 15445.657 | T10: =INDEX([1]非R能力!$H$9:$H$558,D10) -> 17828.778 | U10: =IF(INDEX([1]非R能力!$FK$9:$FK$558,D10)=0,0,10) -> 10 | V10: =IF(INDEX([1]非R能力!$FH$9:$FH$558,D10)=0,0,5000) -> 5000 | W10: =HLOOKUP(W$5,[2]人物技能基础!$O$3:$Q$553,$D10+1,0) -> 3.6371429 | X10: =HLOOKUP(X$5,[2]人物技能基础!$O$3:$Q$553,$D10+1,0) -> 2.0186429 | Y10: =HLOOKUP(Y$5,[2]人物技能基础!$O$3:$Q$553,$D10+1,0) -> 99.964286 | Z10: =INT(((P10-AB10)*X10+(Y10+T10))*G10*J10*$D$2) -> 11787075 | AA10: =IF(H10=0,IF(U10=0,INT(Q10/5),IF(V10=0,INT(Q10/5),INT((V10/U10)/(1/N10*M10)/L10+Q10))),INT((IF(U10=0,0,V10/U10/(1/N10*M10))+O10/H10)/L10+Q10)) -> 43232 | AB10: =INT(P10*I10) -> 14071 | AC10: =INT(K10*S10) -> 15445 | AD10: =INT(R10/J10) -> 80662 | AE10: =15/0.6*4 -> 100
A11: =[2]基础装备!X12 -> 325 | B11: =A11&"级世界boss" -> 325级世界boss | C11: =A11 -> 325 | D11: =C11 -> 325 | E11: boss | F11: 非R | G11: =4*40 -> 160 | H11: =G11 -> 160 | I11: 0.2 | J11: 0.7 | K11: 1 | L11: 5 | M11: 1 | N11: 2 | O11: =HLOOKUP(O$5,[1]非R能力!$B$8:$F$558,$D11+1,0) -> 623773.64 | P11: =HLOOKUP(P$5,[1]非R能力!$B$8:$F$558,$D11+1,0) -> 97671.389 | Q11: =HLOOKUP(Q$5,[1]非R能力!$B$8:$F$558,$D11+1,0) -> 56956.215 | R11: =HLOOKUP(R$5,[1]非R能力!$B$8:$F$558,$D11+1,0) -> 61820.457 | S11: =HLOOKUP(S$5,[1]非R能力!$B$8:$F$558,$D11+1,0) -> 21333.565 | T11: =INDEX([1]非R能力!$H$9:$H$558,D11) -> 20997.595 | U11: =IF(INDEX([1]非R能力!$FK$9:$FK$558,D11)=0,0,10) -> 10 | V11: =IF(INDEX([1]非R能力!$FH$9:$FH$558,D11)=0,0,5000) -> 5000 | W11: =HLOOKUP(W$5,[2]人物技能基础!$O$3:$Q$553,$D11+1,0) -> 3.6371429 | X11: =HLOOKUP(X$5,[2]人物技能基础!$O$3:$Q$553,$D11+1,0) -> 2.0186429 | Y11: =HLOOKUP(Y$5,[2]人物技能基础!$O$3:$Q$553,$D11+1,0) -> 99.964286 | Z11: =INT(((P11-AB11)*X11+(Y11+T11))*G11*J11*$D$2) -> 16023082 | AA11: =IF(H11=0,IF(U11=0,INT(Q11/5),IF(V11=0,INT(Q11/5),INT((V11/U11)/(1/N11*M11)/L11+Q11))),INT((IF(U11=0,0,V11/U11/(1/N11*M11))+O11/H11)/L11+Q11)) -> 57935 | AB11: =INT(P11*I11) -> 19534 | AC11: =INT(K11*S11) -> 21333 | AD11: =INT(R11/J11) -> 88314 | AE11: =15/0.6*4 -> 100
A12: =[2]基础装备!X13 -> 350 | B12: =A12&"级世界boss" -> 350级世界boss | C12: =A12 -> 350 | D12: =C12 -> 350 | E12: boss | F12: 非R | G12: =4*40 -> 160 | H12: =G12 -> 160 | I12: 0.2 | J12: 0.7 | K12: 1 | L12: 5 | M12: 1 | N12: 2 | O12: =HLOOKUP(O$5,[1]非R能力!$B$8:$F$558,$D12+1,0) -> 810712.74 | P12: =HLOOKUP(P$5,[1]非R能力!$B$8:$F$558,$D12+1,0) -> 121774.47 | Q12: =HLOOKUP(Q$5,[1]非R能力!$B$8:$F$558,$D12+1,0) -> 68368.938 | R12: =HLOOKUP(R$5,[1]非R能力!$B$8:$F$558,$D12+1,0) -> 19987.25 | S12: =HLOOKUP(S$5,[1]非R能力!$B$8:$F$558,$D12+1,0) -> 26649.6 | T12: =INDEX([1]非R能力!$H$9:$H$558,D12) -> 24588.164 | U12: =IF(INDEX([1]非R能力!$FK$9:$FK$558,D12)=0,0,10) -> 10 | V12: =IF(INDEX([1]非R能力!$FH$9:$FH$558,D12)=0,0,5000) -> 5000 | W12: =HLOOKUP(W$5,[2]人物技能基础!$O$3:$Q$553,$D12+1,0) -> 3.6371429 | X12: =HLOOKUP(X$5,[2]人物技能基础!$O$3:$Q$553,$D12+1,0) -> 2.0186429 | Y12: =HLOOKUP(Y$5,[2]人物技能基础!$O$3:$Q$553,$D12+1,0) -> 99.964286 | Z12: =INT(((P12-AB12)*X12+(Y12+T12))*G12*J12*$D$2) -> 19832536 | AA12: =IF(H12=0,IF(U12=0,INT(Q12/5),IF(V12=0,INT(Q12/5),INT((V12/U12)/(1/N12*M12)/L12+Q12))),INT((IF(U12=0,0,V12/U12/(1/N12*M12))+O12/H12)/L12+Q12)) -> 69582 | AB12: =INT(P12*I12) -> 24354 | AC12: =INT(K12*S12) -> 26649 | AD12: =INT(R12/J12) -> 28553 | AE12: =15/0.6*4 -> 100
A13: =[2]基础装备!X14 -> 375 | B13: =A13&"级世界boss" -> 375级世界boss | C13: =A13 -> 375 | D13: =C13 -> 375 | E13: boss | F13: 非R | G13: =4*40 -> 160 | H13: =G13 -> 160 | I13: 0.2 | J13: 0.7 | K13: 1 | L13: 5 | M13: 1 | N13: 2 | O13: =HLOOKUP(O$5,[1]非R能力!$B$8:$F$558,$D13+1,0) -> 1049754.8 | P13: =HLOOKUP(P$5,[1]非R能力!$B$8:$F$558,$D13+1,0) -> 155689.92 | Q13: =HLOOKUP(Q$5,[1]非R能力!$B$8:$F$558,$D13+1,0) -> 87574.97 | R13: =HLOOKUP(R$5,[1]非R能力!$B$8:$F$558,$D13+1,0) -> 26286.01 | S13: =HLOOKUP(S$5,[1]非R能力!$B$8:$F$558,$D13+1,0) -> 35920.736 | T13: =INDEX([1]非R能力!$H$9:$H$558,D13) -> 28645.145 | U13: =IF(INDEX([1]非R能力!$FK$9:$FK$558,D13)=0,0,10) -> 10 | V13: =IF(INDEX([1]非R能力!$FH$9:$FH$558,D13)=0,0,5000) -> 5000 | W13: =HLOOKUP(W$5,[2]人物技能基础!$O$3:$Q$553,$D13+1,0) -> 3.6371429 | X13: =HLOOKUP(X$5,[2]人物技能基础!$O$3:$Q$553,$D13+1,0) -> 2.0186429 | Y13: =HLOOKUP(Y$5,[2]人物技能基础!$O$3:$Q$553,$D13+1,0) -> 99.964286 | Z13: =INT(((P13-AB13)*X13+(Y13+T13))*G13*J13*$D$2) -> 25103498 | AA13: =IF(H13=0,IF(U13=0,INT(Q13/5),IF(V13=0,INT(Q13/5),INT((V13/U13)/(1/N13*M13)/L13+Q13))),INT((IF(U13=0,0,V13/U13/(1/N13*M13))+O13/H13)/L13+Q13)) -> 89087 | AB13: =INT(P13*I13) -> 31137 | AC13: =INT(K13*S13) -> 35920 | AD13: =INT(R13/J13) -> 37551 | AE13: =15/0.6*4 -> 100
A14: =[2]基础装备!X15 -> 400 | B14: =A14&"级世界boss" -> 400级世界boss | C14: =A14 -> 400 | D14: =C14 -> 400 | E14: boss | F14: 非R | G14: =4*40 -> 160 | H14: =G14 -> 160 | I14: 0.2 | J14: 0.7 | K14: 1 | L14: 5 | M14: 1 | N14: 2 | O14: =HLOOKUP(O$5,[1]非R能力!$B$8:$F$558,$D14+1,0) -> 1185370.5 | P14: =HLOOKUP(P$5,[1]非R能力!$B$8:$F$558,$D14+1,0) -> 173146.15 | Q14: =HLOOKUP(Q$5,[1]非R能力!$B$8:$F$558,$D14+1,0) -> 95408.041 | R14: =HLOOKUP(R$5,[1]非R能力!$B$8:$F$558,$D14+1,0) -> 28892.178 | S14: =HLOOKUP(S$5,[1]非R能力!$B$8:$F$558,$D14+1,0) -> 38976.283 | T14: =INDEX([1]非R能力!$H$9:$H$558,D14) -> 33215.6 | U14: =IF(INDEX([1]非R能力!$FK$9:$FK$558,D14)=0,0,10) -> 10 | V14: =IF(INDEX([1]非R能力!$FH$9:$FH$558,D14)=0,0,5000) -> 5000 | W14: =HLOOKUP(W$5,[2]人物技能基础!$O$3:$Q$553,$D14+1,0) -> 3.6371429 | X14: =HLOOKUP(X$5,[2]人物技能基础!$O$3:$Q$553,$D14+1,0) -> 2.0186429 | Y14: =HLOOKUP(Y$5,[2]人物技能基础!$O$3:$Q$553,$D14+1,0) -> 99.964286 | Z14: =INT(((P14-AB14)*X14+(Y14+T14))*G14*J14*$D$2) -> 28038727 | AA14: =IF(H14=0,IF(U14=0,INT(Q14/5),IF(V14=0,INT(Q14/5),INT((V14/U14)/(1/N14*M14)/L14+Q14))),INT((IF(U14=0,0,V14/U14/(1/N14*M14))+O14/H14)/L14+Q14)) -> 97089 | AB14: =INT(P14*I14) -> 34629 | AC14: =INT(K14*S14) -> 38976 | AD14: =INT(R14/J14) -> 41274 | AE14: =15/0.6*4 -> 100
A15: =[2]基础装备!X16 -> 425 | B15: =A15&"级世界boss" -> 425级世界boss | C15: =A15 -> 425 | D15: =C15 -> 425 | E15: boss | F15: 非R | G15: =4*40 -> 160 | H15: =G15 -> 160 | I15: 0.2 | J15: 0.7 | K15: 1 | L15: 5 | M15: 1 | N15: 2 | O15: =HLOOKUP(O$5,[1]非R能力!$B$8:$F$558,$D15+1,0) -> 1365403 | P15: =HLOOKUP(P$5,[1]非R能力!$B$8:$F$558,$D15+1,0) -> 198123.17 | Q15: =HLOOKUP(Q$5,[1]非R能力!$B$8:$F$558,$D15+1,0) -> 107166.07 | R15: =HLOOKUP(R$5,[1]非R能力!$B$8:$F$558,$D15+1,0) -> 32793.565 | S15: =HLOOKUP(S$5,[1]非R能力!$B$8:$F$558,$D15+1,0) -> 43450.681 | T15: =INDEX([1]非R能力!$H$9:$H$558,D15) -> 38348.99 | U15: =IF(INDEX([1]非R能力!$FK$9:$FK$558,D15)=0,0,10) -> 10 | V15: =IF(INDEX([1]非R能力!$FH$9:$FH$558,D15)=0,0,5000) -> 5000 | W15: =HLOOKUP(W$5,[2]人物技能基础!$O$3:$Q$553,$D15+1,0) -> 3.6371429 | X15: =HLOOKUP(X$5,[2]人物技能基础!$O$3:$Q$553,$D15+1,0) -> 2.0186429 | Y15: =HLOOKUP(Y$5,[2]人物技能基础!$O$3:$Q$553,$D15+1,0) -> 99.964286 | Z15: =INT(((P15-AB15)*X15+(Y15+T15))*G15*J15*$D$2) -> 32112834 | AA15: =IF(H15=0,IF(U15=0,INT(Q15/5),IF(V15=0,INT(Q15/5),INT((V15/U15)/(1/N15*M15)/L15+Q15))),INT((IF(U15=0,0,V15/U15/(1/N15*M15))+O15/H15)/L15+Q15)) -> 109072 | AB15: =INT(P15*I15) -> 39624 | AC15: =INT(K15*S15) -> 43450 | AD15: =INT(R15/J15) -> 46847 | AE15: =15/0.6*4 -> 100
A16: =[2]基础装备!X17 -> 450 | B16: =A16&"级世界boss" -> 450级世界boss | C16: =A16 -> 450 | D16: =C16 -> 450 | E16: boss | F16: 非R | G16: =4*40 -> 160 | H16: =G16 -> 160 | I16: 0.2 | J16: 0.7 | K16: 1 | L16: 5 | M16: 1 | N16: 2 | O16: =HLOOKUP(O$5,[1]非R能力!$B$8:$F$558,$D16+1,0) -> 1514166.9 | P16: =HLOOKUP(P$5,[1]非R能力!$B$8:$F$558,$D16+1,0) -> 215507.01 | Q16: =HLOOKUP(Q$5,[1]非R能力!$B$8:$F$558,$D16+1,0) -> 114372.35 | R16: =HLOOKUP(R$5,[1]非R能力!$B$8:$F$558,$D16+1,0) -> 35109.592 | S16: =HLOOKUP(S$5,[1]非R能力!$B$8:$F$558,$D16+1,0) -> 46259.04 | T16: =INDEX([1]非R能力!$H$9:$H$558,D16) -> 44097.178 | U16: =IF(INDEX([1]非R能力!$FK$9:$FK$558,D16)=0,0,10) -> 10 | V16: =IF(INDEX([1]非R能力!$FH$9:$FH$558,D16)=0,0,5000) -> 5000 | W16: =HLOOKUP(W$5,[2]人物技能基础!$O$3:$Q$553,$D16+1,0) -> 3.6371429 | X16: =HLOOKUP(X$5,[2]人物技能基础!$O$3:$Q$553,$D16+1,0) -> 2.0186429 | Y16: =HLOOKUP(Y$5,[2]人物技能基础!$O$3:$Q$553,$D16+1,0) -> 99.964286 | Z16: =INT(((P16-AB16)*X16+(Y16+T16))*G16*J16*$D$2) -> 35143207 | AA16: =IF(H16=0,IF(U16=0,INT(Q16/5),IF(V16=0,INT(Q16/5),INT((V16/U16)/(1/N16*M16)/L16+Q16))),INT((IF(U16=0,0,V16/U16/(1/N16*M16))+O16/H16)/L16+Q16)) -> 116465 | AB16: =INT(P16*I16) -> 43101 | AC16: =INT(K16*S16) -> 46259 | AD16: =INT(R16/J16) -> 50156 | AE16: =15/0.6*4 -> 100
A17: =[2]基础装备!X18 -> 475 | B17: =A17&"级世界boss" -> 475级世界boss | C17: =A17 -> 475 | D17: =C17 -> 475 | E17: boss | F17: 非R | G17: =4*40 -> 160 | H17: =G17 -> 160 | I17: 0.2 | J17: 0.7 | K17: 1 | L17: 5 | M17: 1 | N17: 2 | O17: =HLOOKUP(O$5,[1]非R能力!$B$8:$F$558,$D17+1,0) -> 1802644.1 | P17: =HLOOKUP(P$5,[1]非R能力!$B$8:$F$558,$D17+1,0) -> 255768.43 | Q17: =HLOOKUP(Q$5,[1]非R能力!$B$8:$F$558,$D17+1,0) -> 132839.04 | R17: =HLOOKUP(R$5,[1]非R能力!$B$8:$F$558,$D17+1,0) -> 41019.43 | S17: =HLOOKUP(S$5,[1]非R能力!$B$8:$F$558,$D17+1,0) -> 53989.178 | T17: =INDEX([1]非R能力!$H$9:$H$558,D17) -> 50514.428 | U17: =IF(INDEX([1]非R能力!$FK$9:$FK$558,D17)=0,0,10) -> 10 | V17: =IF(INDEX([1]非R能力!$FH$9:$FH$558,D17)=0,0,5000) -> 5000 | W17: =HLOOKUP(W$5,[2]人物技能基础!$O$3:$Q$553,$D17+1,0) -> 3.6371429 | X17: =HLOOKUP(X$5,[2]人物技能基础!$O$3:$Q$553,$D17+1,0) -> 2.0186429 | Y17: =HLOOKUP(Y$5,[2]人物技能基础!$O$3:$Q$553,$D17+1,0) -> 99.964286 | Z17: =INT(((P17-AB17)*X17+(Y17+T17))*G17*J17*$D$2) -> 41543924 | AA17: =IF(H17=0,IF(U17=0,INT(Q17/5),IF(V17=0,INT(Q17/5),INT((V17/U17)/(1/N17*M17)/L17+Q17))),INT((IF(U17=0,0,V17/U17/(1/N17*M17))+O17/H17)/L17+Q17)) -> 135292 | AB17: =INT(P17*I17) -> 51153 | AC17: =INT(K17*S17) -> 53989 | AD17: =INT(R17/J17) -> 58599 | AE17: =15/0.6*4 -> 100
A18: =[2]基础装备!X19 -> 500 | B18: =A18&"级世界boss" -> 500级世界boss | C18: =A18 -> 500 | D18: =C18 -> 500 | E18: boss | F18: 非R | G18: =4*40 -> 160 | H18: =G18 -> 160 | I18: 0.2 | J18: 0.7 | K18: 1 | L18: 5 | M18: 1 | N18: 2 | O18: =HLOOKUP(O$5,[1]非R能力!$B$8:$F$558,$D18+1,0) -> 2109926.4 | P18: =HLOOKUP(P$5,[1]非R能力!$B$8:$F$558,$D18+1,0) -> 296223.79 | Q18: =HLOOKUP(Q$5,[1]非R能力!$B$8:$F$558,$D18+1,0) -> 150358.28 | R18: =HLOOKUP(R$5,[1]非R能力!$B$8:$F$558,$D18+1,0) -> 46568.833 | S18: =HLOOKUP(S$5,[1]非R能力!$B$8:$F$558,$D18+1,0) -> 60878.524 | T18: =INDEX([1]非R能力!$H$9:$H$558,D18) -> 57657.405 | U18: =IF(INDEX([1]非R能力!$FK$9:$FK$558,D18)=0,0,10) -> 10 | V18: =IF(INDEX([1]非R能力!$FH$9:$FH$558,D18)=0,0,5000) -> 5000 | W18: =HLOOKUP(W$5,[2]人物技能基础!$O$3:$Q$553,$D18+1,0) -> 3.6371429 | X18: =HLOOKUP(X$5,[2]人物技能基础!$O$3:$Q$553,$D18+1,0) -> 2.0186429 | Y18: =HLOOKUP(Y$5,[2]人物技能基础!$O$3:$Q$553,$D18+1,0) -> 99.964286 | Z18: =INT(((P18-AB18)*X18+(Y18+T18))*G18*J18*$D$2) -> 48037689 | AA18: =IF(H18=0,IF(U18=0,INT(Q18/5),IF(V18=0,INT(Q18/5),INT((V18/U18)/(1/N18*M18)/L18+Q18))),INT((IF(U18=0,0,V18/U18/(1/N18*M18))+O18/H18)/L18+Q18)) -> 153195 | AB18: =INT(P18*I18) -> 59244 | AC18: =INT(K18*S18) -> 60878 | AD18: =INT(R18/J18) -> 66526 | AE18: =15/0.6*4 -> 100
... A20: =[2]基础装备!X21 -> 550 | B20: =A20&"级世界boss" -> 550级世界boss | C20: =A20 -> 550 | D20: =C20 -> 550 | E20: boss | F20: 非R | G20: =4*40 -> 160 | H20: =G20 -> 160 | I20: 0.2 | J20: 0.7 | K20: 1 | L20: 5 | M20: 1 | N20: 2 | O20: =HLOOKUP(O$5,[1]非R能力!$B$8:$F$558,$D20+1,0) -> 2674530.2 | P20: =HLOOKUP(P$5,[1]非R能力!$B$8:$F$558,$D20+1,0) -> 371147.95 | Q20: =HLOOKUP(Q$5,[1]非R能力!$B$8:$F$558,$D20+1,0) -> 180663.03 | R20: =HLOOKUP(R$5,[1]非R能力!$B$8:$F$558,$D20+1,0) -> 56616.731 | S20: =HLOOKUP(S$5,[1]非R能力!$B$8:$F$558,$D20+1,0) -> 73368.569 | T20: =INDEX([1]非R能力!$H$9:$H$558,D20) -> 74359.208 | U20: =IF(INDEX([1]非R能力!$FK$9:$FK$558,D20)=0,0,10) -> 10 | V20: =IF(INDEX([1]非R能力!$FH$9:$FH$558,D20)=0,0,5000) -> 5000 | W20: =HLOOKUP(W$5,[2]人物技能基础!$O$3:$Q$553,$D20+1,0) -> 3.6371429 | X20: =HLOOKUP(X$5,[2]人物技能基础!$O$3:$Q$553,$D20+1,0) -> 2.0186429 | Y20: =HLOOKUP(Y$5,[2]人物技能基础!$O$3:$Q$553,$D20+1,0) -> 99.964286 | Z20: =INT(((P20-AB20)*X20+(Y20+T20))*G20*J20*$D$2) -> 60375390 | AA20: =IF(H20=0,IF(U20=0,INT(Q20/5),IF(V20=0,INT(Q20/5),INT((V20/U20)/(1/N20*M20)/L20+Q20))),INT((IF(U20=0,0,V20/U20/(1/N20*M20))+O20/H20)/L20+Q20)) -> 184206 | AB20: =INT(P20*I20) -> 74229 | AC20: =INT(K20*S20) -> 73368 | AD20: =INT(R20/J20) -> 80881 | AE20: =15/0.6*4 -> 100

Sheet 转生boss
D1: 伤害溢出修正 | F1: 技能目标误差修正 | H1: 按平均一个转生boss3个在打，平均每人打40下，纯击杀时间约25秒，护盾存在时间15秒
D2: 0.8 | F2: 0.8
D4: 怪物属性设计 | O4: 目标玩家能力（简易版，仅有计算玩家基础属性,不计算化神，宠物，以后再添加特殊属性和化神等因素） | Z4: 怪物属性
A5: boss等级 | B5: 怪物名字 | C5: 怪物等级 | D5: 属性等级 | E5: 怪物类型 | F5: 能力模板 | G5: 怪物受击 | H5: 玩家受击 | I5: 防御抵消比例 | J5: 玩家对怪物命中 | K5: 怪物对玩家命中 | L5: 怪物技能系数 | M5: 围攻怪物个数 | N5: 攻击间隔/s | O5: 生命 | P5: 攻击 | Q5: 防御 | R5: 命中 | S5: 闪避 | T5: 技能固定伤害 | U5: 回血间隔 | V5: 回血量 | W5: 每招平均目标 | X5: 每招平均技能伤害 | Y5: 每招平均固伤 | Z5: 生命 | AA5: 攻击 | AB5: 防御 | AC5: 命中 | AD5: 闪避 | AE5: 护盾血量
A6: 2转 | B6: =A6&"转生boss" -> 2转转生boss | C6: =[4]转生节奏!E5 -> 235 | D6: =C6 -> 235 | E6: boss | F6: 非R | G6: =3*40 -> 120 | H6: 80 | I6: 0.2 | J6: 0.7 | K6: 1 | L6: 5 | M6: 1 | N6: 2 | O6: =HLOOKUP(O$5,[1]非R能力!$B$8:$F$558,$D6+1,0) -> 150016.2 | P6: =HLOOKUP(P$5,[1]非R能力!$B$8:$F$558,$D6+1,0) -> 29548.312 | Q6: =HLOOKUP(Q$5,[1]非R能力!$B$8:$F$558,$D6+1,0) -> 18745.218 | R6: =HLOOKUP(R$5,[1]非R能力!$B$8:$F$558,$D6+1,0) -> 4912.3265 | S6: =HLOOKUP(S$5,[1]非R能力!$B$8:$F$558,$D6+1,0) -> 6095.5557 | T6: =INDEX([1]非R能力!$H$9:$H$558,D6) -> 11267.3 | U6: =IF(INDEX([1]非R能力!$FK$9:$FK$558,D6)=0,0,10) -> 10 | V6: =IF(INDEX([1]非R能力!$FH$9:$FH$558,D6)=0,0,5000) -> 5000 | W6: =HLOOKUP(W$5,[2]人物技能基础!$O$3:$Q$553,$D6+1,0) -> 3.6371429 | X6: =HLOOKUP(X$5,[2]人物技能基础!$O$3:$Q$553,$D6+1,0) -> 2.0186429 | Y6: =HLOOKUP(Y$5,[2]人物技能基础!$O$3:$Q$553,$D6+1,0) -> 99.964286 | Z6: =INT(((P6-AB6)*X6+(Y6+T6))*G6*J6*$D$2) -> 3970619 | AA6: =IF(H6=0,IF(U6=0,INT(Q6/5),IF(V6=0,INT(Q6/5),INT((V6/U6)/(1/N6*M6)/L6+Q6))),INT((IF(U6=0,0,V6/U6/(1/N6*M6))+O6/H6)/L6+Q6)) -> 19320 | AB6: =INT(P6*I6) -> 5909 | AC6: =INT(K6*S6) -> 6095 | AD6: =INT(R6/J6) -> 7017 | AE6: =15/0.6*3 -> 75 | AK6: （（攻击-怪物防御）*技能系数+技能固伤）*怪物受击*玩家命中*伤害溢出修正
A7: 3转 | B7: =A7&"转生boss" -> 3转转生boss | C7: =[4]转生节奏!E6 -> 275 | D7: =C7 -> 275 | E7: boss | F7: 非R | G7: =3*40 -> 120 | H7: 80 | I7: 0.2 | J7: 0.7 | K7: 1 | L7: 5 | M7: 1 | N7: 2 | O7: =HLOOKUP(O$5,[1]非R能力!$B$8:$F$558,$D7+1,0) -> 259422.16 | P7: =HLOOKUP(P$5,[1]非R能力!$B$8:$F$558,$D7+1,0) -> 48467.014 | Q7: =HLOOKUP(Q$5,[1]非R能力!$B$8:$F$558,$D7+1,0) -> 29625.345 | R7: =HLOOKUP(R$5,[1]非R能力!$B$8:$F$558,$D7+1,0) -> 7660.5635 | S7: =HLOOKUP(S$5,[1]非R能力!$B$8:$F$558,$D7+1,0) -> 9915.2017 | T7: =INDEX([1]非R能力!$H$9:$H$558,D7) -> 15039.455 | U7: =IF(INDEX([1]非R能力!$FK$9:$FK$558,D7)=0,0,10) -> 10 | V7: =IF(INDEX([1]非R能力!$FH$9:$FH$558,D7)=0,0,5000) -> 5000 | W7: =HLOOKUP(W$5,[2]人物技能基础!$O$3:$Q$553,$D7+1,0) -> 3.6371429 | X7: =HLOOKUP(X$5,[2]人物技能基础!$O$3:$Q$553,$D7+1,0) -> 2.0186429 | Y7: =HLOOKUP(Y$5,[2]人物技能基础!$O$3:$Q$553,$D7+1,0) -> 99.964286 | Z7: =INT(((P7-AB7)*X7+(Y7+T7))*G7*J7*$D$2) -> 6277172 | AA7: =IF(H7=0,IF(U7=0,INT(Q7/5),IF(V7=0,INT(Q7/5),INT((V7/U7)/(1/N7*M7)/L7+Q7))),INT((IF(U7=0,0,V7/U7/(1/N7*M7))+O7/H7)/L7+Q7)) -> 30473 | AB7: =INT(P7*I7) -> 9693 | AC7: =INT(K7*S7) -> 9915 | AD7: =INT(R7/J7) -> 10943 | AE7: =15/0.6*3 -> 75
A8: 4转 | B8: =A8&"转生boss" -> 4转转生boss | C8: =[4]转生节奏!E7 -> 300 | D8: =C8 -> 300 | E8: boss | F8: 非R | G8: =3*40 -> 120 | H8: 80 | I8: 0.2 | J8: 0.7 | K8: 1 | L8: 5 | M8: 1 | N8: 2 | O8: =HLOOKUP(O$5,[1]非R能力!$B$8:$F$558,$D8+1,0) -> 409002.32 | P8: =HLOOKUP(P$5,[1]非R能力!$B$8:$F$558,$D8+1,0) -> 70358.046 | Q8: =HLOOKUP(Q$5,[1]非R能力!$B$8:$F$558,$D8+1,0) -> 42521.249 | R8: =HLOOKUP(R$5,[1]非R能力!$B$8:$F$558,$D8+1,0) -> 56463.899 | S8: =HLOOKUP(S$5,[1]非R能力!$B$8:$F$558,$D8+1,0) -> 15445.657 | T8: =INDEX([1]非R能力!$H$9:$H$558,D8) -> 17828.778 | U8: =IF(INDEX([1]非R能力!$FK$9:$FK$558,D8)=0,0,10) -> 10 | V8: =IF(INDEX([1]非R能力!$FH$9:$FH$558,D8)=0,0,5000) -> 5000 | W8: =HLOOKUP(W$5,[2]人物技能基础!$O$3:$Q$553,$D8+1,0) -> 3.6371429 | X8: =HLOOKUP(X$5,[2]人物技能基础!$O$3:$Q$553,$D8+1,0) -> 2.0186429 | Y8: =HLOOKUP(Y$5,[2]人物技能基础!$O$3:$Q$553,$D8+1,0) -> 99.964286 | Z8: =INT(((P8-AB8)*X8+(Y8+T8))*G8*J8*$D$2) -> 8840306 | AA8: =IF(H8=0,IF(U8=0,INT(Q8/5),IF(V8=0,INT(Q8/5),INT((V8/U8)/(1/N8*M8)/L8+Q8))),INT((IF(U8=0,0,V8/U8/(1/N8*M8))+O8/H8)/L8+Q8)) -> 43743 | AB8: =INT(P8*I8) -> 14071 | AC8: =INT(K8*S8) -> 15445 | AD8: =INT(R8/J8) -> 80662 | AE8: =15/0.6*3 -> 75
A9: 5转 | B9: =A9&"转生boss" -> 5转转生boss | C9: =[4]转生节奏!E8 -> 350 | D9: =C9 -> 350 | E9: boss | F9: 非R | G9: =3*40 -> 120 | H9: 80 | I9: 0.2 | J9: 0.7 | K9: 1 | L9: 5 | M9: 1 | N9: 2 | O9: =HLOOKUP(O$5,[1]非R能力!$B$8:$F$558,$D9+1,0) -> 810712.74 | P9: =HLOOKUP(P$5,[1]非R能力!$B$8:$F$558,$D9+1,0) -> 121774.47 | Q9: =HLOOKUP(Q$5,[1]非R能力!$B$8:$F$558,$D9+1,0) -> 68368.938 | R9: =HLOOKUP(R$5,[1]非R能力!$B$8:$F$558,$D9+1,0) -> 19987.25 | S9: =HLOOKUP(S$5,[1]非R能力!$B$8:$F$558,$D9+1,0) -> 26649.6 | T9: =INDEX([1]非R能力!$H$9:$H$558,D9) -> 24588.164 | U9: =IF(INDEX([1]非R能力!$FK$9:$FK$558,D9)=0,0,10) -> 10 | V9: =IF(INDEX([1]非R能力!$FH$9:$FH$558,D9)=0,0,5000) -> 5000 | W9: =HLOOKUP(W$5,[2]人物技能基础!$O$3:$Q$553,$D9+1,0) -> 3.6371429 | X9: =HLOOKUP(X$5,[2]人物技能基础!$O$3:$Q$553,$D9+1,0) -> 2.0186429 | Y9: =HLOOKUP(Y$5,[2]人物技能基础!$O$3:$Q$553,$D9+1,0) -> 99.964286 | Z9: =INT(((P9-AB9)*X9+(Y9+T9))*G9*J9*$D$2) -> 14874402 | AA9: =IF(H9=0,IF(U9=0,INT(Q9/5),IF(V9=0,INT(Q9/5),INT((V9/U9)/(1/N9*M9)/L9+Q9))),INT((IF(U9=0,0,V9/U9/(1/N9*M9))+O9/H9)/L9+Q9)) -> 70595 | AB9: =INT(P9*I9) -> 24354 | AC9: =INT(K9*S9) -> 26649 | AD9: =INT(R9/J9) -> 28553 | AE9: =15/0.6*3 -> 75
A10: 6转 | B10: =A10&"转生boss" -> 6转转生boss | C10: =[4]转生节奏!E9 -> 400 | D10: =C10 -> 400 | E10: boss | F10: 非R | G10: =3*40 -> 120 | H10: 80 | I10: 0.2 | J10: 0.7 | K10: 1 | L10: 5 | M10: 1 | N10: 2 | O10: =HLOOKUP(O$5,[1]非R能力!$B$8:$F$558,$D10+1,0) -> 1185370.5 | P10: =HLOOKUP(P$5,[1]非R能力!$B$8:$F$558,$D10+1,0) -> 173146.15 | Q10: =HLOOKUP(Q$5,[1]非R能力!$B$8:$F$558,$D10+1,0) -> 95408.041 | R10: =HLOOKUP(R$5,[1]非R能力!$B$8:$F$558,$D10+1,0) -> 28892.178 | S10: =HLOOKUP(S$5,[1]非R能力!$B$8:$F$558,$D10+1,0) -> 38976.283 | T10: =INDEX([1]非R能力!$H$9:$H$558,D10) -> 33215.6 | U10: =IF(INDEX([1]非R能力!$FK$9:$FK$558,D10)=0,0,10) -> 10 | V10: =IF(INDEX([1]非R能力!$FH$9:$FH$558,D10)=0,0,5000) -> 5000 | W10: =HLOOKUP(W$5,[2]人物技能基础!$O$3:$Q$553,$D10+1,0) -> 3.6371429 | X10: =HLOOKUP(X$5,[2]人物技能基础!$O$3:$Q$553,$D10+1,0) -> 2.0186429 | Y10: =HLOOKUP(Y$5,[2]人物技能基础!$O$3:$Q$553,$D10+1,0) -> 99.964286 | Z10: =INT(((P10-AB10)*X10+(Y10+T10))*G10*J10*$D$2) -> 21029045 | AA10: =IF(H10=0,IF(U10=0,INT(Q10/5),IF(V10=0,INT(Q10/5),INT((V10/U10)/(1/N10*M10)/L10+Q10))),INT((IF(U10=0,0,V10/U10/(1/N10*M10))+O10/H10)/L10+Q10)) -> 98571 | AB10: =INT(P10*I10) -> 34629 | AC10: =INT(K10*S10) -> 38976 | AD10: =INT(R10/J10) -> 41274 | AE10: =15/0.6*3 -> 75
A11: 7转 | B11: =A11&"转生boss" -> 7转转生boss | C11: =[4]转生节奏!E10 -> 450 | D11: =C11 -> 450 | E11: boss | F11: 非R | G11: =3*40 -> 120 | H11: 80 | I11: 0.2 | J11: 0.7 | K11: 1 | L11: 5 | M11: 1 | N11: 2 | O11: =HLOOKUP(O$5,[1]非R能力!$B$8:$F$558,$D11+1,0) -> 1514166.9 | P11: =HLOOKUP(P$5,[1]非R能力!$B$8:$F$558,$D11+1,0) -> 215507.01 | Q11: =HLOOKUP(Q$5,[1]非R能力!$B$8:$F$558,$D11+1,0) -> 114372.35 | R11: =HLOOKUP(R$5,[1]非R能力!$B$8:$F$558,$D11+1,0) -> 35109.592 | S11: =HLOOKUP(S$5,[1]非R能力!$B$8:$F$558,$D11+1,0) -> 46259.04 | T11: =INDEX([1]非R能力!$H$9:$H$558,D11) -> 44097.178 | U11: =IF(INDEX([1]非R能力!$FK$9:$FK$558,D11)=0,0,10) -> 10 | V11: =IF(INDEX([1]非R能力!$FH$9:$FH$558,D11)=0,0,5000) -> 5000 | W11: =HLOOKUP(W$5,[2]人物技能基础!$O$3:$Q$553,$D11+1,0) -> 3.6371429 | X11: =HLOOKUP(X$5,[2]人物技能基础!$O$3:$Q$553,$D11+1,0) -> 2.0186429 | Y11: =HLOOKUP(Y$5,[2]人物技能基础!$O$3:$Q$553,$D11+1,0) -> 99.964286 | Z11: =INT(((P11-AB11)*X11+(Y11+T11))*G11*J11*$D$2) -> 26357405 | AA11: =IF(H11=0,IF(U11=0,INT(Q11/5),IF(V11=0,INT(Q11/5),INT((V11/U11)/(1/N11*M11)/L11+Q11))),INT((IF(U11=0,0,V11/U11/(1/N11*M11))+O11/H11)/L11+Q11)) -> 118357 | AB11: =INT(P11*I11) -> 43101 | AC11: =INT(K11*S11) -> 46259 | AD11: =INT(R11/J11) -> 50156 | AE11: =15/0.6*3 -> 75
A12: 8转 | B12: =A12&"转生boss" -> 8转转生boss | C12: =[4]转生节奏!E11 -> 500 | D12: =C12 -> 500 | E12: boss | F12: 非R | G12: =3*40 -> 120 | H12: 80 | I12: 0.2 | J12: 0.7 | K12: 1 | L12: 5 | M12: 1 | N12: 2 | O12: =HLOOKUP(O$5,[1]非R能力!$B$8:$F$558,$D12+1,0) -> 2109926.4 | P12: =HLOOKUP(P$5,[1]非R能力!$B$8:$F$558,$D12+1,0) -> 296223.79 | Q12: =HLOOKUP(Q$5,[1]非R能力!$B$8:$F$558,$D12+1,0) -> 150358.28 | R12: =HLOOKUP(R$5,[1]非R能力!$B$8:$F$558,$D12+1,0) -> 46568.833 | S12: =HLOOKUP(S$5,[1]非R能力!$B$8:$F$558,$D12+1,0) -> 60878.524 | T12: =INDEX([1]非R能力!$H$9:$H$558,D12) -> 57657.405 | U12: =IF(INDEX([1]非R能力!$FK$9:$FK$558,D12)=0,0,10) -> 10 | V12: =IF(INDEX([1]非R能力!$FH$9:$FH$558,D12)=0,0,5000) -> 5000 | W12: =HLOOKUP(W$5,[2]人物技能基础!$O$3:$Q$553,$D12+1,0) -> 3.6371429 | X12: =HLOOKUP(X$5,[2]人物技能基础!$O$3:$Q$553,$D12+1,0) -> 2.0186429 | Y12: =HLOOKUP(Y$5,[2]人物技能基础!$O$3:$Q$553,$D12+1,0) -> 99.964286 | Z12: =INT(((P12-AB12)*X12+(Y12+T12))*G12*J12*$D$2) -> 36028267 | AA12: =IF(H12=0,IF(U12=0,INT(Q12/5),IF(V12=0,INT(Q12/5),INT((V12/U12)/(1/N12*M12)/L12+Q12))),INT((IF(U12=0,0,V12/U12/(1/N12*M12))+O12/H12)/L12+Q12)) -> 155833 | AB12: =INT(P12*I12) -> 59244 | AC12: =INT(K12*S12) -> 60878 | AD12: =INT(R12/J12) -> 66526 | AE12: =15/0.6*3 -> 75
A13: 9转 | B13: =A13&"转生boss" -> 9转转生boss | C13: =[4]转生节奏!E12 -> 550 | D13: =C13 -> 550 | E13: boss | F13: 非R | G13: =3*40 -> 120 | H13: 80 | I13: 0.2 | J13: 0.7 | K13: 1 | L13: 5 | M13: 1 | N13: 2 | O13: =HLOOKUP(O$5,[1]非R能力!$B$8:$F$558,$D13+1,0) -> 2674530.2 | P13: =HLOOKUP(P$5,[1]非R能力!$B$8:$F$558,$D13+1,0) -> 371147.95 | Q13: =HLOOKUP(Q$5,[1]非R能力!$B$8:$F$558,$D13+1,0) -> 180663.03 | R13: =HLOOKUP(R$5,[1]非R能力!$B$8:$F$558,$D13+1,0) -> 56616.731 | S13: =HLOOKUP(S$5,[1]非R能力!$B$8:$F$558,$D13+1,0) -> 73368.569 | T13: =INDEX([1]非R能力!$H$9:$H$558,D13) -> 74359.208 | U13: =IF(INDEX([1]非R能力!$FK$9:$FK$558,D13)=0,0,10) -> 10 | V13: =IF(INDEX([1]非R能力!$FH$9:$FH$558,D13)=0,0,5000) -> 5000 | W13: =HLOOKUP(W$5,[2]人物技能基础!$O$3:$Q$553,$D13+1,0) -> 3.6371429 | X13: =HLOOKUP(X$5,[2]人物技能基础!$O$3:$Q$553,$D13+1,0) -> 2.0186429 | Y13: =HLOOKUP(Y$5,[2]人物技能基础!$O$3:$Q$553,$D13+1,0) -> 99.964286 | Z13: =INT(((P13-AB13)*X13+(Y13+T13))*G13*J13*$D$2) -> 45281543 | AA13: =IF(H13=0,IF(U13=0,INT(Q13/5),IF(V13=0,INT(Q13/5),INT((V13/U13)/(1/N13*M13)/L13+Q13))),INT((IF(U13=0,0,V13/U13/(1/N13*M13))+O13/H13)/L13+Q13)) -> 187549 | AB13: =INT(P13*I13) -> 74229 | AC13: =INT(K13*S13) -> 73368 | AD13: =INT(R13/J13) -> 80881 | AE13: =15/0.6*3 -> 75

Sheet boss之家
D1: 伤害溢出修正 | F1: 技能目标误差修正 | H1: 按平均一个boss2个在打，平均每人打40下，纯击杀时间约25秒，护盾存在时间15秒
D2: 0.8 | F2: 0.8
D4: 怪物属性设计 | O4: 目标玩家能力（简易版，仅有计算玩家基础属性,不计算化神，宠物，以后再添加特殊属性和化神等因素） | Z4: 怪物属性
A5: boss等级 | B5: 怪物名字 | C5: 怪物等级 | D5: 属性等级 | E5: 怪物类型 | F5: 能力模板 | G5: 怪物受击 | H5: 玩家受击 | I5: 防御抵消比例 | J5: 玩家对怪物命中 | K5: 怪物对玩家命中 | L5: 怪物技能系数 | M5: 围攻怪物个数 | N5: 攻击间隔/s | O5: 生命 | P5: 攻击 | Q5: 防御 | R5: 命中 | S5: 闪避 | T5: 技能固定伤害 | U5: 回血间隔 | V5: 回血量 | W5: 每招平均目标 | X5: 每招平均技能伤害 | Y5: 每招平均固伤 | Z5: 生命 | AA5: 攻击 | AB5: 防御 | AC5: 命中 | AD5: 闪避 | AE5: 护盾血量
A6: =野外bss!A7 -> 120 | B6: =A6&"级boss之家boss" -> 120级boss之家boss | C6: =A6 -> 120 | D6: =C6 -> 120 | E6: boss | F6: 非R | G6: =2*40 -> 80 | H6: 80 | I6: 0.2 | J6: 0.7 | K6: 1 | L6: 5 | M6: 1 | N6: 2 | O6: =HLOOKUP(O$5,[1]非R能力!$B$8:$F$558,$D6+1,0) -> 44736.897 | P6: =HLOOKUP(P$5,[1]非R能力!$B$8:$F$558,$D6+1,0) -> 10807.534 | Q6: =HLOOKUP(Q$5,[1]非R能力!$B$8:$F$558,$D6+1,0) -> 6322.2698 | R6: =HLOOKUP(R$5,[1]非R能力!$B$8:$F$558,$D6+1,0) -> 1777.2713 | S6: =HLOOKUP(S$5,[1]非R能力!$B$8:$F$558,$D6+1,0) -> 2519.9653 | T6: =INDEX([1]非R能力!$H$9:$H$558,D6) -> 408.2215 | U6: =IF(INDEX([1]非R能力!$FK$9:$FK$558,D6)=0,0,10) -> 10 | V6: =IF(INDEX([1]非R能力!$FH$9:$FH$558,D6)=0,0,5000) -> 5000 | W6: =HLOOKUP(W$5,[2]人物技能基础!$O$3:$Q$553,$D6+1,0) -> 3.6371429 | X6: =HLOOKUP(X$5,[2]人物技能基础!$O$3:$Q$553,$D6+1,0) -> 2.0186429 | Y6: =HLOOKUP(Y$5,[2]人物技能基础!$O$3:$Q$553,$D6+1,0) -> 99.964286 | Z6: =INT(((P6-AB6)*X6+(Y6+T6))*G6*J6*$D$2) -> 804717 | AA6: =IF(H6=0,IF(U6=0,INT(Q6/5),IF(V6=0,INT(Q6/5),INT((V6/U6)/(1/N6*M6)/L6+Q6))),INT((IF(U6=0,0,V6/U6/(1/N6*M6))+O6/H6)/L6+Q6)) -> 6634 | AB6: =INT(P6*I6) -> 2161 | AC6: =INT(K6*S6) -> 2519 | AD6: =INT(R6/J6) -> 2538 | AE6: =15/0.6*2 -> 50 | AK6: （（攻击-怪物防御）*技能系数+技能固伤）*怪物受击*玩家命中*伤害溢出修正
A7: =野外bss!A8 -> 200 | B7: =A7&"级boss之家boss" -> 200级boss之家boss | C7: =A7 -> 200 | D7: =C7 -> 200 | E7: boss | F7: 非R | G7: =2*40 -> 80 | H7: 80 | I7: 0.2 | J7: 0.7 | K7: 1 | L7: 5 | M7: 1 | N7: 2 | O7: =HLOOKUP(O$5,[1]非R能力!$B$8:$F$558,$D7+1,0) -> 107784.87 | P7: =HLOOKUP(P$5,[1]非R能力!$B$8:$F$558,$D7+1,0) -> 22104.517 | Q7: =HLOOKUP(Q$5,[1]非R能力!$B$8:$F$558,$D7+1,0) -> 11799.062 | R7: =HLOOKUP(R$5,[1]非R能力!$B$8:$F$558,$D7+1,0) -> 3946.3154 | S7: =HLOOKUP(S$5,[1]非R能力!$B$8:$F$558,$D7+1,0) -> 4776.8845 | T7: =INDEX([1]非R能力!$H$9:$H$558,D7) -> 7164.8291 | U7: =IF(INDEX([1]非R能力!$FK$9:$FK$558,D7)=0,0,10) -> 10 | V7: =IF(INDEX([1]非R能力!$FH$9:$FH$558,D7)=0,0,5000) -> 5000 | W7: =HLOOKUP(W$5,[2]人物技能基础!$O$3:$Q$553,$D7+1,0) -> 3.6371429 | X7: =HLOOKUP(X$5,[2]人物技能基础!$O$3:$Q$553,$D7+1,0) -> 2.0186429 | Y7: =HLOOKUP(Y$5,[2]人物技能基础!$O$3:$Q$553,$D7+1,0) -> 99.964286 | Z7: =INT(((P7-AB7)*X7+(Y7+T7))*G7*J7*$D$2) -> 1924765 | AA7: =IF(H7=0,IF(U7=0,INT(Q7/5),IF(V7=0,INT(Q7/5),INT((V7/U7)/(1/N7*M7)/L7+Q7))),INT((IF(U7=0,0,V7/U7/(1/N7*M7))+O7/H7)/L7+Q7)) -> 12268 | AB7: =INT(P7*I7) -> 4420 | AC7: =INT(K7*S7) -> 4776 | AD7: =INT(R7/J7) -> 5637 | AE7: =15/0.6*2 -> 50
A8: =野外bss!A9 -> 225 | B8: =A8&"级boss之家boss" -> 225级boss之家boss | C8: =A8 -> 225 | D8: =C8 -> 225 | E8: boss | F8: 非R | G8: =2*40 -> 80 | H8: 80 | I8: 0.2 | J8: 0.7 | K8: 1 | L8: 5 | M8: 1 | N8: 2 | O8: =HLOOKUP(O$5,[1]非R能力!$B$8:$F$558,$D8+1,0) -> 140011.21 | P8: =HLOOKUP(P$5,[1]非R能力!$B$8:$F$558,$D8+1,0) -> 27470.791 | Q8: =HLOOKUP(Q$5,[1]非R能力!$B$8:$F$558,$D8+1,0) -> 17651.095 | R8: =HLOOKUP(R$5,[1]非R能力!$B$8:$F$558,$D8+1,0) -> 4701.219 | S8: =HLOOKUP(S$5,[1]非R能力!$B$8:$F$558,$D8+1,0) -> 5734.8246 | T8: =INDEX([1]非R能力!$H$9:$H$558,D8) -> 10442.261 | U8: =IF(INDEX([1]非R能力!$FK$9:$FK$558,D8)=0,0,10) -> 10 | V8: =IF(INDEX([1]非R能力!$FH$9:$FH$558,D8)=0,0,5000) -> 5000 | W8: =HLOOKUP(W$5,[2]人物技能基础!$O$3:$Q$553,$D8+1,0) -> 3.6371429 | X8: =HLOOKUP(X$5,[2]人物技能基础!$O$3:$Q$553,$D8+1,0) -> 2.0186429 | Y8: =HLOOKUP(Y$5,[2]人物技能基础!$O$3:$Q$553,$D8+1,0) -> 99.964286 | Z8: =INT(((P8-AB8)*X8+(Y8+T8))*G8*J8*$D$2) -> 2459767 | AA8: =IF(H8=0,IF(U8=0,INT(Q8/5),IF(V8=0,INT(Q8/5),INT((V8/U8)/(1/N8*M8)/L8+Q8))),INT((IF(U8=0,0,V8/U8/(1/N8*M8))+O8/H8)/L8+Q8)) -> 18201 | AB8: =INT(P8*I8) -> 5494 | AC8: =INT(K8*S8) -> 5734 | AD8: =INT(R8/J8) -> 6716 | AE8: =15/0.6*2 -> 50
A9: =野外bss!A10 -> 250 | B9: =A9&"级boss之家boss" -> 250级boss之家boss | C9: =A9 -> 250 | D9: =C9 -> 250 | E9: boss | F9: 非R | G9: =2*40 -> 80 | H9: 80 | I9: 0.2 | J9: 0.7 | K9: 1 | L9: 5 | M9: 1 | N9: 2 | O9: =HLOOKUP(O$5,[1]非R能力!$B$8:$F$558,$D9+1,0) -> 182781.49 | P9: =HLOOKUP(P$5,[1]非R能力!$B$8:$F$558,$D9+1,0) -> 34702.846 | Q9: =HLOOKUP(Q$5,[1]非R能力!$B$8:$F$558,$D9+1,0) -> 21102.148 | R9: =HLOOKUP(R$5,[1]非R能力!$B$8:$F$558,$D9+1,0) -> 5592.8641 | S9: =HLOOKUP(S$5,[1]非R能力!$B$8:$F$558,$D9+1,0) -> 6941.7828 | T9: =INDEX([1]非R能力!$H$9:$H$558,D9) -> 12589.769 | U9: =IF(INDEX([1]非R能力!$FK$9:$FK$558,D9)=0,0,10) -> 10 | V9: =IF(INDEX([1]非R能力!$FH$9:$FH$558,D9)=0,0,5000) -> 5000 | W9: =HLOOKUP(W$5,[2]人物技能基础!$O$3:$Q$553,$D9+1,0) -> 3.6371429 | X9: =HLOOKUP(X$5,[2]人物技能基础!$O$3:$Q$553,$D9+1,0) -> 2.0186429 | Y9: =HLOOKUP(Y$5,[2]人物技能基础!$O$3:$Q$553,$D9+1,0) -> 99.964286 | Z9: =INT(((P9-AB9)*X9+(Y9+T9))*G9*J9*$D$2) -> 3079238 | AA9: =IF(H9=0,IF(U9=0,INT(Q9/5),IF(V9=0,INT(Q9/5),INT((V9/U9)/(1/N9*M9)/L9+Q9))),INT((IF(U9=0,0,V9/U9/(1/N9*M9))+O9/H9)/L9+Q9)) -> 21759 | AB9: =INT(P9*I9) -> 6940 | AC9: =INT(K9*S9) -> 6941 | AD9: =INT(R9/J9) -> 7989 | AE9: =15/0.6*2 -> 50
A10: =野外bss!A11 -> 275 | B10: =A10&"级boss之家boss" -> 275级boss之家boss | C10: =A10 -> 275 | D10: =C10 -> 275 | E10: boss | F10: 非R | G10: =2*40 -> 80 | H10: 80 | I10: 0.2 | J10: 0.7 | K10: 1 | L10: 5 | M10: 1 | N10: 2 | O10: =HLOOKUP(O$5,[1]非R能力!$B$8:$F$558,$D10+1,0) -> 259422.16 | P10: =HLOOKUP(P$5,[1]非R能力!$B$8:$F$558,$D10+1,0) -> 48467.014 | Q10: =HLOOKUP(Q$5,[1]非R能力!$B$8:$F$558,$D10+1,0) -> 29625.345 | R10: =HLOOKUP(R$5,[1]非R能力!$B$8:$F$558,$D10+1,0) -> 7660.5635 | S10: =HLOOKUP(S$5,[1]非R能力!$B$8:$F$558,$D10+1,0) -> 9915.2017 | T10: =INDEX([1]非R能力!$H$9:$H$558,D10) -> 15039.455 | U10: =IF(INDEX([1]非R能力!$FK$9:$FK$558,D10)=0,0,10) -> 10 | V10: =IF(INDEX([1]非R能力!$FH$9:$FH$558,D10)=0,0,5000) -> 5000 | W10: =HLOOKUP(W$5,[2]人物技能基础!$O$3:$Q$553,$D10+1,0) -> 3.6371429 | X10: =HLOOKUP(X$5,[2]人物技能基础!$O$3:$Q$553,$D10+1,0) -> 2.0186429 | Y10: =HLOOKUP(Y$5,[2]人物技能基础!$O$3:$Q$553,$D10+1,0) -> 99.964286 | Z10: =INT(((P10-AB10)*X10+(Y10+T10))*G10*J10*$D$2) -> 4184781 | AA10: =IF(H10=0,IF(U10=0,INT(Q10/5),IF(V10=0,INT(Q10/5),INT((V10/U10)/(1/N10*M10)/L10+Q10))),INT((IF(U10=0,0,V10/U10/(1/N10*M10))+O10/H10)/L10+Q10)) -> 30473 | AB10: =INT(P10*I10) -> 9693 | AC10: =INT(K10*S10) -> 9915 | AD10: =INT(R10/J10) -> 10943 | AE10: =15/0.6*2 -> 50
A11: =野外bss!A12 -> 300 | B11: =A11&"级boss之家boss" -> 300级boss之家boss | C11: =A11 -> 300 | D11: =C11 -> 300 | E11: boss | F11: 非R | G11: =2*40 -> 80 | H11: 80 | I11: 0.2 | J11: 0.7 | K11: 1 | L11: 5 | M11: 1 | N11: 2 | O11: =HLOOKUP(O$5,[1]非R能力!$B$8:$F$558,$D11+1,0) -> 409002.32 | P11: =HLOOKUP(P$5,[1]非R能力!$B$8:$F$558,$D11+1,0) -> 70358.046 | Q11: =HLOOKUP(Q$5,[1]非R能力!$B$8:$F$558,$D11+1,0) -> 42521.249 | R11: =HLOOKUP(R$5,[1]非R能力!$B$8:$F$558,$D11+1,0) -> 56463.899 | S11: =HLOOKUP(S$5,[1]非R能力!$B$8:$F$558,$D11+1,0) -> 15445.657 | T11: =INDEX([1]非R能力!$H$9:$H$558,D11) -> 17828.778 | U11: =IF(INDEX([1]非R能力!$FK$9:$FK$558,D11)=0,0,10) -> 10 | V11: =IF(INDEX([1]非R能力!$FH$9:$FH$558,D11)=0,0,5000) -> 5000 | W11: =HLOOKUP(W$5,[2]人物技能基础!$O$3:$Q$553,$D11+1,0) -> 3.6371429 | X11: =HLOOKUP(X$5,[2]人物技能基础!$O$3:$Q$553,$D11+1,0) -> 2.0186429 | Y11: =HLOOKUP(Y$5,[2]人物技能基础!$O$3:$Q$553,$D11+1,0) -> 99.964286 | Z11: =INT(((P11-AB11)*X11+(Y11+T11))*G11*J11*$D$2) -> 5893537 | AA11: =IF(H11=0,IF(U11=0,INT(Q11/5),IF(V11=0,INT(Q11/5),INT((V11/U11)/(1/N11*M11)/L11+Q11))),INT((IF(U11=0,0,V11/U11/(1/N11*M11))+O11/H11)/L11+Q11)) -> 43743 | AB11: =INT(P11*I11) -> 14071 | AC11: =INT(K11*S11) -> 15445 | AD11: =INT(R11/J11) -> 80662 | AE11: =15/0.6*2 -> 50
A12: =野外bss!A13 -> 325 | B12: =A12&"级boss之家boss" -> 325级boss之家boss | C12: =A12 -> 325 | D12: =C12 -> 325 | E12: boss | F12: 非R | G12: =2*40 -> 80 | H12: 80 | I12: 0.2 | J12: 0.7 | K12: 1 | L12: 5 | M12: 1 | N12: 2 | O12: =HLOOKUP(O$5,[1]非R能力!$B$8:$F$558,$D12+1,0) -> 623773.64 | P12: =HLOOKUP(P$5,[1]非R能力!$B$8:$F$558,$D12+1,0) -> 97671.389 | Q12: =HLOOKUP(Q$5,[1]非R能力!$B$8:$F$558,$D12+1,0) -> 56956.215 | R12: =HLOOKUP(R$5,[1]非R能力!$B$8:$F$558,$D12+1,0) -> 61820.457 | S12: =HLOOKUP(S$5,[1]非R能力!$B$8:$F$558,$D12+1,0) -> 21333.565 | T12: =INDEX([1]非R能力!$H$9:$H$558,D12) -> 20997.595 | U12: =IF(INDEX([1]非R能力!$FK$9:$FK$558,D12)=0,0,10) -> 10 | V12: =IF(INDEX([1]非R能力!$FH$9:$FH$558,D12)=0,0,5000) -> 5000 | W12: =HLOOKUP(W$5,[2]人物技能基础!$O$3:$Q$553,$D12+1,0) -> 3.6371429 | X12: =HLOOKUP(X$5,[2]人物技能基础!$O$3:$Q$553,$D12+1,0) -> 2.0186429 | Y12: =HLOOKUP(Y$5,[2]人物技能基础!$O$3:$Q$553,$D12+1,0) -> 99.964286 | Z12: =INT(((P12-AB12)*X12+(Y12+T12))*G12*J12*$D$2) -> 8011541 | AA12: =IF(H12=0,IF(U12=0,INT(Q12/5),IF(V12=0,INT(Q12/5),INT((V12/U12)/(1/N12*M12)/L12+Q12))),INT((IF(U12=0,0,V12/U12/(1/N12*M12))+O12/H12)/L12+Q12)) -> 58715 | AB12: =INT(P12*I12) -> 19534 | AC12: =INT(K12*S12) -> 21333 | AD12: =INT(R12/J12) -> 88314 | AE12: =15/0.6*2 -> 50
A13: =野外bss!A14 -> 350 | B13: =A13&"级boss之家boss" -> 350级boss之家boss | C13: =A13 -> 350 | D13: =C13 -> 350 | E13: boss | F13: 非R | G13: =2*40 -> 80 | H13: 80 | I13: 0.2 | J13: 0.7 | K13: 1 | L13: 5 | M13: 1 | N13: 2 | O13: =HLOOKUP(O$5,[1]非R能力!$B$8:$F$558,$D13+1,0) -> 810712.74 | P13: =HLOOKUP(P$5,[1]非R能力!$B$8:$F$558,$D13+1,0) -> 121774.47 | Q13: =HLOOKUP(Q$5,[1]非R能力!$B$8:$F$558,$D13+1,0) -> 68368.938 | R13: =HLOOKUP(R$5,[1]非R能力!$B$8:$F$558,$D13+1,0) -> 19987.25 | S13: =HLOOKUP(S$5,[1]非R能力!$B$8:$F$558,$D13+1,0) -> 26649.6 | T13: =INDEX([1]非R能力!$H$9:$H$558,D13) -> 24588.164 | U13: =IF(INDEX([1]非R能力!$FK$9:$FK$558,D13)=0,0,10) -> 10 | V13: =IF(INDEX([1]非R能力!$FH$9:$FH$558,D13)=0,0,5000) -> 5000 | W13: =HLOOKUP(W$5,[2]人物技能基础!$O$3:$Q$553,$D13+1,0) -> 3.6371429 | X13: =HLOOKUP(X$5,[2]人物技能基础!$O$3:$Q$553,$D13+1,0) -> 2.0186429 | Y13: =HLOOKUP(Y$5,[2]人物技能基础!$O$3:$Q$553,$D13+1,0) -> 99.964286 | Z13: =INT(((P13-AB13)*X13+(Y13+T13))*G13*J13*$D$2) -> 9916268 | AA13: =IF(H13=0,IF(U13=0,INT(Q13/5),IF(V13=0,INT(Q13/5),INT((V13/U13)/(1/N13*M13)/L13+Q13))),INT((IF(U13=0,0,V13/U13/(1/N13*M13))+O13/H13)/L13+Q13)) -> 70595 | AB13: =INT(P13*I13) -> 24354 | AC13: =INT(K13*S13) -> 26649 | AD13: =INT(R13/J13) -> 28553 | AE13: =15/0.6*2 -> 50
A14: =野外bss!A15 -> 375 | B14: =A14&"级boss之家boss" -> 375级boss之家boss | C14: =A14 -> 375 | D14: =C14 -> 375 | E14: boss | F14: 非R | G14: =2*40 -> 80 | H14: 80 | I14: 0.2 | J14: 0.7 | K14: 1 | L14: 5 | M14: 1 | N14: 2 | O14: =HLOOKUP(O$5,[1]非R能力!$B$8:$F$558,$D14+1,0) -> 1049754.8 | P14: =HLOOKUP(P$5,[1]非R能力!$B$8:$F$558,$D14+1,0) -> 155689.92 | Q14: =HLOOKUP(Q$5,[1]非R能力!$B$8:$F$558,$D14+1,0) -> 87574.97 | R14: =HLOOKUP(R$5,[1]非R能力!$B$8:$F$558,$D14+1,0) -> 26286.01 | S14: =HLOOKUP(S$5,[1]非R能力!$B$8:$F$558,$D14+1,0) -> 35920.736 | T14: =INDEX([1]非R能力!$H$9:$H$558,D14) -> 28645.145 | U14: =IF(INDEX([1]非R能力!$FK$9:$FK$558,D14)=0,0,10) -> 10 | V14: =IF(INDEX([1]非R能力!$FH$9:$FH$558,D14)=0,0,5000) -> 5000 | W14: =HLOOKUP(W$5,[2]人物技能基础!$O$3:$Q$553,$D14+1,0) -> 3.6371429 | X14: =HLOOKUP(X$5,[2]人物技能基础!$O$3:$Q$553,$D14+1,0) -> 2.0186429 | Y14: =HLOOKUP(Y$5,[2]人物技能基础!$O$3:$Q$553,$D14+1,0) -> 99.964286 | Z14: =INT(((P14-AB14)*X14+(Y14+T14))*G14*J14*$D$2) -> 12551749 | AA14: =IF(H14=0,IF(U14=0,INT(Q14/5),IF(V14=0,INT(Q14/5),INT((V14/U14)/(1/N14*M14)/L14+Q14))),INT((IF(U14=0,0,V14/U14/(1/N14*M14))+O14/H14)/L14+Q14)) -> 90399 | AB14: =INT(P14*I14) -> 31137 | AC14: =INT(K14*S14) -> 35920 | AD14: =INT(R14/J14) -> 37551 | AE14: =15/0.6*2 -> 50
A15: =野外bss!A16 -> 400 | B15: =A15&"级boss之家boss" -> 400级boss之家boss | C15: =A15 -> 400 | D15: =C15 -> 400 | E15: boss | F15: 非R | G15: =2*40 -> 80 | H15: 80 | I15: 0.2 | J15: 0.7 | K15: 1 | L15: 5 | M15: 1 | N15: 2 | O15: =HLOOKUP(O$5,[1]非R能力!$B$8:$F$558,$D15+1,0) -> 1185370.5 | P15: =HLOOKUP(P$5,[1]非R能力!$B$8:$F$558,$D15+1,0) -> 173146.15 | Q15: =HLOOKUP(Q$5,[1]非R能力!$B$8:$F$558,$D15+1,0) -> 95408.041 | R15: =HLOOKUP(R$5,[1]非R能力!$B$8:$F$558,$D15+1,0) -> 28892.178 | S15: =HLOOKUP(S$5,[1]非R能力!$B$8:$F$558,$D15+1,0) -> 38976.283 | T15: =INDEX([1]非R能力!$H$9:$H$558,D15) -> 33215.6 | U15: =IF(INDEX([1]非R能力!$FK$9:$FK$558,D15)=0,0,10) -> 10 | V15: =IF(INDEX([1]非R能力!$FH$9:$FH$558,D15)=0,0,5000) -> 5000 | W15: =HLOOKUP(W$5,[2]人物技能基础!$O$3:$Q$553,$D15+1,0) -> 3.6371429 | X15: =HLOOKUP(X$5,[2]人物技能基础!$O$3:$Q$553,$D15+1,0) -> 2.0186429 | Y15: =HLOOKUP(Y$5,[2]人物技能基础!$O$3:$Q$553,$D15+1,0) -> 99.964286 | Z15: =INT(((P15-AB15)*X15+(Y15+T15))*G15*J15*$D$2) -> 14019363 | AA15: =IF(H15=0,IF(U15=0,INT(Q15/5),IF(V15=0,INT(Q15/5),INT((V15/U15)/(1/N15*M15)/L15+Q15))),INT((IF(U15=0,0,V15/U15/(1/N15*M15))+O15/H15)/L15+Q15)) -> 98571 | AB15: =INT(P15*I15) -> 34629 | AC15: =INT(K15*S15) -> 38976 | AD15: =INT(R15/J15) -> 41274 | AE15: =15/0.6*2 -> 50
A16: =野外bss!A17 -> 425 | B16: =A16&"级boss之家boss" -> 425级boss之家boss | C16: =A16 -> 425 | D16: =C16 -> 425 | E16: boss | F16: 非R | G16: =2*40 -> 80 | H16: 80 | I16: 0.2 | J16: 0.7 | K16: 1 | L16: 5 | M16: 1 | N16: 2 | O16: =HLOOKUP(O$5,[1]非R能力!$B$8:$F$558,$D16+1,0) -> 1365403 | P16: =HLOOKUP(P$5,[1]非R能力!$B$8:$F$558,$D16+1,0) -> 198123.17 | Q16: =HLOOKUP(Q$5,[1]非R能力!$B$8:$F$558,$D16+1,0) -> 107166.07 | R16: =HLOOKUP(R$5,[1]非R能力!$B$8:$F$558,$D16+1,0) -> 32793.565 | S16: =HLOOKUP(S$5,[1]非R能力!$B$8:$F$558,$D16+1,0) -> 43450.681 | T16: =INDEX([1]非R能力!$H$9:$H$558,D16) -> 38348.99 | U16: =IF(INDEX([1]非R能力!$FK$9:$FK$558,D16)=0,0,10) -> 10 | V16: =IF(INDEX([1]非R能力!$FH$9:$FH$558,D16)=0,0,5000) -> 5000 | W16: =HLOOKUP(W$5,[2]人物技能基础!$O$3:$Q$553,$D16+1,0) -> 3.6371429 | X16: =HLOOKUP(X$5,[2]人物技能基础!$O$3:$Q$553,$D16+1,0) -> 2.0186429 | Y16: =HLOOKUP(Y$5,[2]人物技能基础!$O$3:$Q$553,$D16+1,0) -> 99.964286 | Z16: =INT(((P16-AB16)*X16+(Y16+T16))*G16*J16*$D$2) -> 16056417 | AA16: =IF(H16=0,IF(U16=0,INT(Q16/5),IF(V16=0,INT(Q16/5),INT((V16/U16)/(1/N16*M16)/L16+Q16))),INT((IF(U16=0,0,V16/U16/(1/N16*M16))+O16/H16)/L16+Q16)) -> 110779 | AB16: =INT(P16*I16) -> 39624 | AC16: =INT(K16*S16) -> 43450 | AD16: =INT(R16/J16) -> 46847 | AE16: =15/0.6*2 -> 50
A17: =野外bss!A18 -> 450 | B17: =A17&"级boss之家boss" -> 450级boss之家boss | C17: =A17 -> 450 | D17: =C17 -> 450 | E17: boss | F17: 非R | G17: =2*40 -> 80 | H17: 80 | I17: 0.2 | J17: 0.7 | K17: 1 | L17: 5 | M17: 1 | N17: 2 | O17: =HLOOKUP(O$5,[1]非R能力!$B$8:$F$558,$D17+1,0) -> 1514166.9 | P17: =HLOOKUP(P$5,[1]非R能力!$B$8:$F$558,$D17+1,0) -> 215507.01 | Q17: =HLOOKUP(Q$5,[1]非R能力!$B$8:$F$558,$D17+1,0) -> 114372.35 | R17: =HLOOKUP(R$5,[1]非R能力!$B$8:$F$558,$D17+1,0) -> 35109.592 | S17: =HLOOKUP(S$5,[1]非R能力!$B$8:$F$558,$D17+1,0) -> 46259.04 | T17: =INDEX([1]非R能力!$H$9:$H$558,D17) -> 44097.178 | U17: =IF(INDEX([1]非R能力!$FK$9:$FK$558,D17)=0,0,10) -> 10 | V17: =IF(INDEX([1]非R能力!$FH$9:$FH$558,D17)=0,0,5000) -> 5000 | W17: =HLOOKUP(W$5,[2]人物技能基础!$O$3:$Q$553,$D17+1,0) -> 3.6371429 | X17: =HLOOKUP(X$5,[2]人物技能基础!$O$3:$Q$553,$D17+1,0) -> 2.0186429 | Y17: =HLOOKUP(Y$5,[2]人物技能基础!$O$3:$Q$553,$D17+1,0) -> 99.964286 | Z17: =INT(((P17-AB17)*X17+(Y17+T17))*G17*J17*$D$2) -> 17571603 | AA17: =IF(H17=0,IF(U17=0,INT(Q17/5),IF(V17=0,INT(Q17/5),INT((V17/U17)/(1/N17*M17)/L17+Q17))),INT((IF(U17=0,0,V17/U17/(1/N17*M17))+O17/H17)/L17+Q17)) -> 118357 | AB17: =INT(P17*I17) -> 43101 | AC17: =INT(K17*S17) -> 46259 | AD17: =INT(R17/J17) -> 50156 | AE17: =15/0.6*2 -> 50
A18: =野外bss!A19 -> 475 | B18: =A18&"级boss之家boss" -> 475级boss之家boss | C18: =A18 -> 475 | D18: =C18 -> 475 | E18: boss | F18: 非R | G18: =2*40 -> 80 | H18: 80 | I18: 0.2 | J18: 0.7 | K18: 1 | L18: 5 | M18: 1 | N18: 2 | O18: =HLOOKUP(O$5,[1]非R能力!$B$8:$F$558,$D18+1,0) -> 1802644.1 | P18: =HLOOKUP(P$5,[1]非R能力!$B$8:$F$558,$D18+1,0) -> 255768.43 | Q18: =HLOOKUP(Q$5,[1]非R能力!$B$8:$F$558,$D18+1,0) -> 132839.04 | R18: =HLOOKUP(R$5,[1]非R能力!$B$8:$F$558,$D18+1,0) -> 41019.43 | S18: =HLOOKUP(S$5,[1]非R能力!$B$8:$F$558,$D18+1,0) -> 53989.178 | T18: =INDEX([1]非R能力!$H$9:$H$558,D18) -> 50514.428 | U18: =IF(INDEX([1]非R能力!$FK$9:$FK$558,D18)=0,0,10) -> 10 | V18: =IF(INDEX([1]非R能力!$FH$9:$FH$558,D18)=0,0,5000) -> 5000 | W18: =HLOOKUP(W$5,[2]人物技能基础!$O$3:$Q$553,$D18+1,0) -> 3.6371429 | X18: =HLOOKUP(X$5,[2]人物技能基础!$O$3:$Q$553,$D18+1,0) -> 2.0186429 | Y18: =HLOOKUP(Y$5,[2]人物技能基础!$O$3:$Q$553,$D18+1,0) -> 99.964286 | Z18: =INT(((P18-AB18)*X18+(Y18+T18))*G18*J18*$D$2) -> 20771962 | AA18: =IF(H18=0,IF(U18=0,INT(Q18/5),IF(V18=0,INT(Q18/5),INT((V18/U18)/(1/N18*M18)/L18+Q18))),INT((IF(U18=0,0,V18/U18/(1/N18*M18))+O18/H18)/L18+Q18)) -> 137545 | AB18: =INT(P18*I18) -> 51153 | AC18: =INT(K18*S18) -> 53989 | AD18: =INT(R18/J18) -> 58599 | AE18: =15/0.6*2 -> 50
... A21: =野外bss!A22 -> 550 | B21: =A21&"级boss之家boss" -> 550级boss之家boss | C21: =A21 -> 550 | D21: =C21 -> 550 | E21: boss | F21: 非R | G21: =2*40 -> 80 | H21: 80 | I21: 0.2 | J21: 0.7 | K21: 1 | L21: 5 | M21: 1 | N21: 2 | O21: =HLOOKUP(O$5,[1]非R能力!$B$8:$F$558,$D21+1,0) -> 2674530.2 | P21: =HLOOKUP(P$5,[1]非R能力!$B$8:$F$558,$D21+1,0) -> 371147.95 | Q21: =HLOOKUP(Q$5,[1]非R能力!$B$8:$F$558,$D21+1,0) -> 180663.03 | R21: =HLOOKUP(R$5,[1]非R能力!$B$8:$F$558,$D21+1,0) -> 56616.731 | S21: =HLOOKUP(S$5,[1]非R能力!$B$8:$F$558,$D21+1,0) -> 73368.569 | T21: =INDEX([1]非R能力!$H$9:$H$558,D21) -> 74359.208 | U21: =IF(INDEX([1]非R能力!$FK$9:$FK$558,D21)=0,0,10) -> 10 | V21: =IF(INDEX([1]非R能力!$FH$9:$FH$558,D21)=0,0,5000) -> 5000 | W21: =HLOOKUP(W$5,[2]人物技能基础!$O$3:$Q$553,$D21+1,0) -> 3.6371429 | X21: =HLOOKUP(X$5,[2]人物技能基础!$O$3:$Q$553,$D21+1,0) -> 2.0186429 | Y21: =HLOOKUP(Y$5,[2]人物技能基础!$O$3:$Q$553,$D21+1,0) -> 99.964286 | Z21: =INT(((P21-AB21)*X21+(Y21+T21))*G21*J21*$D$2) -> 30187695 | AA21: =IF(H21=0,IF(U21=0,INT(Q21/5),IF(V21=0,INT(Q21/5),INT((V21/U21)/(1/N21*M21)/L21+Q21))),INT((IF(U21=0,0,V21/U21/(1/N21*M21))+O21/H21)/L21+Q21)) -> 187549 | AB21: =INT(P21*I21) -> 74229 | AC21: =INT(K21*S21) -> 73368 | AD21: =INT(R21/J21) -> 80881 | AE21: =15/0.6*2 -> 50
A22: 2转 | B22: =A22&"boss之家boss" -> 2转boss之家boss | C22: 250 | D22: =C22 -> 250 | E22: boss | F22: 非R | G22: =2*40 -> 80 | H22: 60 | I22: 0.2 | J22: 0.7 | K22: 1 | L22: 5 | M22: 1 | N22: 2 | O22: =HLOOKUP(O$5,[1]非R能力!$B$8:$F$558,$D22+1,0) -> 182781.49 | P22: =HLOOKUP(P$5,[1]非R能力!$B$8:$F$558,$D22+1,0) -> 34702.846 | Q22: =HLOOKUP(Q$5,[1]非R能力!$B$8:$F$558,$D22+1,0) -> 21102.148 | R22: =HLOOKUP(R$5,[1]非R能力!$B$8:$F$558,$D22+1,0) -> 5592.8641 | S22: =HLOOKUP(S$5,[1]非R能力!$B$8:$F$558,$D22+1,0) -> 6941.7828 | T22: =INDEX([1]非R能力!$H$9:$H$558,D22) -> 12589.769 | U22: =IF(INDEX([1]非R能力!$FK$9:$FK$558,D22)=0,0,10) -> 10 | V22: =IF(INDEX([1]非R能力!$FH$9:$FH$558,D22)=0,0,5000) -> 5000 | W22: =HLOOKUP(W$5,[2]人物技能基础!$O$3:$Q$553,$D22+1,0) -> 3.6371429 | X22: =HLOOKUP(X$5,[2]人物技能基础!$O$3:$Q$553,$D22+1,0) -> 2.0186429 | Y22: =HLOOKUP(Y$5,[2]人物技能基础!$O$3:$Q$553,$D22+1,0) -> 99.964286 | Z22: =INT(((P22-AB22)*X22+(Y22+T22))*G22*J22*$D$2) -> 3079238 | AA22: =IF(H22=0,IF(U22=0,INT(Q22/5),IF(V22=0,INT(Q22/5),INT((V22/U22)/(1/N22*M22)/L22+Q22))),INT((IF(U22=0,0,V22/U22/(1/N22*M22))+O22/H22)/L22+Q22)) -> 21911 | AB22: =INT(P22*I22) -> 6940 | AC22: =INT(K22*S22) -> 6941 | AD22: =INT(R22/J22) -> 7989 | AE22: =15/0.6*2 -> 50
A23: 3转 | B23: =A23&"boss之家boss" -> 3转boss之家boss | C23: 300 | D23: =C23 -> 300 | E23: boss | F23: 非R | G23: =2*40 -> 80 | H23: 60 | I23: 0.2 | J23: 0.7 | K23: 1 | L23: 5 | M23: 1 | N23: 2 | O23: =HLOOKUP(O$5,[1]非R能力!$B$8:$F$558,$D23+1,0) -> 409002.32 | P23: =HLOOKUP(P$5,[1]非R能力!$B$8:$F$558,$D23+1,0) -> 70358.046 | Q23: =HLOOKUP(Q$5,[1]非R能力!$B$8:$F$558,$D23+1,0) -> 42521.249 | R23: =HLOOKUP(R$5,[1]非R能力!$B$8:$F$558,$D23+1,0) -> 56463.899 | S23: =HLOOKUP(S$5,[1]非R能力!$B$8:$F$558,$D23+1,0) -> 15445.657 | T23: =INDEX([1]非R能力!$H$9:$H$558,D23) -> 17828.778 | U23: =IF(INDEX([1]非R能力!$FK$9:$FK$558,D23)=0,0,10) -> 10 | V23: =IF(INDEX([1]非R能力!$FH$9:$FH$558,D23)=0,0,5000) -> 5000 | W23: =HLOOKUP(W$5,[2]人物技能基础!$O$3:$Q$553,$D23+1,0) -> 3.6371429 | X23: =HLOOKUP(X$5,[2]人物技能基础!$O$3:$Q$553,$D23+1,0) -> 2.0186429 | Y23: =HLOOKUP(Y$5,[2]人物技能基础!$O$3:$Q$553,$D23+1,0) -> 99.964286 | Z23: =INT(((P23-AB23)*X23+(Y23+T23))*G23*J23*$D$2) -> 5893537 | AA23: =IF(H23=0,IF(U23=0,INT(Q23/5),IF(V23=0,INT(Q23/5),INT((V23/U23)/(1/N23*M23)/L23+Q23))),INT((IF(U23=0,0,V23/U23/(1/N23*M23))+O23/H23)/L23+Q23)) -> 44084 | AB23: =INT(P23*I23) -> 14071 | AC23: =INT(K23*S23) -> 15445 | AD23: =INT(R23/J23) -> 80662 | AE23: =15/0.6*2 -> 50
A24: 4转 | B24: =A24&"boss之家boss" -> 4转boss之家boss | C24: 350 | D24: =C24 -> 350 | E24: boss | F24: 非R | G24: =2*40 -> 80 | H24: 60 | I24: 0.2 | J24: 0.7 | K24: 1 | L24: 5 | M24: 1 | N24: 2 | O24: =HLOOKUP(O$5,[1]非R能力!$B$8:$F$558,$D24+1,0) -> 810712.74 | P24: =HLOOKUP(P$5,[1]非R能力!$B$8:$F$558,$D24+1,0) -> 121774.47 | Q24: =HLOOKUP(Q$5,[1]非R能力!$B$8:$F$558,$D24+1,0) -> 68368.938 | R24: =HLOOKUP(R$5,[1]非R能力!$B$8:$F$558,$D24+1,0) -> 19987.25 | S24: =HLOOKUP(S$5,[1]非R能力!$B$8:$F$558,$D24+1,0) -> 26649.6 | T24: =INDEX([1]非R能力!$H$9:$H$558,D24) -> 24588.164 | U24: =IF(INDEX([1]非R能力!$FK$9:$FK$558,D24)=0,0,10) -> 10 | V24: =IF(INDEX([1]非R能力!$FH$9:$FH$558,D24)=0,0,5000) -> 5000 | W24: =HLOOKUP(W$5,[2]人物技能基础!$O$3:$Q$553,$D24+1,0) -> 3.6371429 | X24: =HLOOKUP(X$5,[2]人物技能基础!$O$3:$Q$553,$D24+1,0) -> 2.0186429 | Y24: =HLOOKUP(Y$5,[2]人物技能基础!$O$3:$Q$553,$D24+1,0) -> 99.964286 | Z24: =INT(((P24-AB24)*X24+(Y24+T24))*G24*J24*$D$2) -> 9916268 | AA24: =IF(H24=0,IF(U24=0,INT(Q24/5),IF(V24=0,INT(Q24/5),INT((V24/U24)/(1/N24*M24)/L24+Q24))),INT((IF(U24=0,0,V24/U24/(1/N24*M24))+O24/H24)/L24+Q24)) -> 71271 | AB24: =INT(P24*I24) -> 24354 | AC24: =INT(K24*S24) -> 26649 | AD24: =INT(R24/J24) -> 28553 | AE24: =15/0.6*2 -> 50
A25: 5转 | B25: =A25&"boss之家boss" -> 5转boss之家boss | C25: 400 | D25: =C25 -> 400 | E25: boss | F25: 非R | G25: =2*40 -> 80 | H25: 60 | I25: 0.2 | J25: 0.7 | K25: 1 | L25: 5 | M25: 1 | N25: 2 | O25: =HLOOKUP(O$5,[1]非R能力!$B$8:$F$558,$D25+1,0) -> 1185370.5 | P25: =HLOOKUP(P$5,[1]非R能力!$B$8:$F$558,$D25+1,0) -> 173146.15 | Q25: =HLOOKUP(Q$5,[1]非R能力!$B$8:$F$558,$D25+1,0) -> 95408.041 | R25: =HLOOKUP(R$5,[1]非R能力!$B$8:$F$558,$D25+1,0) -> 28892.178 | S25: =HLOOKUP(S$5,[1]非R能力!$B$8:$F$558,$D25+1,0) -> 38976.283 | T25: =INDEX([1]非R能力!$H$9:$H$558,D25) -> 33215.6 | U25: =IF(INDEX([1]非R能力!$FK$9:$FK$558,D25)=0,0,10) -> 10 | V25: =IF(INDEX([1]非R能力!$FH$9:$FH$558,D25)=0,0,5000) -> 5000 | W25: =HLOOKUP(W$5,[2]人物技能基础!$O$3:$Q$553,$D25+1,0) -> 3.6371429 | X25: =HLOOKUP(X$5,[2]人物技能基础!$O$3:$Q$553,$D25+1,0) -> 2.0186429 | Y25: =HLOOKUP(Y$5,[2]人物技能基础!$O$3:$Q$553,$D25+1,0) -> 99.964286 | Z25: =INT(((P25-AB25)*X25+(Y25+T25))*G25*J25*$D$2) -> 14019363 | AA25: =IF(H25=0,IF(U25=0,INT(Q25/5),IF(V25=0,INT(Q25/5),INT((V25/U25)/(1/N25*M25)/L25+Q25))),INT((IF(U25=0,0,V25/U25/(1/N25*M25))+O25/H25)/L25+Q25)) -> 99559 | AB25: =INT(P25*I25) -> 34629 | AC25: =INT(K25*S25) -> 38976 | AD25: =INT(R25/J25) -> 41274 | AE25: =15/0.6*2 -> 50
A26: 6转 | B26: =A26&"boss之家boss" -> 6转boss之家boss | C26: 450 | D26: =C26 -> 450 | E26: boss | F26: 非R | G26: =2*40 -> 80 | H26: 60 | I26: 0.2 | J26: 0.7 | K26: 1 | L26: 5 | M26: 1 | N26: 2 | O26: =HLOOKUP(O$5,[1]非R能力!$B$8:$F$558,$D26+1,0) -> 1514166.9 | P26: =HLOOKUP(P$5,[1]非R能力!$B$8:$F$558,$D26+1,0) -> 215507.01 | Q26: =HLOOKUP(Q$5,[1]非R能力!$B$8:$F$558,$D26+1,0) -> 114372.35 | R26: =HLOOKUP(R$5,[1]非R能力!$B$8:$F$558,$D26+1,0) -> 35109.592 | S26: =HLOOKUP(S$5,[1]非R能力!$B$8:$F$558,$D26+1,0) -> 46259.04 | T26: =INDEX([1]非R能力!$H$9:$H$558,D26) -> 44097.178 | U26: =IF(INDEX([1]非R能力!$FK$9:$FK$558,D26)=0,0,10) -> 10 | V26: =IF(INDEX([1]非R能力!$FH$9:$FH$558,D26)=0,0,5000) -> 5000 | W26: =HLOOKUP(W$5,[2]人物技能基础!$O$3:$Q$553,$D26+1,0) -> 3.6371429 | X26: =HLOOKUP(X$5,[2]人物技能基础!$O$3:$Q$553,$D26+1,0) -> 2.0186429 | Y26: =HLOOKUP(Y$5,[2]人物技能基础!$O$3:$Q$553,$D26+1,0) -> 99.964286 | Z26: =INT(((P26-AB26)*X26+(Y26+T26))*G26*J26*$D$2) -> 17571603 | AA26: =IF(H26=0,IF(U26=0,INT(Q26/5),IF(V26=0,INT(Q26/5),INT((V26/U26)/(1/N26*M26)/L26+Q26))),INT((IF(U26=0,0,V26/U26/(1/N26*M26))+O26/H26)/L26+Q26)) -> 119619 | AB26: =INT(P26*I26) -> 43101 | AC26: =INT(K26*S26) -> 46259 | AD26: =INT(R26/J26) -> 50156 | AE26: =15/0.6*2 -> 50
A27: 7转 | B27: =A27&"boss之家boss" -> 7转boss之家boss | C27: 500 | D27: =C27 -> 500 | E27: boss | F27: 非R | G27: =2*40 -> 80 | H27: 60 | I27: 0.2 | J27: 0.7 | K27: 1 | L27: 5 | M27: 1 | N27: 2 | O27: =HLOOKUP(O$5,[1]非R能力!$B$8:$F$558,$D27+1,0) -> 2109926.4 | P27: =HLOOKUP(P$5,[1]非R能力!$B$8:$F$558,$D27+1,0) -> 296223.79 | Q27: =HLOOKUP(Q$5,[1]非R能力!$B$8:$F$558,$D27+1,0) -> 150358.28 | R27: =HLOOKUP(R$5,[1]非R能力!$B$8:$F$558,$D27+1,0) -> 46568.833 | S27: =HLOOKUP(S$5,[1]非R能力!$B$8:$F$558,$D27+1,0) -> 60878.524 | T27: =INDEX([1]非R能力!$H$9:$H$558,D27) -> 57657.405 | U27: =IF(INDEX([1]非R能力!$FK$9:$FK$558,D27)=0,0,10) -> 10 | V27: =IF(INDEX([1]非R能力!$FH$9:$FH$558,D27)=0,0,5000) -> 5000 | W27: =HLOOKUP(W$5,[2]人物技能基础!$O$3:$Q$553,$D27+1,0) -> 3.6371429 | X27: =HLOOKUP(X$5,[2]人物技能基础!$O$3:$Q$553,$D27+1,0) -> 2.0186429 | Y27: =HLOOKUP(Y$5,[2]人物技能基础!$O$3:$Q$553,$D27+1,0) -> 99.964286 | Z27: =INT(((P27-AB27)*X27+(Y27+T27))*G27*J27*$D$2) -> 24018844 | AA27: =IF(H27=0,IF(U27=0,INT(Q27/5),IF(V27=0,INT(Q27/5),INT((V27/U27)/(1/N27*M27)/L27+Q27))),INT((IF(U27=0,0,V27/U27/(1/N27*M27))+O27/H27)/L27+Q27)) -> 157591 | AB27: =INT(P27*I27) -> 59244 | AC27: =INT(K27*S27) -> 60878 | AD27: =INT(R27/J27) -> 66526 | AE27: =15/0.6*2 -> 50
A28: 8转 | B28: =A28&"boss之家boss" -> 8转boss之家boss | C28: 550 | D28: =C28 -> 550 | E28: boss | F28: 非R | G28: =2*40 -> 80 | H28: 60 | I28: 0.2 | J28: 0.7 | K28: 1 | L28: 5 | M28: 1 | N28: 2 | O28: =HLOOKUP(O$5,[1]非R能力!$B$8:$F$558,$D28+1,0) -> 2674530.2 | P28: =HLOOKUP(P$5,[1]非R能力!$B$8:$F$558,$D28+1,0) -> 371147.95 | Q28: =HLOOKUP(Q$5,[1]非R能力!$B$8:$F$558,$D28+1,0) -> 180663.03 | R28: =HLOOKUP(R$5,[1]非R能力!$B$8:$F$558,$D28+1,0) -> 56616.731 | S28: =HLOOKUP(S$5,[1]非R能力!$B$8:$F$558,$D28+1,0) -> 73368.569 | T28: =INDEX([1]非R能力!$H$9:$H$558,D28) -> 74359.208 | U28: =IF(INDEX([1]非R能力!$FK$9:$FK$558,D28)=0,0,10) -> 10 | V28: =IF(INDEX([1]非R能力!$FH$9:$FH$558,D28)=0,0,5000) -> 5000 | W28: =HLOOKUP(W$5,[2]人物技能基础!$O$3:$Q$553,$D28+1,0) -> 3.6371429 | X28: =HLOOKUP(X$5,[2]人物技能基础!$O$3:$Q$553,$D28+1,0) -> 2.0186429 | Y28: =HLOOKUP(Y$5,[2]人物技能基础!$O$3:$Q$553,$D28+1,0) -> 99.964286 | Z28: =INT(((P28-AB28)*X28+(Y28+T28))*G28*J28*$D$2) -> 30187695 | AA28: =IF(H28=0,IF(U28=0,INT(Q28/5),IF(V28=0,INT(Q28/5),INT((V28/U28)/(1/N28*M28)/L28+Q28))),INT((IF(U28=0,0,V28/U28/(1/N28*M28))+O28/H28)/L28+Q28)) -> 189778 | AB28: =INT(P28*I28) -> 74229 | AC28: =INT(K28*S28) -> 73368 | AD28: =INT(R28/J28) -> 80881 | AE28: =15/0.6*2 -> 50
A29: 9转 | B29: =A29&"boss之家boss" -> 9转boss之家boss | C29: 600 | D29: 550 | E29: boss | F29: 非R | G29: 160 | H29: 30 | I29: 0.2 | J29: 0.7 | K29: 1 | L29: 5 | M29: 1 | N29: 2 | O29: =HLOOKUP(O$5,[1]非R能力!$B$8:$F$558,$D29+1,0) -> 2674530.2 | P29: =HLOOKUP(P$5,[1]非R能力!$B$8:$F$558,$D29+1,0) -> 371147.95 | Q29: =HLOOKUP(Q$5,[1]非R能力!$B$8:$F$558,$D29+1,0) -> 180663.03 | R29: =HLOOKUP(R$5,[1]非R能力!$B$8:$F$558,$D29+1,0) -> 56616.731 | S29: =HLOOKUP(S$5,[1]非R能力!$B$8:$F$558,$D29+1,0) -> 73368.569 | T29: =INDEX([1]非R能力!$H$9:$H$558,D29) -> 74359.208 | U29: =IF(INDEX([1]非R能力!$FK$9:$FK$558,D29)=0,0,10) -> 10 | V29: =IF(INDEX([1]非R能力!$FH$9:$FH$558,D29)=0,0,5000) -> 5000 | W29: =HLOOKUP(W$5,[2]人物技能基础!$O$3:$Q$553,$D29+1,0) -> 3.6371429 | X29: =HLOOKUP(X$5,[2]人物技能基础!$O$3:$Q$553,$D29+1,0) -> 2.0186429 | Y29: =HLOOKUP(Y$5,[2]人物技能基础!$O$3:$Q$553,$D29+1,0) -> 99.964286 | Z29: =INT(((P29-AB29)*X29+(Y29+T29))*G29*J29*$D$2) -> 60375390 | AA29: =IF(H29=0,IF(U29=0,INT(Q29/5),IF(V29=0,INT(Q29/5),INT((V29/U29)/(1/N29*M29)/L29+Q29))),INT((IF(U29=0,0,V29/U29/(1/N29*M29))+O29/H29)/L29+Q29)) -> 198693 | AB29: =INT(P29*I29) -> 74229 | AC29: =INT(K29*S29) -> 73368 | AD29: =INT(R29/J29) -> 80881 | AE29: =15/0.6*2 -> 50

Sheet 通天塔
D1: 伤害溢出修正 | F1: 技能目标误差修正
D2: 0.8 | F2: 0.8
D4: 怪物属性设计 | O4: 目标玩家能力（简易版，仅有计算玩家基础属性,不计算化神，宠物，以后再添加特殊属性和化神等因素） | Z4: 怪物属性
A5: 通天塔层数 | B5: 怪物名字 | C5: 怪物等级 | D5: 属性等级 | E5: 怪物类型 | F5: 能力模板 | G5: 怪物受击 | H5: 玩家受击 | I5: 防御抵消比例 | J5: 玩家对怪物命中 | K5: 怪物对玩家命中 | L5: 怪物技能系数 | M5: 围攻怪物个数 | N5: 攻击间隔/s | O5: 生命 | P5: 攻击 | Q5: 防御 | R5: 命中 | S5: 闪避 | T5: 技能固定伤害 | U5: 回血间隔 | V5: 回血量 | W5: 每招平均目标 | X5: 每招平均技能伤害 | Y5: 每招平均固伤 | Z5: 生命 | AA5: 攻击 | AB5: 防御 | AC5: 命中 | AD5: 闪避
A6: 1 | B6: ="通天塔"&A6&"层boss" -> 通天塔1层boss | C6: =INDEX([5]通天塔!$F$47:$F$1046,A6) -> 81 | D6: =C6-10 -> 71 | E6: boss | F6: 非R | G6: 10 | H6: 30 | I6: 0.2 | J6: 0.7 | K6: 1 | L6: 5 | M6: 1 | N6: 2 | O6: =HLOOKUP(O$5,[1]非R能力!$B$8:$F$558,$D6+1,0) -> 13224.989 | P6: =HLOOKUP(P$5,[1]非R能力!$B$8:$F$558,$D6+1,0) -> 3361.9765 | Q6: =HLOOKUP(Q$5,[1]非R能力!$B$8:$F$558,$D6+1,0) -> 1862.431 | R6: =HLOOKUP(R$5,[1]非R能力!$B$8:$F$558,$D6+1,0) -> 637.07332 | S6: =HLOOKUP(S$5,[1]非R能力!$B$8:$F$558,$D6+1,0) -> 918.2687 | T6: =INDEX([1]非R能力!$H$9:$H$558,D6) -> 28.459063 | U6: =IF(INDEX([1]非R能力!$FK$9:$FK$558,D6)=0,0,10) -> 0 | V6: =IF(INDEX([1]非R能力!$FH$9:$FH$558,D6)=0,0,5000) -> 0 | W6: =HLOOKUP(W$5,[2]人物技能基础!$O$3:$Q$553,$D6+1,0) -> 3.6371429 | X6: =HLOOKUP(X$5,[2]人物技能基础!$O$3:$Q$553,$D6+1,0) -> 2.0186429 | Y6: =HLOOKUP(Y$5,[2]人物技能基础!$O$3:$Q$553,$D6+1,0) -> 99.964286 | Z6: =INT(((P6-AB6)*X6+(Y6+T6))*G6*J6*$D$2) -> 31127 | AA6: =IF(H6=0,IF(U6=0,INT(Q6/5),IF(V6=0,INT(Q6/5),INT((V6/U6)/(1/N6*M6)/L6+Q6))),INT((IF(U6=0,0,V6/U6/(1/N6*M6))+O6/H6)/L6+Q6)) -> 1950 | AB6: =INT(P6*I6) -> 672 | AC6: =INT(K6*S6) -> 918 | AD6: =INT(R6/J6) -> 910 | AJ6: （（攻击-怪物防御）*技能系数+技能固伤）*怪物受击*玩家命中*伤害溢出修正
A7: 2 | B7: ="通天塔"&A7&"层boss" -> 通天塔2层boss | C7: =INDEX([5]通天塔!$F$47:$F$1046,A7) -> 82 | D7: =C7-5 -> 77 | E7: boss | F7: 非R | G7: 15 | H7: 30 | I7: 0.2 | J7: 0.7 | K7: 1 | L7: 5 | M7: 1 | N7: 2 | O7: =HLOOKUP(O$5,[1]非R能力!$B$8:$F$558,$D7+1,0) -> 14878.065 | P7: =HLOOKUP(P$5,[1]非R能力!$B$8:$F$558,$D7+1,0) -> 3948.7183 | Q7: =HLOOKUP(Q$5,[1]非R能力!$B$8:$F$558,$D7+1,0) -> 2165.8134 | R7: =HLOOKUP(R$5,[1]非R能力!$B$8:$F$558,$D7+1,0) -> 715.07023 | S7: =HLOOKUP(S$5,[1]非R能力!$B$8:$F$558,$D7+1,0) -> 965.54664 | T7: =INDEX([1]非R能力!$H$9:$H$558,D7) -> 57.022275 | U7: =IF(INDEX([1]非R能力!$FK$9:$FK$558,D7)=0,0,10) -> 0 | V7: =IF(INDEX([1]非R能力!$FH$9:$FH$558,D7)=0,0,5000) -> 0 | W7: =HLOOKUP(W$5,[2]人物技能基础!$O$3:$Q$553,$D7+1,0) -> 3.6371429 | X7: =HLOOKUP(X$5,[2]人物技能基础!$O$3:$Q$553,$D7+1,0) -> 2.0186429 | Y7: =HLOOKUP(Y$5,[2]人物技能基础!$O$3:$Q$553,$D7+1,0) -> 99.964286 | Z7: =INT(((P7-AB7)*X7+(Y7+T7))*G7*J7*$D$2) -> 54896 | AA7: =IF(H7=0,IF(U7=0,INT(Q7/5),IF(V7=0,INT(Q7/5),INT((V7/U7)/(1/N7*M7)/L7+Q7))),INT((IF(U7=0,0,V7/U7/(1/N7*M7))+O7/H7)/L7+Q7)) -> 2265 | AB7: =INT(P7*I7) -> 789 | AC7: =INT(K7*S7) -> 965 | AD7: =INT(R7/J7) -> 1021
A8: 3 | B8: ="通天塔"&A8&"层boss" -> 通天塔3层boss | C8: =INDEX([5]通天塔!$F$47:$F$1046,A8) -> 83 | D8: =C8 -> 83 | E8: boss | F8: 非R | G8: 20 | H8: 30 | I8: 0.2 | J8: 0.7 | K8: 1 | L8: 5 | M8: 1 | N8: 2 | O8: =HLOOKUP(O$5,[1]非R能力!$B$8:$F$558,$D8+1,0) -> 20711.833 | P8: =HLOOKUP(P$5,[1]非R能力!$B$8:$F$558,$D8+1,0) -> 4933.697 | Q8: =HLOOKUP(Q$5,[1]非R能力!$B$8:$F$558,$D8+1,0) -> 2914.485 | R8: =HLOOKUP(R$5,[1]非R能力!$B$8:$F$558,$D8+1,0) -> 853.84042 | S8: =HLOOKUP(S$5,[1]非R能力!$B$8:$F$558,$D8+1,0) -> 1090.3911 | T8: =INDEX([1]非R能力!$H$9:$H$558,D8) -> 85.690488 | U8: =IF(INDEX([1]非R能力!$FK$9:$FK$558,D8)=0,0,10) -> 10 | V8: =IF(INDEX([1]非R能力!$FH$9:$FH$558,D8)=0,0,5000) -> 0 | W8: =HLOOKUP(W$5,[2]人物技能基础!$O$3:$Q$553,$D8+1,0) -> 3.6371429 | X8: =HLOOKUP(X$5,[2]人物技能基础!$O$3:$Q$553,$D8+1,0) -> 2.0186429 | Y8: =HLOOKUP(Y$5,[2]人物技能基础!$O$3:$Q$553,$D8+1,0) -> 99.964286 | Z8: =INT(((P8-AB8)*X8+(Y8+T8))*G8*J8*$D$2) -> 91332 | AA8: =IF(H8=0,IF(U8=0,INT(Q8/5),IF(V8=0,INT(Q8/5),INT((V8/U8)/(1/N8*M8)/L8+Q8))),INT((IF(U8=0,0,V8/U8/(1/N8*M8))+O8/H8)/L8+Q8)) -> 3052 | AB8: =INT(P8*I8) -> 986 | AC8: =INT(K8*S8) -> 1090 | AD8: =INT(R8/J8) -> 1219
A9: 4 | B9: ="通天塔"&A9&"层boss" -> 通天塔4层boss | C9: =INDEX([5]通天塔!$F$47:$F$1046,A9) -> 84 | D9: =C9 -> 84 | E9: boss | F9: 非R | G9: 25 | H9: 30 | I9: 0.2 | J9: 0.7 | K9: 1 | L9: 5 | M9: 1 | N9: 2 | O9: =HLOOKUP(O$5,[1]非R能力!$B$8:$F$558,$D9+1,0) -> 21898.22 | P9: =HLOOKUP(P$5,[1]非R能力!$B$8:$F$558,$D9+1,0) -> 5482.0506 | Q9: =HLOOKUP(Q$5,[1]非R能力!$B$8:$F$558,$D9+1,0) -> 3020.9057 | R9: =HLOOKUP(R$5,[1]非R能力!$B$8:$F$558,$D9+1,0) -> 907.02358 | S9: =HLOOKUP(S$5,[1]非R能力!$B$8:$F$558,$D9+1,0) -> 1217.8705 | T9: =INDEX([1]非R能力!$H$9:$H$558,D9) -> 85.690488 | U9: =IF(INDEX([1]非R能力!$FK$9:$FK$558,D9)=0,0,10) -> 10 | V9: =IF(INDEX([1]非R能力!$FH$9:$FH$558,D9)=0,0,5000) -> 0 | W9: =HLOOKUP(W$5,[2]人物技能基础!$O$3:$Q$553,$D9+1,0) -> 3.6371429 | X9: =HLOOKUP(X$5,[2]人物技能基础!$O$3:$Q$553,$D9+1,0) -> 2.0186429 | Y9: =HLOOKUP(Y$5,[2]人物技能基础!$O$3:$Q$553,$D9+1,0) -> 99.964286 | Z9: =INT(((P9-AB9)*X9+(Y9+T9))*G9*J9*$D$2) -> 126553 | AA9: =IF(H9=0,IF(U9=0,INT(Q9/5),IF(V9=0,INT(Q9/5),INT((V9/U9)/(1/N9*M9)/L9+Q9))),INT((IF(U9=0,0,V9/U9/(1/N9*M9))+O9/H9)/L9+Q9)) -> 3166 | AB9: =INT(P9*I9) -> 1096 | AC9: =INT(K9*S9) -> 1217 | AD9: =INT(R9/J9) -> 1295
A10: 5 | B10: ="通天塔"&A10&"层boss" -> 通天塔5层boss | C10: =INDEX([5]通天塔!$F$47:$F$1046,A10) -> 85 | D10: =C10 -> 85 | E10: boss | F10: 非R | G10: 30 | H10: 30 | I10: 0.2 | J10: 0.7 | K10: 1 | L10: 5 | M10: 1 | N10: 2 | O10: =HLOOKUP(O$5,[1]非R能力!$B$8:$F$558,$D10+1,0) -> 23084.677 | P10: =HLOOKUP(P$5,[1]非R能力!$B$8:$F$558,$D10+1,0) -> 5832.4081 | Q10: =HLOOKUP(Q$5,[1]非R能力!$B$8:$F$558,$D10+1,0) -> 3127.3318 | R10: =HLOOKUP(R$5,[1]非R能力!$B$8:$F$558,$D10+1,0) -> 960.20929 | S10: =HLOOKUP(S$5,[1]非R能力!$B$8:$F$558,$D10+1,0) -> 1345.3545 | T10: =INDEX([1]非R能力!$H$9:$H$558,D10) -> 85.690488 | U10: =IF(INDEX([1]非R能力!$FK$9:$FK$558,D10)=0,0,10) -> 10 | V10: =IF(INDEX([1]非R能力!$FH$9:$FH$558,D10)=0,0,5000) -> 0 | W10: =HLOOKUP(W$5,[2]人物技能基础!$O$3:$Q$553,$D10+1,0) -> 3.6371429 | X10: =HLOOKUP(X$5,[2]人物技能基础!$O$3:$Q$553,$D10+1,0) -> 2.0186429 | Y10: =HLOOKUP(Y$5,[2]人物技能基础!$O$3:$Q$553,$D10+1,0) -> 99.964286 | Z10: =INT(((P10-AB10)*X10+(Y10+T10))*G10*J10*$D$2) -> 161371 | AA10: =IF(H10=0,IF(U10=0,INT(Q10/5),IF(V10=0,INT(Q10/5),INT((V10/U10)/(1/N10*M10)/L10+Q10))),INT((IF(U10=0,0,V10/U10/(1/N10*M10))+O10/H10)/L10+Q10)) -> 3281 | AB10: =INT(P10*I10) -> 1166 | AC10: =INT(K10*S10) -> 1345 | AD10: =INT(R10/J10) -> 1371
A11: 6 | B11: ="通天塔"&A11&"层boss" -> 通天塔6层boss | C11: =INDEX([5]通天塔!$F$47:$F$1046,A11) -> 86 | D11: =C11 -> 86 | E11: boss | F11: 非R | G11: 30 | H11: 30 | I11: 0.2 | J11: 0.7 | K11: 1 | L11: 5 | M11: 1 | N11: 2 | O11: =HLOOKUP(O$5,[1]非R能力!$B$8:$F$558,$D11+1,0) -> 24475.237 | P11: =HLOOKUP(P$5,[1]非R能力!$B$8:$F$558,$D11+1,0) -> 6288.2963 | Q11: =HLOOKUP(Q$5,[1]非R能力!$B$8:$F$558,$D11+1,0) -> 3242.2644 | R11: =HLOOKUP(R$5,[1]非R能力!$B$8:$F$558,$D11+1,0) -> 1006.73 | S11: =HLOOKUP(S$5,[1]非R能力!$B$8:$F$558,$D11+1,0) -> 1472.8432 | T11: =INDEX([1]非R能力!$H$9:$H$558,D11) -> 85.690488 | U11: =IF(INDEX([1]非R能力!$FK$9:$FK$558,D11)=0,0,10) -> 10 | V11: =IF(INDEX([1]非R能力!$FH$9:$FH$558,D11)=0,0,5000) -> 0 | W11: =HLOOKUP(W$5,[2]人物技能基础!$O$3:$Q$553,$D11+1,0) -> 3.6371429 | X11: =HLOOKUP(X$5,[2]人物技能基础!$O$3:$Q$553,$D11+1,0) -> 2.0186429 | Y11: =HLOOKUP(Y$5,[2]人物技能基础!$O$3:$Q$553,$D11+1,0) -> 99.964286 | Z11: =INT(((P11-AB11)*X11+(Y11+T11))*G11*J11*$D$2) -> 173746 | AA11: =IF(H11=0,IF(U11=0,INT(Q11/5),IF(V11=0,INT(Q11/5),INT((V11/U11)/(1/N11*M11)/L11+Q11))),INT((IF(U11=0,0,V11/U11/(1/N11*M11))+O11/H11)/L11+Q11)) -> 3405 | AB11: =INT(P11*I11) -> 1257 | AC11: =INT(K11*S11) -> 1472 | AD11: =INT(R11/J11) -> 1438
A12: 7 | B12: ="通天塔"&A12&"层boss" -> 通天塔7层boss | C12: =INDEX([5]通天塔!$F$47:$F$1046,A12) -> 87 | D12: =C12 -> 87 | E12: boss | F12: 非R | G12: 30 | H12: 30 | I12: 0.2 | J12: 0.7 | K12: 1 | L12: 5 | M12: 1 | N12: 2 | O12: =HLOOKUP(O$5,[1]非R能力!$B$8:$F$558,$D12+1,0) -> 26027.31 | P12: =HLOOKUP(P$5,[1]非R能力!$B$8:$F$558,$D12+1,0) -> 6483.5662 | Q12: =HLOOKUP(Q$5,[1]非R能力!$B$8:$F$558,$D12+1,0) -> 3344.0008 | R12: =HLOOKUP(R$5,[1]非R能力!$B$8:$F$558,$D12+1,0) -> 1053.2531 | S12: =HLOOKUP(S$5,[1]非R能力!$B$8:$F$558,$D12+1,0) -> 1497.2686 | T12: =INDEX([1]非R能力!$H$9:$H$558,D12) -> 85.690488 | U12: =IF(INDEX([1]非R能力!$FK$9:$FK$558,D12)=0,0,10) -> 10 | V12: =IF(INDEX([1]非R能力!$FH$9:$FH$558,D12)=0,0,5000) -> 0 | W12: =HLOOKUP(W$5,[2]人物技能基础!$O$3:$Q$553,$D12+1,0) -> 3.6371429 | X12: =HLOOKUP(X$5,[2]人物技能基础!$O$3:$Q$553,$D12+1,0) -> 2.0186429 | Y12: =HLOOKUP(Y$5,[2]人物技能基础!$O$3:$Q$553,$D12+1,0) -> 99.964286 | Z12: =INT(((P12-AB12)*X12+(Y12+T12))*G12*J12*$D$2) -> 179045 | AA12: =IF(H12=0,IF(U12=0,INT(Q12/5),IF(V12=0,INT(Q12/5),INT((V12/U12)/(1/N12*M12)/L12+Q12))),INT((IF(U12=0,0,V12/U12/(1/N12*M12))+O12/H12)/L12+Q12)) -> 3517 | AB12: =INT(P12*I12) -> 1296 | AC12: =INT(K12*S12) -> 1497 | AD12: =INT(R12/J12) -> 1504
A13: 8 | B13: ="通天塔"&A13&"层boss" -> 通天塔8层boss | C13: =INDEX([5]通天塔!$F$47:$F$1046,A13) -> 89 | D13: =C13 -> 89 | E13: boss | F13: 非R | G13: 30 | H13: 30 | I13: 0.2 | J13: 0.7 | K13: 1 | L13: 5 | M13: 1 | N13: 2 | O13: =HLOOKUP(O$5,[1]非R能力!$B$8:$F$558,$D13+1,0) -> 27256.818 | P13: =HLOOKUP(P$5,[1]非R能力!$B$8:$F$558,$D13+1,0) -> 6874.5761 | Q13: =HLOOKUP(Q$5,[1]非R能力!$B$8:$F$558,$D13+1,0) -> 3832.4978 | R13: =HLOOKUP(R$5,[1]非R能力!$B$8:$F$558,$D13+1,0) -> 1118.2451 | S13: =HLOOKUP(S$5,[1]非R能力!$B$8:$F$558,$D13+1,0) -> 1546.1229 | T13: =INDEX([1]非R能力!$H$9:$H$558,D13) -> 85.690488 | U13: =IF(INDEX([1]非R能力!$FK$9:$FK$558,D13)=0,0,10) -> 10 | V13: =IF(INDEX([1]非R能力!$FH$9:$FH$558,D13)=0,0,5000) -> 0 | W13: =HLOOKUP(W$5,[2]人物技能基础!$O$3:$Q$553,$D13+1,0) -> 3.6371429 | X13: =HLOOKUP(X$5,[2]人物技能基础!$O$3:$Q$553,$D13+1,0) -> 2.0186429 | Y13: =HLOOKUP(Y$5,[2]人物技能基础!$O$3:$Q$553,$D13+1,0) -> 99.964286 | Z13: =INT(((P13-AB13)*X13+(Y13+T13))*G13*J13*$D$2) -> 189661 | AA13: =IF(H13=0,IF(U13=0,INT(Q13/5),IF(V13=0,INT(Q13/5),INT((V13/U13)/(1/N13*M13)/L13+Q13))),INT((IF(U13=0,0,V13/U13/(1/N13*M13))+O13/H13)/L13+Q13)) -> 4014 | AB13: =INT(P13*I13) -> 1374 | AC13: =INT(K13*S13) -> 1546 | AD13: =INT(R13/J13) -> 1597
A14: 9 | B14: ="通天塔"&A14&"层boss" -> 通天塔9层boss | C14: =INDEX([5]通天塔!$F$47:$F$1046,A14) -> 90 | D14: =C14 -> 90 | E14: boss | F14: 非R | G14: 30 | H14: 30 | I14: 0.2 | J14: 0.7 | K14: 1 | L14: 5 | M14: 1 | N14: 2 | O14: =HLOOKUP(O$5,[1]非R能力!$B$8:$F$558,$D14+1,0) -> 27722.364 | P14: =HLOOKUP(P$5,[1]非R能力!$B$8:$F$558,$D14+1,0) -> 7070.3163 | Q14: =HLOOKUP(Q$5,[1]非R能力!$B$8:$F$558,$D14+1,0) -> 3895.3993 | R14: =HLOOKUP(R$5,[1]非R能力!$B$8:$F$558,$D14+1,0) -> 1136.7128 | S14: =HLOOKUP(S$5,[1]非R能力!$B$8:$F$558,$D14+1,0) -> 1570.5517 | T14: =INDEX([1]非R能力!$H$9:$H$558,D14) -> 85.690488 | U14: =IF(INDEX([1]非R能力!$FK$9:$FK$558,D14)=0,0,10) -> 10 | V14: =IF(INDEX([1]非R能力!$FH$9:$FH$558,D14)=0,0,5000) -> 0 | W14: =HLOOKUP(W$5,[2]人物技能基础!$O$3:$Q$553,$D14+1,0) -> 3.6371429 | X14: =HLOOKUP(X$5,[2]人物技能基础!$O$3:$Q$553,$D14+1,0) -> 2.0186429 | Y14: =HLOOKUP(Y$5,[2]人物技能基础!$O$3:$Q$553,$D14+1,0) -> 99.964286 | Z14: =INT(((P14-AB14)*X14+(Y14+T14))*G14*J14*$D$2) -> 194942 | AA14: =IF(H14=0,IF(U14=0,INT(Q14/5),IF(V14=0,INT(Q14/5),INT((V14/U14)/(1/N14*M14)/L14+Q14))),INT((IF(U14=0,0,V14/U14/(1/N14*M14))+O14/H14)/L14+Q14)) -> 4080 | AB14: =INT(P14*I14) -> 1414 | AC14: =INT(K14*S14) -> 1570 | AD14: =INT(R14/J14) -> 1623
A15: 10 | B15: ="通天塔"&A15&"层boss" -> 通天塔10层boss | C15: =INDEX([5]通天塔!$F$47:$F$1046,A15) -> 92 | D15: =C15 -> 92 | E15: boss | F15: 非R | G15: 30 | H15: 30 | I15: 0.2 | J15: 0.7 | K15: 1 | L15: 5 | M15: 1 | N15: 2 | O15: =HLOOKUP(O$5,[1]非R能力!$B$8:$F$558,$D15+1,0) -> 28747.549 | P15: =HLOOKUP(P$5,[1]非R能力!$B$8:$F$558,$D15+1,0) -> 7296.5339 | Q15: =HLOOKUP(Q$5,[1]非R能力!$B$8:$F$558,$D15+1,0) -> 4018.7777 | R15: =HLOOKUP(R$5,[1]非R能力!$B$8:$F$558,$D15+1,0) -> 1173.6537 | S15: =HLOOKUP(S$5,[1]非R能力!$B$8:$F$558,$D15+1,0) -> 1619.4153 | T15: =INDEX([1]非R能力!$H$9:$H$558,D15) -> 85.690488 | U15: =IF(INDEX([1]非R能力!$FK$9:$FK$558,D15)=0,0,10) -> 10 | V15: =IF(INDEX([1]非R能力!$FH$9:$FH$558,D15)=0,0,5000) -> 0 | W15: =HLOOKUP(W$5,[2]人物技能基础!$O$3:$Q$553,$D15+1,0) -> 3.6371429 | X15: =HLOOKUP(X$5,[2]人物技能基础!$O$3:$Q$553,$D15+1,0) -> 2.0186429 | Y15: =HLOOKUP(Y$5,[2]人物技能基础!$O$3:$Q$553,$D15+1,0) -> 99.964286 | Z15: =INT(((P15-AB15)*X15+(Y15+T15))*G15*J15*$D$2) -> 201088 | AA15: =IF(H15=0,IF(U15=0,INT(Q15/5),IF(V15=0,INT(Q15/5),INT((V15/U15)/(1/N15*M15)/L15+Q15))),INT((IF(U15=0,0,V15/U15/(1/N15*M15))+O15/H15)/L15+Q15)) -> 4210 | AB15: =INT(P15*I15) -> 1459 | AC15: =INT(K15*S15) -> 1619 | AD15: =INT(R15/J15) -> 1676
A16: 11 | B16: ="通天塔"&A16&"层boss" -> 通天塔11层boss | C16: =INDEX([5]通天塔!$F$47:$F$1046,A16) -> 106 | D16: =C16 -> 106 | E16: boss | F16: 非R | G16: 30 | H16: 30 | I16: 0.2 | J16: 0.7 | K16: 1 | L16: 5 | M16: 1 | N16: 2 | O16: =HLOOKUP(O$5,[1]非R能力!$B$8:$F$558,$D16+1,0) -> 35942.599 | P16: =HLOOKUP(P$5,[1]非R能力!$B$8:$F$558,$D16+1,0) -> 9032.3258 | Q16: =HLOOKUP(Q$5,[1]非R能力!$B$8:$F$558,$D16+1,0) -> 4912.1945 | R16: =HLOOKUP(R$5,[1]非R能力!$B$8:$F$558,$D16+1,0) -> 1432.6059 | S16: =HLOOKUP(S$5,[1]非R能力!$B$8:$F$558,$D16+1,0) -> 1988.7527 | T16: =INDEX([1]非R能力!$H$9:$H$558,D16) -> 114.46457 | U16: =IF(INDEX([1]非R能力!$FK$9:$FK$558,D16)=0,0,10) -> 10 | V16: =IF(INDEX([1]非R能力!$FH$9:$FH$558,D16)=0,0,5000) -> 5000 | W16: =HLOOKUP(W$5,[2]人物技能基础!$O$3:$Q$553,$D16+1,0) -> 3.6371429 | X16: =HLOOKUP(X$5,[2]人物技能基础!$O$3:$Q$553,$D16+1,0) -> 2.0186429 | Y16: =HLOOKUP(Y$5,[2]人物技能基础!$O$3:$Q$553,$D16+1,0) -> 99.964286 | Z16: =INT(((P16-AB16)*X16+(Y16+T16))*G16*J16*$D$2) -> 248670 | AA16: =IF(H16=0,IF(U16=0,INT(Q16/5),IF(V16=0,INT(Q16/5),INT((V16/U16)/(1/N16*M16)/L16+Q16))),INT((IF(U16=0,0,V16/U16/(1/N16*M16))+O16/H16)/L16+Q16)) -> 5351 | AB16: =INT(P16*I16) -> 1806 | AC16: =INT(K16*S16) -> 1988 | AD16: =INT(R16/J16) -> 2046
A17: 12 | B17: ="通天塔"&A17&"层boss" -> 通天塔12层boss | C17: =INDEX([5]通天塔!$F$47:$F$1046,A17) -> 107 | D17: =C17 -> 107 | E17: boss | F17: 非R | G17: 30 | H17: 30 | I17: 0.2 | J17: 0.7 | K17: 1 | L17: 5 | M17: 1 | N17: 2 | O17: =HLOOKUP(O$5,[1]非R能力!$B$8:$F$558,$D17+1,0) -> 36452.701 | P17: =HLOOKUP(P$5,[1]非R能力!$B$8:$F$558,$D17+1,0) -> 9138.09 | Q17: =HLOOKUP(Q$5,[1]非R能力!$B$8:$F$558,$D17+1,0) -> 5011.6549 | R17: =HLOOKUP(R$5,[1]非R能力!$B$8:$F$558,$D17+1,0) -> 1453.0051 | S17: =HLOOKUP(S$5,[1]非R能力!$B$8:$F$558,$D17+1,0) -> 2026.6561 | T17: =INDEX([1]非R能力!$H$9:$H$558,D17) -> 143.34537 | U17: =IF(INDEX([1]非R能力!$FK$9:$FK$558,D17)=0,0,10) -> 10 | V17: =IF(INDEX([1]非R能力!$FH$9:$FH$558,D17)=0,0,5000) -> 5000 | W17: =HLOOKUP(W$5,[2]人物技能基础!$O$3:$Q$553,$D17+1,0) -> 3.6371429 | X17: =HLOOKUP(X$5,[2]人物技能基础!$O$3:$Q$553,$D17+1,0) -> 2.0186429 | Y17: =HLOOKUP(Y$5,[2]人物技能基础!$O$3:$Q$553,$D17+1,0) -> 99.964286 | Z17: =INT(((P17-AB17)*X17+(Y17+T17))*G17*J17*$D$2) -> 252030 | AA17: =IF(H17=0,IF(U17=0,INT(Q17/5),IF(V17=0,INT(Q17/5),INT((V17/U17)/(1/N17*M17)/L17+Q17))),INT((IF(U17=0,0,V17/U17/(1/N17*M17))+O17/H17)/L17+Q17)) -> 5454 | AB17: =INT(P17*I17) -> 1827 | AC17: =INT(K17*S17) -> 2026 | AD17: =INT(R17/J17) -> 2075
A18: 13 | B18: ="通天塔"&A18&"层boss" -> 通天塔13层boss | C18: =INDEX([5]通天塔!$F$47:$F$1046,A18) -> 108 | D18: =C18 -> 108 | E18: boss | F18: 非R | G18: 30 | H18: 30 | I18: 0.2 | J18: 0.7 | K18: 1 | L18: 5 | M18: 1 | N18: 2 | O18: =HLOOKUP(O$5,[1]非R能力!$B$8:$F$558,$D18+1,0) -> 36962.86 | P18: =HLOOKUP(P$5,[1]非R能力!$B$8:$F$558,$D18+1,0) -> 9243.8648 | Q18: =HLOOKUP(Q$5,[1]非R能力!$B$8:$F$558,$D18+1,0) -> 5111.1237 | R18: =HLOOKUP(R$5,[1]非R能力!$B$8:$F$558,$D18+1,0) -> 1473.4061 | S18: =HLOOKUP(S$5,[1]非R能力!$B$8:$F$558,$D18+1,0) -> 2064.562 | T18: =INDEX([1]非R能力!$H$9:$H$558,D18) -> 143.34537 | U18: =IF(INDEX([1]非R能力!$FK$9:$FK$558,D18)=0,0,10) -> 10 | V18: =IF(INDEX([1]非R能力!$FH$9:$FH$558,D18)=0,0,5000) -> 5000 | W18: =HLOOKUP(W$5,[2]人物技能基础!$O$3:$Q$553,$D18+1,0) -> 3.6371429 | X18: =HLOOKUP(X$5,[2]人物技能基础!$O$3:$Q$553,$D18+1,0) -> 2.0186429 | Y18: =HLOOKUP(Y$5,[2]人物技能基础!$O$3:$Q$553,$D18+1,0) -> 99.964286 | Z18: =INT(((P18-AB18)*X18+(Y18+T18))*G18*J18*$D$2) -> 254905 | AA18: =IF(H18=0,IF(U18=0,INT(Q18/5),IF(V18=0,INT(Q18/5),INT((V18/U18)/(1/N18*M18)/L18+Q18))),INT((IF(U18=0,0,V18/U18/(1/N18*M18))+O18/H18)/L18+Q18)) -> 5557 | AB18: =INT(P18*I18) -> 1848 | AC18: =INT(K18*S18) -> 2064 | AD18: =INT(R18/J18) -> 2104
A19: 14 | B19: ="通天塔"&A19&"层boss" -> 通天塔14层boss | C19: =INDEX([5]通天塔!$F$47:$F$1046,A19) -> 109 | D19: =C19 -> 109 | E19: boss | F19: 非R | G19: 30 | H19: 30 | I19: 0.2 | J19: 0.7 | K19: 1 | L19: 5 | M19: 1 | N19: 2 | O19: =HLOOKUP(O$5,[1]非R能力!$B$8:$F$558,$D19+1,0) -> 37480.935 | P19: =HLOOKUP(P$5,[1]非R能力!$B$8:$F$558,$D19+1,0) -> 9349.6501 | Q19: =HLOOKUP(Q$5,[1]非R能力!$B$8:$F$558,$D19+1,0) -> 5190.5857 | R19: =HLOOKUP(R$5,[1]非R能力!$B$8:$F$558,$D19+1,0) -> 1493.8091 | S19: =HLOOKUP(S$5,[1]非R能力!$B$8:$F$558,$D19+1,0) -> 2102.4705 | T19: =INDEX([1]非R能力!$H$9:$H$558,D19) -> 172.33378 | U19: =IF(INDEX([1]非R能力!$FK$9:$FK$558,D19)=0,0,10) -> 10 | V19: =IF(INDEX([1]非R能力!$FH$9:$FH$558,D19)=0,0,5000) -> 5000 | W19: =HLOOKUP(W$5,[2]人物技能基础!$O$3:$Q$553,$D19+1,0) -> 3.6371429 | X19: =HLOOKUP(X$5,[2]人物技能基础!$O$3:$Q$553,$D19+1,0) -> 2.0186429 | Y19: =HLOOKUP(Y$5,[2]人物技能基础!$O$3:$Q$553,$D19+1,0) -> 99.964286 | Z19: =INT(((P19-AB19)*X19+(Y19+T19))*G19*J19*$D$2) -> 258267 | AA19: =IF(H19=0,IF(U19=0,INT(Q19/5),IF(V19=0,INT(Q19/5),INT((V19/U19)/(1/N19*M19)/L19+Q19))),INT((IF(U19=0,0,V19/U19/(1/N19*M19))+O19/H19)/L19+Q19)) -> 5640 | AB19: =INT(P19*I19) -> 1869 | AC19: =INT(K19*S19) -> 2102 | AD19: =INT(R19/J19) -> 2134
... A1005: 1000 | B1005: ="通天塔"&A1005&"层boss" -> 通天塔1000层boss | C1005: =INDEX([5]通天塔!$F$47:$F$1046,A1005) -> 550 | D1005: =C1005 -> 550 | E1005: boss | F1005: 非R | G1005: 30 | H1005: 30 | I1005: 0.2 | J1005: 0.7 | K1005: 1 | L1005: 5 | M1005: 1 | N1005: 2 | O1005: =HLOOKUP(O$5,[1]非R能力!$B$8:$F$558,$D1005+1,0) -> 2674530.2 | P1005: =HLOOKUP(P$5,[1]非R能力!$B$8:$F$558,$D1005+1,0) -> 371147.95 | Q1005: =HLOOKUP(Q$5,[1]非R能力!$B$8:$F$558,$D1005+1,0) -> 180663.03 | R1005: =HLOOKUP(R$5,[1]非R能力!$B$8:$F$558,$D1005+1,0) -> 56616.731 | S1005: =HLOOKUP(S$5,[1]非R能力!$B$8:$F$558,$D1005+1,0) -> 73368.569 | T1005: =INDEX([1]非R能力!$H$9:$H$558,D1005) -> 74359.208 | U1005: =IF(INDEX([1]非R能力!$FK$9:$FK$558,D1005)=0,0,10) -> 10 | V1005: =IF(INDEX([1]非R能力!$FH$9:$FH$558,D1005)=0,0,5000) -> 5000 | W1005: =HLOOKUP(W$5,[2]人物技能基础!$O$3:$Q$553,$D1005+1,0) -> 3.6371429 | X1005: =HLOOKUP(X$5,[2]人物技能基础!$O$3:$Q$553,$D1005+1,0) -> 2.0186429 | Y1005: =HLOOKUP(Y$5,[2]人物技能基础!$O$3:$Q$553,$D1005+1,0) -> 99.964286 | Z1005: =INT(((P1005-AB1005)*X1005+(Y1005+T1005))*G1005*J1005*$D$2) -> 11320385 | AA1005: =IF(H1005=0,IF(U1005=0,INT(Q1005/5),IF(V1005=0,INT(Q1005/5),INT((V1005/U1005)/(1/N1005*M1005)/L1005+Q1005))),INT((IF(U1005=0,0,V1005/U1005/(1/N1005*M1005))+O1005/H1005)/L1005+Q1005)) -> 198693 | AB1005: =INT(P1005*I1005) -> 74229 | AC1005: =INT(K1005*S1005) -> 73368 | AD1005: =INT(R1005/J1005) -> 80881

Sheet 材料副本怪物
D1: 伤害溢出修正 | F1: 技能目标误差修正
D2: 0.8 | F2: 0.8
D4: 怪物属性设计 | O4: 目标玩家能力（简易版，仅有计算玩家基础属性,不计算化神，宠物，以后再添加特殊属性和化神等因素） | Z4: 怪物属性
A5: 材料副本类型 | B5: 怪物名字 | C5: 怪物等级 | D5: 属性等级 | E5: 怪物类型 | F5: 能力模板 | G5: 怪物受击 | H5: 玩家受击 | I5: 防御抵消比例 | J5: 玩家对怪物命中 | K5: 怪物对玩家命中 | L5: 怪物技能系数 | M5: 围攻怪物个数 | N5: 攻击间隔/s | O5: 生命 | P5: 攻击 | Q5: 防御 | R5: 命中 | S5: 闪避 | T5: 技能固定伤害 | U5: 回血间隔 | V5: 回血量 | W5: 每招平均目标 | X5: 每招平均技能伤害 | Y5: 每招平均固伤 | Z5: 生命 | AA5: 攻击 | AB5: 防御 | AC5: 命中 | AD5: 闪避
A6: 仙侣 | B6: =A6&E6 -> 仙侣小怪 | C6: 70 | D6: =C6 -> 70 | E6: 小怪 | F6: 非R | G6: 20 | H6: 90 | I6: 0.2 | J6: 0.7 | K6: 1 | L6: 5 | M6: 4 | N6: 2 | O6: =HLOOKUP(O$5,[1]非R能力!$B$8:$F$558,$D6+1,0) -> 12949.476 | P6: =HLOOKUP(P$5,[1]非R能力!$B$8:$F$558,$D6+1,0) -> 3264.1862 | Q6: =HLOOKUP(Q$5,[1]非R能力!$B$8:$F$558,$D6+1,0) -> 1811.8673 | R6: =HLOOKUP(R$5,[1]非R能力!$B$8:$F$558,$D6+1,0) -> 624.07384 | S6: =HLOOKUP(S$5,[1]非R能力!$B$8:$F$558,$D6+1,0) -> 910.38905 | T6: =INDEX([1]非R能力!$H$9:$H$558,D6) -> 28.459063 | U6: =IF(INDEX([1]非R能力!$FK$9:$FK$558,D6)=0,0,10) -> 0 | V6: =IF(INDEX([1]非R能力!$FH$9:$FH$558,D6)=0,0,5000) -> 0 | W6: =HLOOKUP(W$5,[2]人物技能基础!$O$3:$Q$553,$D6+1,0) -> 3.6371429 | X6: =HLOOKUP(X$5,[2]人物技能基础!$O$3:$Q$553,$D6+1,0) -> 2.0186429 | Y6: =HLOOKUP(Y$5,[2]人物技能基础!$O$3:$Q$553,$D6+1,0) -> 99.964286 | Z6: =INT(((P6-AB6)*X6+(Y6+T6))*G6*J6*$D$2) -> 60496 | AA6: =IF(H6=0,IF(U6=0,INT(Q6/5),IF(V6=0,INT(Q6/5),INT((V6/U6)/(1/N6*M6)/L6+Q6))),INT((IF(U6=0,0,V6/U6/(1/N6*M6))+O6/H6)/L6+Q6)) -> 1840 | AB6: =INT(P6*I6) -> 652 | AC6: =INT(K6*S6) -> 910 | AD6: =INT(R6/J6) -> 891 | AJ6: （（攻击-怪物防御）*技能系数+技能固伤）*怪物受击*玩家命中*伤害溢出修正
A7: 仙侣 | B7: =A7&E7 -> 仙侣boss | C7: 70 | D7: =C7 -> 70 | E7: boss | F7: 非R | G7: 30 | H7: 60 | I7: 0.2 | J7: 0.7 | K7: 1 | L7: 5 | M7: 1 | N7: 2 | O7: =HLOOKUP(O$5,[1]非R能力!$B$8:$F$558,$D7+1,0) -> 12949.476 | P7: =HLOOKUP(P$5,[1]非R能力!$B$8:$F$558,$D7+1,0) -> 3264.1862 | Q7: =HLOOKUP(Q$5,[1]非R能力!$B$8:$F$558,$D7+1,0) -> 1811.8673 | R7: =HLOOKUP(R$5,[1]非R能力!$B$8:$F$558,$D7+1,0) -> 624.07384 | S7: =HLOOKUP(S$5,[1]非R能力!$B$8:$F$558,$D7+1,0) -> 910.38905 | T7: =INDEX([1]非R能力!$H$9:$H$558,D7) -> 28.459063 | U7: =IF(INDEX([1]非R能力!$FK$9:$FK$558,D7)=0,0,10) -> 0 | V7: =IF(INDEX([1]非R能力!$FH$9:$FH$558,D7)=0,0,5000) -> 0 | W7: =HLOOKUP(W$5,[2]人物技能基础!$O$3:$Q$553,$D7+1,0) -> 3.6371429 | X7: =HLOOKUP(X$5,[2]人物技能基础!$O$3:$Q$553,$D7+1,0) -> 2.0186429 | Y7: =HLOOKUP(Y$5,[2]人物技能基础!$O$3:$Q$553,$D7+1,0) -> 99.964286 | Z7: =INT(((P7-AB7)*X7+(Y7+T7))*G7*J7*$D$2) -> 90745 | AA7: =IF(H7=0,IF(U7=0,INT(Q7/5),IF(V7=0,INT(Q7/5),INT((V7/U7)/(1/N7*M7)/L7+Q7))),INT((IF(U7=0,0,V7/U7/(1/N7*M7))+O7/H7)/L7+Q7)) -> 1855 | AB7: =INT(P7*I7) -> 652 | AC7: =INT(K7*S7) -> 910 | AD7: =INT(R7/J7) -> 891
A8: 坐骑 | B8: =A8&E8 -> 坐骑小怪 | C8: 65 | D8: =C8 -> 65 | E8: 小怪 | F8: 非R | G8: 20 | H8: 90 | I8: 0.2 | J8: 0.7 | K8: 1 | L8: 5 | M8: 4 | N8: 2 | O8: =HLOOKUP(O$5,[1]非R能力!$B$8:$F$558,$D8+1,0) -> 11949.176 | P8: =HLOOKUP(P$5,[1]非R能力!$B$8:$F$558,$D8+1,0) -> 2145.8371 | Q8: =HLOOKUP(Q$5,[1]非R能力!$B$8:$F$558,$D8+1,0) -> 1574.7679 | R8: =HLOOKUP(R$5,[1]非R能力!$B$8:$F$558,$D8+1,0) -> 559.07641 | S8: =HLOOKUP(S$5,[1]非R能力!$B$8:$F$558,$D8+1,0) -> 778.76854 | T8: =INDEX([1]非R能力!$H$9:$H$558,D8) -> 28.459063 | U8: =IF(INDEX([1]非R能力!$FK$9:$FK$558,D8)=0,0,10) -> 0 | V8: =IF(INDEX([1]非R能力!$FH$9:$FH$558,D8)=0,0,5000) -> 0 | W8: =HLOOKUP(W$5,[2]人物技能基础!$O$3:$Q$553,$D8+1,0) -> 3.6371429 | X8: =HLOOKUP(X$5,[2]人物技能基础!$O$3:$Q$553,$D8+1,0) -> 2.0186429 | Y8: =HLOOKUP(Y$5,[2]人物技能基础!$O$3:$Q$553,$D8+1,0) -> 99.964286 | Z8: =INT(((P8-AB8)*X8+(Y8+T8))*G8*J8*$D$2) -> 40253 | AA8: =IF(H8=0,IF(U8=0,INT(Q8/5),IF(V8=0,INT(Q8/5),INT((V8/U8)/(1/N8*M8)/L8+Q8))),INT((IF(U8=0,0,V8/U8/(1/N8*M8))+O8/H8)/L8+Q8)) -> 1601 | AB8: =INT(P8*I8) -> 429 | AC8: =INT(K8*S8) -> 778 | AD8: =INT(R8/J8) -> 798
A9: 坐骑 | B9: =A9&E9 -> 坐骑boss | C9: 65 | D9: =C9 -> 65 | E9: boss | F9: 非R | G9: 30 | H9: 60 | I9: 0.2 | J9: 0.7 | K9: 1 | L9: 5 | M9: 1 | N9: 2 | O9: =HLOOKUP(O$5,[1]非R能力!$B$8:$F$558,$D9+1,0) -> 11949.176 | P9: =HLOOKUP(P$5,[1]非R能力!$B$8:$F$558,$D9+1,0) -> 2145.8371 | Q9: =HLOOKUP(Q$5,[1]非R能力!$B$8:$F$558,$D9+1,0) -> 1574.7679 | R9: =HLOOKUP(R$5,[1]非R能力!$B$8:$F$558,$D9+1,0) -> 559.07641 | S9: =HLOOKUP(S$5,[1]非R能力!$B$8:$F$558,$D9+1,0) -> 778.76854 | T9: =INDEX([1]非R能力!$H$9:$H$558,D9) -> 28.459063 | U9: =IF(INDEX([1]非R能力!$FK$9:$FK$558,D9)=0,0,10) -> 0 | V9: =IF(INDEX([1]非R能力!$FH$9:$FH$558,D9)=0,0,5000) -> 0 | W9: =HLOOKUP(W$5,[2]人物技能基础!$O$3:$Q$553,$D9+1,0) -> 3.6371429 | X9: =HLOOKUP(X$5,[2]人物技能基础!$O$3:$Q$553,$D9+1,0) -> 2.0186429 | Y9: =HLOOKUP(Y$5,[2]人物技能基础!$O$3:$Q$553,$D9+1,0) -> 99.964286 | Z9: =INT(((P9-AB9)*X9+(Y9+T9))*G9*J9*$D$2) -> 60380 | AA9: =IF(H9=0,IF(U9=0,INT(Q9/5),IF(V9=0,INT(Q9/5),INT((V9/U9)/(1/N9*M9)/L9+Q9))),INT((IF(U9=0,0,V9/U9/(1/N9*M9))+O9/H9)/L9+Q9)) -> 1614 | AB9: =INT(P9*I9) -> 429 | AC9: =INT(K9*S9) -> 778 | AD9: =INT(R9/J9) -> 798
A10: 羽翼 | B10: =A10&E10 -> 羽翼小怪 | C10: =[4]功能开启节奏!$B$26 -> 275 | D10: =C10 -> 275 | E10: 小怪 | F10: 非R | G10: 20 | H10: 90 | I10: 0.2 | J10: 0.7 | K10: 1 | L10: 5 | M10: 4 | N10: 2 | O10: =HLOOKUP(O$5,[1]非R能力!$B$8:$F$558,$D10+1,0) -> 259422.16 | P10: =HLOOKUP(P$5,[1]非R能力!$B$8:$F$558,$D10+1,0) -> 48467.014 | Q10: =HLOOKUP(Q$5,[1]非R能力!$B$8:$F$558,$D10+1,0) -> 29625.345 | R10: =HLOOKUP(R$5,[1]非R能力!$B$8:$F$558,$D10+1,0) -> 7660.5635 | S10: =HLOOKUP(S$5,[1]非R能力!$B$8:$F$558,$D10+1,0) -> 9915.2017 | T10: =INDEX([1]非R能力!$H$9:$H$558,D10) -> 15039.455 | U10: =IF(INDEX([1]非R能力!$FK$9:$FK$558,D10)=0,0,10) -> 10 | V10: =IF(INDEX([1]非R能力!$FH$9:$FH$558,D10)=0,0,5000) -> 5000 | W10: =HLOOKUP(W$5,[2]人物技能基础!$O$3:$Q$553,$D10+1,0) -> 3.6371429 | X10: =HLOOKUP(X$5,[2]人物技能基础!$O$3:$Q$553,$D10+1,0) -> 2.0186429 | Y10: =HLOOKUP(Y$5,[2]人物技能基础!$O$3:$Q$553,$D10+1,0) -> 99.964286 | Z10: =INT(((P10-AB10)*X10+(Y10+T10))*G10*J10*$D$2) -> 1046195 | AA10: =IF(H10=0,IF(U10=0,INT(Q10/5),IF(V10=0,INT(Q10/5),INT((V10/U10)/(1/N10*M10)/L10+Q10))),INT((IF(U10=0,0,V10/U10/(1/N10*M10))+O10/H10)/L10+Q10)) -> 30251 | AB10: =INT(P10*I10) -> 9693 | AC10: =INT(K10*S10) -> 9915 | AD10: =INT(R10/J10) -> 10943
A11: 羽翼 | B11: =A11&E11 -> 羽翼boss | C11: =[4]功能开启节奏!$B$26 -> 275 | D11: =C11 -> 275 | E11: boss | F11: 非R | G11: 30 | H11: 60 | I11: 0.2 | J11: 0.7 | K11: 1 | L11: 5 | M11: 1 | N11: 2 | O11: =HLOOKUP(O$5,[1]非R能力!$B$8:$F$558,$D11+1,0) -> 259422.16 | P11: =HLOOKUP(P$5,[1]非R能力!$B$8:$F$558,$D11+1,0) -> 48467.014 | Q11: =HLOOKUP(Q$5,[1]非R能力!$B$8:$F$558,$D11+1,0) -> 29625.345 | R11: =HLOOKUP(R$5,[1]非R能力!$B$8:$F$558,$D11+1,0) -> 7660.5635 | S11: =HLOOKUP(S$5,[1]非R能力!$B$8:$F$558,$D11+1,0) -> 9915.2017 | T11: =INDEX([1]非R能力!$H$9:$H$558,D11) -> 15039.455 | U11: =IF(INDEX([1]非R能力!$FK$9:$FK$558,D11)=0,0,10) -> 10 | V11: =IF(INDEX([1]非R能力!$FH$9:$FH$558,D11)=0,0,5000) -> 5000 | W11: =HLOOKUP(W$5,[2]人物技能基础!$O$3:$Q$553,$D11+1,0) -> 3.6371429 | X11: =HLOOKUP(X$5,[2]人物技能基础!$O$3:$Q$553,$D11+1,0) -> 2.0186429 | Y11: =HLOOKUP(Y$5,[2]人物技能基础!$O$3:$Q$553,$D11+1,0) -> 99.964286 | Z11: =INT(((P11-AB11)*X11+(Y11+T11))*G11*J11*$D$2) -> 1569293 | AA11: =IF(H11=0,IF(U11=0,INT(Q11/5),IF(V11=0,INT(Q11/5),INT((V11/U11)/(1/N11*M11)/L11+Q11))),INT((IF(U11=0,0,V11/U11/(1/N11*M11))+O11/H11)/L11+Q11)) -> 30690 | AB11: =INT(P11*I11) -> 9693 | AC11: =INT(K11*S11) -> 9915 | AD11: =INT(R11/J11) -> 10943
A12: 宠物 | B12: =A12&E12 -> 宠物小怪 | C12: =[4]功能开启节奏!$B$27 -> 235 | D12: =C12 -> 235 | E12: 小怪 | F12: 非R | G12: 20 | H12: 90 | I12: 0.2 | J12: 0.7 | K12: 1 | L12: 5 | M12: 4 | N12: 2 | O12: =HLOOKUP(O$5,[1]非R能力!$B$8:$F$558,$D12+1,0) -> 150016.2 | P12: =HLOOKUP(P$5,[1]非R能力!$B$8:$F$558,$D12+1,0) -> 29548.312 | Q12: =HLOOKUP(Q$5,[1]非R能力!$B$8:$F$558,$D12+1,0) -> 18745.218 | R12: =HLOOKUP(R$5,[1]非R能力!$B$8:$F$558,$D12+1,0) -> 4912.3265 | S12: =HLOOKUP(S$5,[1]非R能力!$B$8:$F$558,$D12+1,0) -> 6095.5557 | T12: =INDEX([1]非R能力!$H$9:$H$558,D12) -> 11267.3 | U12: =IF(INDEX([1]非R能力!$FK$9:$FK$558,D12)=0,0,10) -> 10 | V12: =IF(INDEX([1]非R能力!$FH$9:$FH$558,D12)=0,0,5000) -> 5000 | W12: =HLOOKUP(W$5,[2]人物技能基础!$O$3:$Q$553,$D12+1,0) -> 3.6371429 | X12: =HLOOKUP(X$5,[2]人物技能基础!$O$3:$Q$553,$D12+1,0) -> 2.0186429 | Y12: =HLOOKUP(Y$5,[2]人物技能基础!$O$3:$Q$553,$D12+1,0) -> 99.964286 | Z12: =INT(((P12-AB12)*X12+(Y12+T12))*G12*J12*$D$2) -> 661769 | AA12: =IF(H12=0,IF(U12=0,INT(Q12/5),IF(V12=0,INT(Q12/5),INT((V12/U12)/(1/N12*M12)/L12+Q12))),INT((IF(U12=0,0,V12/U12/(1/N12*M12))+O12/H12)/L12+Q12)) -> 19128 | AB12: =INT(P12*I12) -> 5909 | AC12: =INT(K12*S12) -> 6095 | AD12: =INT(R12/J12) -> 7017
A13: 宠物 | B13: =A13&E13 -> 宠物boss | C13: =[4]功能开启节奏!$B$27 -> 235 | D13: =C13 -> 235 | E13: boss | F13: 非R | G13: 30 | H13: 60 | I13: 0.2 | J13: 0.7 | K13: 1 | L13: 5 | M13: 1 | N13: 2 | O13: =HLOOKUP(O$5,[1]非R能力!$B$8:$F$558,$D13+1,0) -> 150016.2 | P13: =HLOOKUP(P$5,[1]非R能力!$B$8:$F$558,$D13+1,0) -> 29548.312 | Q13: =HLOOKUP(Q$5,[1]非R能力!$B$8:$F$558,$D13+1,0) -> 18745.218 | R13: =HLOOKUP(R$5,[1]非R能力!$B$8:$F$558,$D13+1,0) -> 4912.3265 | S13: =HLOOKUP(S$5,[1]非R能力!$B$8:$F$558,$D13+1,0) -> 6095.5557 | T13: =INDEX([1]非R能力!$H$9:$H$558,D13) -> 11267.3 | U13: =IF(INDEX([1]非R能力!$FK$9:$FK$558,D13)=0,0,10) -> 10 | V13: =IF(INDEX([1]非R能力!$FH$9:$FH$558,D13)=0,0,5000) -> 5000 | W13: =HLOOKUP(W$5,[2]人物技能基础!$O$3:$Q$553,$D13+1,0) -> 3.6371429 | X13: =HLOOKUP(X$5,[2]人物技能基础!$O$3:$Q$553,$D13+1,0) -> 2.0186429 | Y13: =HLOOKUP(Y$5,[2]人物技能基础!$O$3:$Q$553,$D13+1,0) -> 99.964286 | Z13: =INT(((P13-AB13)*X13+(Y13+T13))*G13*J13*$D$2) -> 992654 | AA13: =IF(H13=0,IF(U13=0,INT(Q13/5),IF(V13=0,INT(Q13/5),INT((V13/U13)/(1/N13*M13)/L13+Q13))),INT((IF(U13=0,0,V13/U13/(1/N13*M13))+O13/H13)/L13+Q13)) -> 19445 | AB13: =INT(P13*I13) -> 5909 | AC13: =INT(K13*S13) -> 6095 | AD13: =INT(R13/J13) -> 7017
A14: 强化 | B14: =A14&E14 -> 强化小怪 | C14: 120 | D14: =[4]功能开启节奏!$B$20 -> 90 | E14: 小怪 | F14: 非R | G14: 20 | H14: 90 | I14: 0.2 | J14: 0.7 | K14: 1 | L14: 5 | M14: 4 | N14: 2 | O14: =HLOOKUP(O$5,[1]非R能力!$B$8:$F$558,$D14+1,0) -> 27722.364 | P14: =HLOOKUP(P$5,[1]非R能力!$B$8:$F$558,$D14+1,0) -> 7070.3163 | Q14: =HLOOKUP(Q$5,[1]非R能力!$B$8:$F$558,$D14+1,0) -> 3895.3993 | R14: =HLOOKUP(R$5,[1]非R能力!$B$8:$F$558,$D14+1,0) -> 1136.7128 | S14: =HLOOKUP(S$5,[1]非R能力!$B$8:$F$558,$D14+1,0) -> 1570.5517 | T14: =INDEX([1]非R能力!$H$9:$H$558,D14) -> 85.690488 | U14: =IF(INDEX([1]非R能力!$FK$9:$FK$558,D14)=0,0,10) -> 10 | V14: =IF(INDEX([1]非R能力!$FH$9:$FH$558,D14)=0,0,5000) -> 0 | W14: =HLOOKUP(W$5,[2]人物技能基础!$O$3:$Q$553,$D14+1,0) -> 3.6371429 | X14: =HLOOKUP(X$5,[2]人物技能基础!$O$3:$Q$553,$D14+1,0) -> 2.0186429 | Y14: =HLOOKUP(Y$5,[2]人物技能基础!$O$3:$Q$553,$D14+1,0) -> 99.964286 | Z14: =INT(((P14-AB14)*X14+(Y14+T14))*G14*J14*$D$2) -> 129961 | AA14: =IF(H14=0,IF(U14=0,INT(Q14/5),IF(V14=0,INT(Q14/5),INT((V14/U14)/(1/N14*M14)/L14+Q14))),INT((IF(U14=0,0,V14/U14/(1/N14*M14))+O14/H14)/L14+Q14)) -> 3957 | AB14: =INT(P14*I14) -> 1414 | AC14: =INT(K14*S14) -> 1570 | AD14: =INT(R14/J14) -> 1623
A15: 强化 | B15: =A15&E15 -> 强化boss | C15: 120 | D15: =[4]功能开启节奏!$B$20 -> 90 | E15: boss | F15: 非R | G15: 30 | H15: 60 | I15: 0.2 | J15: 0.7 | K15: 1 | L15: 5 | M15: 1 | N15: 2 | O15: =HLOOKUP(O$5,[1]非R能力!$B$8:$F$558,$D15+1,0) -> 27722.364 | P15: =HLOOKUP(P$5,[1]非R能力!$B$8:$F$558,$D15+1,0) -> 7070.3163 | Q15: =HLOOKUP(Q$5,[1]非R能力!$B$8:$F$558,$D15+1,0) -> 3895.3993 | R15: =HLOOKUP(R$5,[1]非R能力!$B$8:$F$558,$D15+1,0) -> 1136.7128 | S15: =HLOOKUP(S$5,[1]非R能力!$B$8:$F$558,$D15+1,0) -> 1570.5517 | T15: =INDEX([1]非R能力!$H$9:$H$558,D15) -> 85.690488 | U15: =IF(INDEX([1]非R能力!$FK$9:$FK$558,D15)=0,0,10) -> 10 | V15: =IF(INDEX([1]非R能力!$FH$9:$FH$558,D15)=0,0,5000) -> 0 | W15: =HLOOKUP(W$5,[2]人物技能基础!$O$3:$Q$553,$D15+1,0) -> 3.6371429 | X15: =HLOOKUP(X$5,[2]人物技能基础!$O$3:$Q$553,$D15+1,0) -> 2.0186429 | Y15: =HLOOKUP(Y$5,[2]人物技能基础!$O$3:$Q$553,$D15+1,0) -> 99.964286 | Z15: =INT(((P15-AB15)*X15+(Y15+T15))*G15*J15*$D$2) -> 194942 | AA15: =IF(H15=0,IF(U15=0,INT(Q15/5),IF(V15=0,INT(Q15/5),INT((V15/U15)/(1/N15*M15)/L15+Q15))),INT((IF(U15=0,0,V15/U15/(1/N15*M15))+O15/H15)/L15+Q15)) -> 3987 | AB15: =INT(P15*I15) -> 1414 | AC15: =INT(K15*S15) -> 1570 | AD15: =INT(R15/J15) -> 1623
A16: 金币 | B16: =A16&E16 -> 金币小怪 | C16: 140 | D16: 140 | E16: 小怪 | F16: 非R | G16: 20 | H16: 90 | I16: 0.2 | J16: 0.7 | K16: 1 | L16: 5 | M16: 4 | N16: 2 | O16: =HLOOKUP(O$5,[1]非R能力!$B$8:$F$558,$D16+1,0) -> 62395.684 | P16: =HLOOKUP(P$5,[1]非R能力!$B$8:$F$558,$D16+1,0) -> 15745.621 | Q16: =HLOOKUP(Q$5,[1]非R能力!$B$8:$F$558,$D16+1,0) -> 8567.5021 | R16: =HLOOKUP(R$5,[1]非R能力!$B$8:$F$558,$D16+1,0) -> 2445.7348 | S16: =HLOOKUP(S$5,[1]非R能力!$B$8:$F$558,$D16+1,0) -> 3241.3551 | T16: =INDEX([1]非R能力!$H$9:$H$558,D16) -> 1261.9532 | U16: =IF(INDEX([1]非R能力!$FK$9:$FK$558,D16)=0,0,10) -> 10 | V16: =IF(INDEX([1]非R能力!$FH$9:$FH$558,D16)=0,0,5000) -> 5000 | W16: =HLOOKUP(W$5,[2]人物技能基础!$O$3:$Q$553,$D16+1,0) -> 3.6371429 | X16: =HLOOKUP(X$5,[2]人物技能基础!$O$3:$Q$553,$D16+1,0) -> 2.0186429 | Y16: =HLOOKUP(Y$5,[2]人物技能基础!$O$3:$Q$553,$D16+1,0) -> 99.964286 | Z16: =INT(((P16-AB16)*X16+(Y16+T16))*G16*J16*$D$2) -> 300047 | AA16: =IF(H16=0,IF(U16=0,INT(Q16/5),IF(V16=0,INT(Q16/5),INT((V16/U16)/(1/N16*M16)/L16+Q16))),INT((IF(U16=0,0,V16/U16/(1/N16*M16))+O16/H16)/L16+Q16)) -> 8756 | AB16: =INT(P16*I16) -> 3149 | AC16: =INT(K16*S16) -> 3241 | AD16: =INT(R16/J16) -> 3493
A17: 金币 | B17: =A17&E17 -> 金币boss | C17: 140 | D17: 140 | E17: boss | F17: 非R | G17: 30 | H17: 60 | I17: 0.2 | J17: 0.7 | K17: 1 | L17: 5 | M17: 1 | N17: 2 | O17: =HLOOKUP(O$5,[1]非R能力!$B$8:$F$558,$D17+1,0) -> 62395.684 | P17: =HLOOKUP(P$5,[1]非R能力!$B$8:$F$558,$D17+1,0) -> 15745.621 | Q17: =HLOOKUP(Q$5,[1]非R能力!$B$8:$F$558,$D17+1,0) -> 8567.5021 | R17: =HLOOKUP(R$5,[1]非R能力!$B$8:$F$558,$D17+1,0) -> 2445.7348 | S17: =HLOOKUP(S$5,[1]非R能力!$B$8:$F$558,$D17+1,0) -> 3241.3551 | T17: =INDEX([1]非R能力!$H$9:$H$558,D17) -> 1261.9532 | U17: =IF(INDEX([1]非R能力!$FK$9:$FK$558,D17)=0,0,10) -> 10 | V17: =IF(INDEX([1]非R能力!$FH$9:$FH$558,D17)=0,0,5000) -> 5000 | W17: =HLOOKUP(W$5,[2]人物技能基础!$O$3:$Q$553,$D17+1,0) -> 3.6371429 | X17: =HLOOKUP(X$5,[2]人物技能基础!$O$3:$Q$553,$D17+1,0) -> 2.0186429 | Y17: =HLOOKUP(Y$5,[2]人物技能基础!$O$3:$Q$553,$D17+1,0) -> 99.964286 | Z17: =INT(((P17-AB17)*X17+(Y17+T17))*G17*J17*$D$2) -> 450071 | AA17: =IF(H17=0,IF(U17=0,INT(Q17/5),IF(V17=0,INT(Q17/5),INT((V17/U17)/(1/N17*M17)/L17+Q17))),INT((IF(U17=0,0,V17/U17/(1/N17*M17))+O17/H17)/L17+Q17)) -> 8975 | AB17: =INT(P17*I17) -> 3149 | AC17: =INT(K17*S17) -> 3241 | AD17: =INT(R17/J17) -> 3493
A18: 附魔 | B18: =A18&E18 -> 附魔小怪 | C18: 400 | D18: 400 | E18: 小怪 | F18: 非R | G18: 20 | H18: 90 | I18: 0.2 | J18: 0.7 | K18: 1 | L18: 5 | M18: 4 | N18: 2 | O18: =HLOOKUP(O$5,[1]非R能力!$B$8:$F$558,$D18+1,0) -> 1185370.5 | P18: =HLOOKUP(P$5,[1]非R能力!$B$8:$F$558,$D18+1,0) -> 173146.15 | Q18: =HLOOKUP(Q$5,[1]非R能力!$B$8:$F$558,$D18+1,0) -> 95408.041 | R18: =HLOOKUP(R$5,[1]非R能力!$B$8:$F$558,$D18+1,0) -> 28892.178 | S18: =HLOOKUP(S$5,[1]非R能力!$B$8:$F$558,$D18+1,0) -> 38976.283 | T18: =INDEX([1]非R能力!$H$9:$H$558,D18) -> 33215.6 | U18: =IF(INDEX([1]非R能力!$FK$9:$FK$558,D18)=0,0,10) -> 10 | V18: =IF(INDEX([1]非R能力!$FH$9:$FH$558,D18)=0,0,5000) -> 5000 | W18: =HLOOKUP(W$5,[2]人物技能基础!$O$3:$Q$553,$D18+1,0) -> 3.6371429 | X18: =HLOOKUP(X$5,[2]人物技能基础!$O$3:$Q$553,$D18+1,0) -> 2.0186429 | Y18: =HLOOKUP(Y$5,[2]人物技能基础!$O$3:$Q$553,$D18+1,0) -> 99.964286 | Z18: =INT(((P18-AB18)*X18+(Y18+T18))*G18*J18*$D$2) -> 3504840 | AA18: =IF(H18=0,IF(U18=0,INT(Q18/5),IF(V18=0,INT(Q18/5),INT((V18/U18)/(1/N18*M18)/L18+Q18))),INT((IF(U18=0,0,V18/U18/(1/N18*M18))+O18/H18)/L18+Q18)) -> 98092 | AB18: =INT(P18*I18) -> 34629 | AC18: =INT(K18*S18) -> 38976 | AD18: =INT(R18/J18) -> 41274
A19: 附魔 | B19: =A19&E19 -> 附魔boss | C19: 400 | D19: 400 | E19: boss | F19: 非R | G19: 30 | H19: 60 | I19: 0.2 | J19: 0.7 | K19: 1 | L19: 5 | M19: 1 | N19: 2 | O19: =HLOOKUP(O$5,[1]非R能力!$B$8:$F$558,$D19+1,0) -> 1185370.5 | P19: =HLOOKUP(P$5,[1]非R能力!$B$8:$F$558,$D19+1,0) -> 173146.15 | Q19: =HLOOKUP(Q$5,[1]非R能力!$B$8:$F$558,$D19+1,0) -> 95408.041 | R19: =HLOOKUP(R$5,[1]非R能力!$B$8:$F$558,$D19+1,0) -> 28892.178 | S19: =HLOOKUP(S$5,[1]非R能力!$B$8:$F$558,$D19+1,0) -> 38976.283 | T19: =INDEX([1]非R能力!$H$9:$H$558,D19) -> 33215.6 | U19: =IF(INDEX([1]非R能力!$FK$9:$FK$558,D19)=0,0,10) -> 10 | V19: =IF(INDEX([1]非R能力!$FH$9:$FH$558,D19)=0,0,5000) -> 5000 | W19: =HLOOKUP(W$5,[2]人物技能基础!$O$3:$Q$553,$D19+1,0) -> 3.6371429 | X19: =HLOOKUP(X$5,[2]人物技能基础!$O$3:$Q$553,$D19+1,0) -> 2.0186429 | Y19: =HLOOKUP(Y$5,[2]人物技能基础!$O$3:$Q$553,$D19+1,0) -> 99.964286 | Z19: =INT(((P19-AB19)*X19+(Y19+T19))*G19*J19*$D$2) -> 5257261 | AA19: =IF(H19=0,IF(U19=0,INT(Q19/5),IF(V19=0,INT(Q19/5),INT((V19/U19)/(1/N19*M19)/L19+Q19))),INT((IF(U19=0,0,V19/U19/(1/N19*M19))+O19/H19)/L19+Q19)) -> 99559 | AB19: =INT(P19*I19) -> 34629 | AC19: =INT(K19*S19) -> 38976 | AD19: =INT(R19/J19) -> 41274
A20: 开光 | B20: =A20&E20 -> 开光小怪 | C20: 450 | D20: 450 | E20: 小怪 | F20: 非R | G20: 20 | H20: 90 | I20: 0.2 | J20: 0.7 | K20: 1 | L20: 5 | M20: 4 | N20: 2 | O20: =HLOOKUP(O$5,[1]非R能力!$B$8:$F$558,$D20+1,0) -> 1514166.9 | P20: =HLOOKUP(P$5,[1]非R能力!$B$8:$F$558,$D20+1,0) -> 215507.01 | Q20: =HLOOKUP(Q$5,[1]非R能力!$B$8:$F$558,$D20+1,0) -> 114372.35 | R20: =HLOOKUP(R$5,[1]非R能力!$B$8:$F$558,$D20+1,0) -> 35109.592 | S20: =HLOOKUP(S$5,[1]非R能力!$B$8:$F$558,$D20+1,0) -> 46259.04 | T20: =INDEX([1]非R能力!$H$9:$H$558,D20) -> 44097.178 | U20: =IF(INDEX([1]非R能力!$FK$9:$FK$558,D20)=0,0,10) -> 10 | V20: =IF(INDEX([1]非R能力!$FH$9:$FH$558,D20)=0,0,5000) -> 5000 | W20: =HLOOKUP(W$5,[2]人物技能基础!$O$3:$Q$553,$D20+1,0) -> 3.6371429 | X20: =HLOOKUP(X$5,[2]人物技能基础!$O$3:$Q$553,$D20+1,0) -> 2.0186429 | Y20: =HLOOKUP(Y$5,[2]人物技能基础!$O$3:$Q$553,$D20+1,0) -> 99.964286 | Z20: =INT(((P20-AB20)*X20+(Y20+T20))*G20*J20*$D$2) -> 4392900 | AA20: =IF(H20=0,IF(U20=0,INT(Q20/5),IF(V20=0,INT(Q20/5),INT((V20/U20)/(1/N20*M20)/L20+Q20))),INT((IF(U20=0,0,V20/U20/(1/N20*M20))+O20/H20)/L20+Q20)) -> 117787 | AB20: =INT(P20*I20) -> 43101 | AC20: =INT(K20*S20) -> 46259 | AD20: =INT(R20/J20) -> 50156
A21: 开光 | B21: =A21&E21 -> 开光boss | C21: 450 | D21: 450 | E21: boss | F21: 非R | G21: 30 | H21: 60 | I21: 0.2 | J21: 0.7 | K21: 1 | L21: 5 | M21: 1 | N21: 2 | O21: =HLOOKUP(O$5,[1]非R能力!$B$8:$F$558,$D21+1,0) -> 1514166.9 | P21: =HLOOKUP(P$5,[1]非R能力!$B$8:$F$558,$D21+1,0) -> 215507.01 | Q21: =HLOOKUP(Q$5,[1]非R能力!$B$8:$F$558,$D21+1,0) -> 114372.35 | R21: =HLOOKUP(R$5,[1]非R能力!$B$8:$F$558,$D21+1,0) -> 35109.592 | S21: =HLOOKUP(S$5,[1]非R能力!$B$8:$F$558,$D21+1,0) -> 46259.04 | T21: =INDEX([1]非R能力!$H$9:$H$558,D21) -> 44097.178 | U21: =IF(INDEX([1]非R能力!$FK$9:$FK$558,D21)=0,0,10) -> 10 | V21: =IF(INDEX([1]非R能力!$FH$9:$FH$558,D21)=0,0,5000) -> 5000 | W21: =HLOOKUP(W$5,[2]人物技能基础!$O$3:$Q$553,$D21+1,0) -> 3.6371429 | X21: =HLOOKUP(X$5,[2]人物技能基础!$O$3:$Q$553,$D21+1,0) -> 2.0186429 | Y21: =HLOOKUP(Y$5,[2]人物技能基础!$O$3:$Q$553,$D21+1,0) -> 99.964286 | Z21: =INT(((P21-AB21)*X21+(Y21+T21))*G21*J21*$D$2) -> 6589351 | AA21: =IF(H21=0,IF(U21=0,INT(Q21/5),IF(V21=0,INT(Q21/5),INT((V21/U21)/(1/N21*M21)/L21+Q21))),INT((IF(U21=0,0,V21/U21/(1/N21*M21))+O21/H21)/L21+Q21)) -> 119619 | AB21: =INT(P21*I21) -> 43101 | AC21: =INT(K21*S21) -> 46259 | AD21: =INT(R21/J21) -> 50156
AB27: 129871 | AC27: 3956 | AD27: 3956 | AE27: 1412 | AF27: 1570 | AG27: 1623
AB28: 129871 | AC28: 3956 | AD28: 3956 | AE28: 1412 | AF28: 1570 | AG28: 1623
AB29: 194807 | AC29: 3987 | AD29: 3987 | AE29: 1412 | AF29: 1570 | AG29: 1623
AB30: 299775 | AC30: 8754 | AD30: 8754 | AE30: 3146 | AF30: 3241 | AG30: 3493
AB31: 299775 | AC31: 8754 | AD31: 8754 | AE31: 3146 | AF31: 3241 | AG31: 3493
AB32: 299775 | AC32: 8754 | AD32: 8754 | AE32: 3146 | AF32: 3241 | AG32: 3493
AB33: 449663 | AC33: 8973 | AD33: 8973 | AE33: 3146 | AF33: 3241 | AG33: 3493
AB34: 3504840 | AC34: 98092 | AD34: 98092 | AE34: 34629 | AF34: 38976 | AG34: 41274
AB35: 3504840 | AC35: 98092 | AD35: 98092 | AE35: 34629 | AF35: 38976 | AG35: 41274
AB36: 5257261 | AC36: 99559 | AD36: 99559 | AE36: 34629 | AF36: 38976 | AG36: 41274
AB37: 4392900 | AC37: 117787 | AD37: 117787 | AE37: 43101 | AF37: 46259 | AG37: 50156
AB38: 4392900 | AC38: 117787 | AD38: 117787 | AE38: 43101 | AF38: 46259 | AG38: 50156
AB39: 6589351 | AC39: 119619 | AD39: 119619 | AE39: 43101 | AF39: 46259 | AG39: 50156

Sheet 经验副本
D1: 伤害溢出修正 | F1: 技能目标误差修正
D2: 0.8 | F2: 0.8
D4: 怪物属性设计 | O4: 目标玩家能力（简易版，仅有计算玩家基础属性,不计算化神，宠物，以后再添加特殊属性和化神等因素） | Z4: 怪物属性
A5: 副本等级 | B5: 怪物名字 | C5: 怪物等级 | D5: 属性等级 | E5: 怪物类型 | F5: 能力模板 | G5: 怪物受击 | H5: 玩家受击 | I5: 防御抵消比例 | J5: 玩家对怪物命中 | K5: 怪物对玩家命中 | L5: 怪物技能系数 | M5: 围攻怪物个数 | N5: 攻击间隔/s | O5: 生命 | P5: 攻击 | Q5: 防御 | R5: 命中 | S5: 闪避 | T5: 技能固定伤害 | U5: 回血间隔 | V5: 回血量 | W5: 每招平均目标 | X5: 每招平均技能伤害 | Y5: 每招平均固伤 | Z5: 生命 | AA5: 攻击 | AB5: 防御 | AC5: 命中 | AD5: 闪避
A6: =[5]经验副本!$A$19 -> 75 | B6: =A6&"经验副本"&E6 -> 75经验副本小怪1 | C6: =A6 -> 75 | D6: =C6 -> 75 | E6: 小怪1 | F6: 非R | G6: =[5]经验副本!$AC$19 -> 1.4548571 | H6: 999 | I6: 0.1 | J6: 0.7 | K6: 1 | L6: 5 | M6: 1 | N6: 2 | O6: =HLOOKUP(O$5,[1]非R能力!$B$8:$F$558,$D6+1,0) -> 14327.039 | P6: =HLOOKUP(P$5,[1]非R能力!$B$8:$F$558,$D6+1,0) -> 3753.1377 | Q6: =HLOOKUP(Q$5,[1]非R能力!$B$8:$F$558,$D6+1,0) -> 2064.6859 | R6: =HLOOKUP(R$5,[1]非R能力!$B$8:$F$558,$D6+1,0) -> 689.07126 | S6: =HLOOKUP(S$5,[1]非R能力!$B$8:$F$558,$D6+1,0) -> 949.78732 | T6: =INDEX([1]非R能力!$H$9:$H$558,D6) -> 57.022275 | U6: =IF(INDEX([1]非R能力!$FK$9:$FK$558,D6)=0,0,10) -> 0 | V6: =IF(INDEX([1]非R能力!$FH$9:$FH$558,C6)=0,0,5000) -> 0 | W6: =HLOOKUP(W$5,[2]人物技能基础!$O$3:$Q$553,$D6+1,0) -> 3.6371429 | X6: =HLOOKUP(X$5,[2]人物技能基础!$O$3:$Q$553,$D6+1,0) -> 2.0186429 | Y6: =HLOOKUP(Y$5,[2]人物技能基础!$O$3:$Q$553,$D6+1,0) -> 99.964286 | Z6: =INT(((P6-AB6)*X6+(Y6+T6))*G6*J6*$D$2) -> 5683 | AA6: =IF(H6=0,IF(U6=0,INT(Q6/5),IF(V6=0,INT(Q6/5),INT((V6/U6)/(1/N6*M6)/L6+Q6))),INT((IF(U6=0,0,V6/U6/(1/N6*M6))+O6/H6)/L6+Q6)) -> 2067 | AB6: =INT(P6*I6) -> 375 | AC6: =INT(K6*S6) -> 949 | AD6: =INT(R6/J6) -> 984 | AJ6: （（攻击-怪物防御）*技能系数+技能固伤）*怪物受击*玩家命中*伤害溢出修正
A7: =[5]经验副本!$A$19 -> 75 | B7: =A7&"经验副本"&E7 -> 75经验副本小怪2 | C7: =A7 -> 75 | D7: =C7 -> 75 | E7: 小怪2 | F7: 非R | G7: =[5]经验副本!$AC$20 -> 1.9398095 | H7: 999 | I7: 0.1 | J7: 0.7 | K7: 1 | L7: 5 | M7: 1 | N7: 2 | O7: =HLOOKUP(O$5,[1]非R能力!$B$8:$F$558,$D7+1,0) -> 14327.039 | P7: =HLOOKUP(P$5,[1]非R能力!$B$8:$F$558,$D7+1,0) -> 3753.1377 | Q7: =HLOOKUP(Q$5,[1]非R能力!$B$8:$F$558,$D7+1,0) -> 2064.6859 | R7: =HLOOKUP(R$5,[1]非R能力!$B$8:$F$558,$D7+1,0) -> 689.07126 | S7: =HLOOKUP(S$5,[1]非R能力!$B$8:$F$558,$D7+1,0) -> 949.78732 | T7: =INDEX([1]非R能力!$H$9:$H$558,D7) -> 57.022275 | U7: =IF(INDEX([1]非R能力!$FK$9:$FK$558,D7)=0,0,10) -> 0 | V7: =IF(INDEX([1]非R能力!$FH$9:$FH$558,C7)=0,0,5000) -> 0 | W7: =HLOOKUP(W$5,[2]人物技能基础!$O$3:$Q$553,$D7+1,0) -> 3.6371429 | X7: =HLOOKUP(X$5,[2]人物技能基础!$O$3:$Q$553,$D7+1,0) -> 2.0186429 | Y7: =HLOOKUP(Y$5,[2]人物技能基础!$O$3:$Q$553,$D7+1,0) -> 99.964286 | Z7: =INT(((P7-AB7)*X7+(Y7+T7))*G7*J7*$D$2) -> 7578 | AA7: =IF(H7=0,IF(U7=0,INT(Q7/5),IF(V7=0,INT(Q7/5),INT((V7/U7)/(1/N7*M7)/L7+Q7))),INT((IF(U7=0,0,V7/U7/(1/N7*M7))+O7/H7)/L7+Q7)) -> 2067 | AB7: =INT(P7*I7) -> 375 | AC7: =INT(K7*S7) -> 949 | AD7: =INT(R7/J7) -> 984
A8: =[5]经验副本!$A$19 -> 75 | B8: =A8&"经验副本"&E8 -> 75经验副本小怪3 | C8: =A8 -> 75 | D8: 75 | E8: 小怪3 | F8: 非R | G8: =[5]经验副本!$AC$21 -> 2.9097143 | H8: 999 | I8: 0.1 | J8: 0.7 | K8: 1 | L8: 5 | M8: 1 | N8: 2 | O8: =HLOOKUP(O$5,[1]非R能力!$B$8:$F$558,$D8+1,0) -> 14327.039 | P8: =HLOOKUP(P$5,[1]非R能力!$B$8:$F$558,$D8+1,0) -> 3753.1377 | Q8: =HLOOKUP(Q$5,[1]非R能力!$B$8:$F$558,$D8+1,0) -> 2064.6859 | R8: =HLOOKUP(R$5,[1]非R能力!$B$8:$F$558,$D8+1,0) -> 689.07126 | S8: =HLOOKUP(S$5,[1]非R能力!$B$8:$F$558,$D8+1,0) -> 949.78732 | T8: =INDEX([1]非R能力!$H$9:$H$558,D8) -> 57.022275 | U8: =IF(INDEX([1]非R能力!$FK$9:$FK$558,D8)=0,0,10) -> 0 | V8: =IF(INDEX([1]非R能力!$FH$9:$FH$558,C8)=0,0,5000) -> 0 | W8: =HLOOKUP(W$5,[2]人物技能基础!$O$3:$Q$553,$D8+1,0) -> 3.6371429 | X8: =HLOOKUP(X$5,[2]人物技能基础!$O$3:$Q$553,$D8+1,0) -> 2.0186429 | Y8: =HLOOKUP(Y$5,[2]人物技能基础!$O$3:$Q$553,$D8+1,0) -> 99.964286 | Z8: =INT(((P8-AB8)*X8+(Y8+T8))*G8*J8*$D$2) -> 11367 | AA8: =IF(H8=0,IF(U8=0,INT(Q8/5),IF(V8=0,INT(Q8/5),INT((V8/U8)/(1/N8*M8)/L8+Q8))),INT((IF(U8=0,0,V8/U8/(1/N8*M8))+O8/H8)/L8+Q8)) -> 2067 | AB8: =INT(P8*I8) -> 375 | AC8: =INT(K8*S8) -> 949 | AD8: =INT(R8/J8) -> 984
A9: =[5]经验副本!$A$19 -> 75 | B9: =A9&"经验副本"&E9 -> 75经验副本小怪4 | C9: =A9 -> 75 | D9: 85 | E9: 小怪4 | F9: 非R | G9: =[5]经验副本!$AC$22 -> 9.6990476 | H9: 999 | I9: 0.1 | J9: 0.7 | K9: 1 | L9: 5 | M9: 1 | N9: 2 | O9: =HLOOKUP(O$5,[1]非R能力!$B$8:$F$558,$D9+1,0) -> 23084.677 | P9: =HLOOKUP(P$5,[1]非R能力!$B$8:$F$558,$D9+1,0) -> 5832.4081 | Q9: =HLOOKUP(Q$5,[1]非R能力!$B$8:$F$558,$D9+1,0) -> 3127.3318 | R9: =HLOOKUP(R$5,[1]非R能力!$B$8:$F$558,$D9+1,0) -> 960.20929 | S9: =HLOOKUP(S$5,[1]非R能力!$B$8:$F$558,$D9+1,0) -> 1345.3545 | T9: =INDEX([1]非R能力!$H$9:$H$558,D9) -> 85.690488 | U9: =IF(INDEX([1]非R能力!$FK$9:$FK$558,D9)=0,0,10) -> 10 | V9: =IF(INDEX([1]非R能力!$FH$9:$FH$558,C9)=0,0,5000) -> 0 | W9: =HLOOKUP(W$5,[2]人物技能基础!$O$3:$Q$553,$D9+1,0) -> 3.6371429 | X9: =HLOOKUP(X$5,[2]人物技能基础!$O$3:$Q$553,$D9+1,0) -> 2.0186429 | Y9: =HLOOKUP(Y$5,[2]人物技能基础!$O$3:$Q$553,$D9+1,0) -> 99.964286 | Z9: =INT(((P9-AB9)*X9+(Y9+T9))*G9*J9*$D$2) -> 58563 | AA9: =IF(H9=0,IF(U9=0,INT(Q9/5),IF(V9=0,INT(Q9/5),INT((V9/U9)/(1/N9*M9)/L9+Q9))),INT((IF(U9=0,0,V9/U9/(1/N9*M9))+O9/H9)/L9+Q9)) -> 3131 | AB9: =INT(P9*I9) -> 583 | AC9: =INT(K9*S9) -> 1345 | AD9: =INT(R9/J9) -> 1371
A10: =[5]经验副本!$A$19 -> 75 | B10: =A10&"经验副本"&E10 -> 75经验副本小怪5 | C10: =A10 -> 75 | D10: 100 | E10: 小怪5 | F10: 非R | G10: =[5]经验副本!$AC$23 -> 10 | H10: 999 | I10: 0.1 | J10: 0.7 | K10: 1 | L10: 5 | M10: 1 | N10: 2 | O10: =HLOOKUP(O$5,[1]非R能力!$B$8:$F$558,$D10+1,0) -> 32616.891 | P10: =HLOOKUP(P$5,[1]非R能力!$B$8:$F$558,$D10+1,0) -> 8172.6718 | Q10: =HLOOKUP(Q$5,[1]非R能力!$B$8:$F$558,$D10+1,0) -> 4502.8349 | R10: =HLOOKUP(R$5,[1]非R能力!$B$8:$F$558,$D10+1,0) -> 1321.5881 | S10: =HLOOKUP(S$5,[1]非R能力!$B$8:$F$558,$D10+1,0) -> 1815.0808 | T10: =INDEX([1]非R能力!$H$9:$H$558,D10) -> 114.46457 | U10: =IF(INDEX([1]非R能力!$FK$9:$FK$558,D10)=0,0,10) -> 10 | V10: =IF(INDEX([1]非R能力!$FH$9:$FH$558,C10)=0,0,5000) -> 0 | W10: =HLOOKUP(W$5,[2]人物技能基础!$O$3:$Q$553,$D10+1,0) -> 3.6371429 | X10: =HLOOKUP(X$5,[2]人物技能基础!$O$3:$Q$553,$D10+1,0) -> 2.0186429 | Y10: =HLOOKUP(Y$5,[2]人物技能基础!$O$3:$Q$553,$D10+1,0) -> 99.964286 | Z10: =INT(((P10-AB10)*X10+(Y10+T10))*G10*J10*$D$2) -> 84352 | AA10: =IF(H10=0,IF(U10=0,INT(Q10/5),IF(V10=0,INT(Q10/5),INT((V10/U10)/(1/N10*M10)/L10+Q10))),INT((IF(U10=0,0,V10/U10/(1/N10*M10))+O10/H10)/L10+Q10)) -> 4509 | AB10: =INT(P10*I10) -> 817 | AC10: =INT(K10*S10) -> 1815 | AD10: =INT(R10/J10) -> 1887
A11: =[5]经验副本!$A$20 -> 150 | B11: =A11&"经验副本"&E11 -> 150经验副本小怪1 | C11: =A11 -> 150 | D11: =C11 -> 150 | E11: 小怪1 | F11: 非R | G11: =[5]经验副本!$AC$19 -> 1.4548571 | H11: 999 | I11: 0.1 | J11: 0.7 | K11: 1 | L11: 5 | M11: 1 | N11: 2 | O11: =HLOOKUP(O$5,[1]非R能力!$B$8:$F$558,$D11+1,0) -> 67988.5 | P11: =HLOOKUP(P$5,[1]非R能力!$B$8:$F$558,$D11+1,0) -> 16976.516 | Q11: =HLOOKUP(Q$5,[1]非R能力!$B$8:$F$558,$D11+1,0) -> 9393.3731 | R11: =HLOOKUP(R$5,[1]非R能力!$B$8:$F$558,$D11+1,0) -> 2669.1467 | S11: =HLOOKUP(S$5,[1]非R能力!$B$8:$F$558,$D11+1,0) -> 3489.9946 | T11: =INDEX([1]非R能力!$H$9:$H$558,D11) -> 1997.1478 | U11: =IF(INDEX([1]非R能力!$FK$9:$FK$558,D11)=0,0,10) -> 10 | V11: =IF(INDEX([1]非R能力!$FH$9:$FH$558,C11)=0,0,5000) -> 5000 | W11: =HLOOKUP(W$5,[2]人物技能基础!$O$3:$Q$553,$D11+1,0) -> 3.6371429 | X11: =HLOOKUP(X$5,[2]人物技能基础!$O$3:$Q$553,$D11+1,0) -> 2.0186429 | Y11: =HLOOKUP(Y$5,[2]人物技能基础!$O$3:$Q$553,$D11+1,0) -> 99.964286 | Z11: =INT(((P11-AB11)*X11+(Y11+T11))*G11*J11*$D$2) -> 26837 | AA11: =IF(H11=0,IF(U11=0,INT(Q11/5),IF(V11=0,INT(Q11/5),INT((V11/U11)/(1/N11*M11)/L11+Q11))),INT((IF(U11=0,0,V11/U11/(1/N11*M11))+O11/H11)/L11+Q11)) -> 9606 | AB11: =INT(P11*I11) -> 1697 | AC11: =INT(K11*S11) -> 3489 | AD11: =INT(R11/J11) -> 3813
A12: =[5]经验副本!$A$20 -> 150 | B12: =A12&"经验副本"&E12 -> 150经验副本小怪2 | C12: =A12 -> 150 | D12: =C12 -> 150 | E12: 小怪2 | F12: 非R | G12: =[5]经验副本!$AC$20 -> 1.9398095 | H12: 999 | I12: 0.1 | J12: 0.7 | K12: 1 | L12: 5 | M12: 1 | N12: 2 | O12: =HLOOKUP(O$5,[1]非R能力!$B$8:$F$558,$D12+1,0) -> 67988.5 | P12: =HLOOKUP(P$5,[1]非R能力!$B$8:$F$558,$D12+1,0) -> 16976.516 | Q12: =HLOOKUP(Q$5,[1]非R能力!$B$8:$F$558,$D12+1,0) -> 9393.3731 | R12: =HLOOKUP(R$5,[1]非R能力!$B$8:$F$558,$D12+1,0) -> 2669.1467 | S12: =HLOOKUP(S$5,[1]非R能力!$B$8:$F$558,$D12+1,0) -> 3489.9946 | T12: =INDEX([1]非R能力!$H$9:$H$558,D12) -> 1997.1478 | U12: =IF(INDEX([1]非R能力!$FK$9:$FK$558,D12)=0,0,10) -> 10 | V12: =IF(INDEX([1]非R能力!$FH$9:$FH$558,C12)=0,0,5000) -> 5000 | W12: =HLOOKUP(W$5,[2]人物技能基础!$O$3:$Q$553,$D12+1,0) -> 3.6371429 | X12: =HLOOKUP(X$5,[2]人物技能基础!$O$3:$Q$553,$D12+1,0) -> 2.0186429 | Y12: =HLOOKUP(Y$5,[2]人物技能基础!$O$3:$Q$553,$D12+1,0) -> 99.964286 | Z12: =INT(((P12-AB12)*X12+(Y12+T12))*G12*J12*$D$2) -> 35783 | AA12: =IF(H12=0,IF(U12=0,INT(Q12/5),IF(V12=0,INT(Q12/5),INT((V12/U12)/(1/N12*M12)/L12+Q12))),INT((IF(U12=0,0,V12/U12/(1/N12*M12))+O12/H12)/L12+Q12)) -> 9606 | AB12: =INT(P12*I12) -> 1697 | AC12: =INT(K12*S12) -> 3489 | AD12: =INT(R12/J12) -> 3813
A13: =[5]经验副本!$A$20 -> 150 | B13: =A13&"经验副本"&E13 -> 150经验副本小怪3 | C13: =A13 -> 150 | D13: =C13 -> 150 | E13: 小怪3 | F13: 非R | G13: =[5]经验副本!$AC$21 -> 2.9097143 | H13: 999 | I13: 0.1 | J13: 0.7 | K13: 1 | L13: 5 | M13: 1 | N13: 2 | O13: =HLOOKUP(O$5,[1]非R能力!$B$8:$F$558,$D13+1,0) -> 67988.5 | P13: =HLOOKUP(P$5,[1]非R能力!$B$8:$F$558,$D13+1,0) -> 16976.516 | Q13: =HLOOKUP(Q$5,[1]非R能力!$B$8:$F$558,$D13+1,0) -> 9393.3731 | R13: =HLOOKUP(R$5,[1]非R能力!$B$8:$F$558,$D13+1,0) -> 2669.1467 | S13: =HLOOKUP(S$5,[1]非R能力!$B$8:$F$558,$D13+1,0) -> 3489.9946 | T13: =INDEX([1]非R能力!$H$9:$H$558,D13) -> 1997.1478 | U13: =IF(INDEX([1]非R能力!$FK$9:$FK$558,D13)=0,0,10) -> 10 | V13: =IF(INDEX([1]非R能力!$FH$9:$FH$558,C13)=0,0,5000) -> 5000 | W13: =HLOOKUP(W$5,[2]人物技能基础!$O$3:$Q$553,$D13+1,0) -> 3.6371429 | X13: =HLOOKUP(X$5,[2]人物技能基础!$O$3:$Q$553,$D13+1,0) -> 2.0186429 | Y13: =HLOOKUP(Y$5,[2]人物技能基础!$O$3:$Q$553,$D13+1,0) -> 99.964286 | Z13: =INT(((P13-AB13)*X13+(Y13+T13))*G13*J13*$D$2) -> 53675 | AA13: =IF(H13=0,IF(U13=0,INT(Q13/5),IF(V13=0,INT(Q13/5),INT((V13/U13)/(1/N13*M13)/L13+Q13))),INT((IF(U13=0,0,V13/U13/(1/N13*M13))+O13/H13)/L13+Q13)) -> 9606 | AB13: =INT(P13*I13) -> 1697 | AC13: =INT(K13*S13) -> 3489 | AD13: =INT(R13/J13) -> 3813
A14: =[5]经验副本!$A$20 -> 150 | B14: =A14&"经验副本"&E14 -> 150经验副本小怪4 | C14: =A14 -> 150 | D14: 160 | E14: 小怪4 | F14: 非R | G14: =[5]经验副本!$AC$22 -> 9.6990476 | H14: 999 | I14: 0.1 | J14: 0.7 | K14: 1 | L14: 5 | M14: 1 | N14: 2 | O14: =HLOOKUP(O$5,[1]非R能力!$B$8:$F$558,$D14+1,0) -> 74174.822 | P14: =HLOOKUP(P$5,[1]非R能力!$B$8:$F$558,$D14+1,0) -> 18226.871 | Q14: =HLOOKUP(Q$5,[1]非R能力!$B$8:$F$558,$D14+1,0) -> 10082.833 | R14: =HLOOKUP(R$5,[1]非R能力!$B$8:$F$558,$D14+1,0) -> 2884.5169 | S14: =HLOOKUP(S$5,[1]非R能力!$B$8:$F$558,$D14+1,0) -> 3727.5391 | T14: =INDEX([1]非R能力!$H$9:$H$558,D14) -> 2806.3157 | U14: =IF(INDEX([1]非R能力!$FK$9:$FK$558,D14)=0,0,10) -> 10 | V14: =IF(INDEX([1]非R能力!$FH$9:$FH$558,C14)=0,0,5000) -> 5000 | W14: =HLOOKUP(W$5,[2]人物技能基础!$O$3:$Q$553,$D14+1,0) -> 3.6371429 | X14: =HLOOKUP(X$5,[2]人物技能基础!$O$3:$Q$553,$D14+1,0) -> 2.0186429 | Y14: =HLOOKUP(Y$5,[2]人物技能基础!$O$3:$Q$553,$D14+1,0) -> 99.964286 | Z14: =INT(((P14-AB14)*X14+(Y14+T14))*G14*J14*$D$2) -> 195651 | AA14: =IF(H14=0,IF(U14=0,INT(Q14/5),IF(V14=0,INT(Q14/5),INT((V14/U14)/(1/N14*M14)/L14+Q14))),INT((IF(U14=0,0,V14/U14/(1/N14*M14))+O14/H14)/L14+Q14)) -> 10297 | AB14: =INT(P14*I14) -> 1822 | AC14: =INT(K14*S14) -> 3727 | AD14: =INT(R14/J14) -> 4120
A15: =[5]经验副本!$A$20 -> 150 | B15: =A15&"经验副本"&E15 -> 150经验副本小怪5 | C15: =A15 -> 150 | D15: 175 | E15: 小怪5 | F15: 非R | G15: =[5]经验副本!$AC$23 -> 10 | H15: 999 | I15: 0.1 | J15: 0.7 | K15: 1 | L15: 5 | M15: 1 | N15: 2 | O15: =HLOOKUP(O$5,[1]非R能力!$B$8:$F$558,$D15+1,0) -> 82518.597 | P15: =HLOOKUP(P$5,[1]非R能力!$B$8:$F$558,$D15+1,0) -> 19313.859 | Q15: =HLOOKUP(Q$5,[1]非R能力!$B$8:$F$558,$D15+1,0) -> 10564.162 | R15: =HLOOKUP(R$5,[1]非R能力!$B$8:$F$558,$D15+1,0) -> 3084.7145 | S15: =HLOOKUP(S$5,[1]非R能力!$B$8:$F$558,$D15+1,0) -> 3840.0945 | T15: =INDEX([1]非R能力!$H$9:$H$558,D15) -> 4208.9309 | U15: =IF(INDEX([1]非R能力!$FK$9:$FK$558,D15)=0,0,10) -> 10 | V15: =IF(INDEX([1]非R能力!$FH$9:$FH$558,C15)=0,0,5000) -> 5000 | W15: =HLOOKUP(W$5,[2]人物技能基础!$O$3:$Q$553,$D15+1,0) -> 3.6371429 | X15: =HLOOKUP(X$5,[2]人物技能基础!$O$3:$Q$553,$D15+1,0) -> 2.0186429 | Y15: =HLOOKUP(Y$5,[2]人物技能基础!$O$3:$Q$553,$D15+1,0) -> 99.964286 | Z15: =INT(((P15-AB15)*X15+(Y15+T15))*G15*J15*$D$2) -> 220632 | AA15: =IF(H15=0,IF(U15=0,INT(Q15/5),IF(V15=0,INT(Q15/5),INT((V15/U15)/(1/N15*M15)/L15+Q15))),INT((IF(U15=0,0,V15/U15/(1/N15*M15))+O15/H15)/L15+Q15)) -> 10780 | AB15: =INT(P15*I15) -> 1931 | AC15: =INT(K15*S15) -> 3840 | AD15: =INT(R15/J15) -> 4406
A16: =[5]经验副本!$A$21 -> 200 | B16: =A16&"经验副本"&E16 -> 200经验副本小怪1 | C16: =A16 -> 200 | D16: =C16 -> 200 | E16: 小怪1 | F16: 非R | G16: =[5]经验副本!$AC$19 -> 1.4548571 | H16: 999 | I16: 0.1 | J16: 0.7 | K16: 1 | L16: 5 | M16: 1 | N16: 2 | O16: =HLOOKUP(O$5,[1]非R能力!$B$8:$F$558,$D16+1,0) -> 107784.87 | P16: =HLOOKUP(P$5,[1]非R能力!$B$8:$F$558,$D16+1,0) -> 22104.517 | Q16: =HLOOKUP(Q$5,[1]非R能力!$B$8:$F$558,$D16+1,0) -> 11799.062 | R16: =HLOOKUP(R$5,[1]非R能力!$B$8:$F$558,$D16+1,0) -> 3946.3154 | S16: =HLOOKUP(S$5,[1]非R能力!$B$8:$F$558,$D16+1,0) -> 4776.8845 | T16: =INDEX([1]非R能力!$H$9:$H$558,D16) -> 7164.8291 | U16: =IF(INDEX([1]非R能力!$FK$9:$FK$558,D16)=0,0,10) -> 10 | V16: =IF(INDEX([1]非R能力!$FH$9:$FH$558,C16)=0,0,5000) -> 5000 | W16: =HLOOKUP(W$5,[2]人物技能基础!$O$3:$Q$553,$D16+1,0) -> 3.6371429 | X16: =HLOOKUP(X$5,[2]人物技能基础!$O$3:$Q$553,$D16+1,0) -> 2.0186429 | Y16: =HLOOKUP(Y$5,[2]人物技能基础!$O$3:$Q$553,$D16+1,0) -> 99.964286 | Z16: =INT(((P16-AB16)*X16+(Y16+T16))*G16*J16*$D$2) -> 38637 | AA16: =IF(H16=0,IF(U16=0,INT(Q16/5),IF(V16=0,INT(Q16/5),INT((V16/U16)/(1/N16*M16)/L16+Q16))),INT((IF(U16=0,0,V16/U16/(1/N16*M16))+O16/H16)/L16+Q16)) -> 12020 | AB16: =INT(P16*I16) -> 2210 | AC16: =INT(K16*S16) -> 4776 | AD16: =INT(R16/J16) -> 5637
A17: =[5]经验副本!$A$21 -> 200 | B17: =A17&"经验副本"&E17 -> 200经验副本小怪2 | C17: =A17 -> 200 | D17: =C17 -> 200 | E17: 小怪2 | F17: 非R | G17: =[5]经验副本!$AC$20 -> 1.9398095 | H17: 999 | I17: 0.1 | J17: 0.7 | K17: 1 | L17: 5 | M17: 1 | N17: 2 | O17: =HLOOKUP(O$5,[1]非R能力!$B$8:$F$558,$D17+1,0) -> 107784.87 | P17: =HLOOKUP(P$5,[1]非R能力!$B$8:$F$558,$D17+1,0) -> 22104.517 | Q17: =HLOOKUP(Q$5,[1]非R能力!$B$8:$F$558,$D17+1,0) -> 11799.062 | R17: =HLOOKUP(R$5,[1]非R能力!$B$8:$F$558,$D17+1,0) -> 3946.3154 | S17: =HLOOKUP(S$5,[1]非R能力!$B$8:$F$558,$D17+1,0) -> 4776.8845 | T17: =INDEX([1]非R能力!$H$9:$H$558,D17) -> 7164.8291 | U17: =IF(INDEX([1]非R能力!$FK$9:$FK$558,D17)=0,0,10) -> 10 | V17: =IF(INDEX([1]非R能力!$FH$9:$FH$558,C17)=0,0,5000) -> 5000 | W17: =HLOOKUP(W$5,[2]人物技能基础!$O$3:$Q$553,$D17+1,0) -> 3.6371429 | X17: =HLOOKUP(X$5,[2]人物技能基础!$O$3:$Q$553,$D17+1,0) -> 2.0186429 | Y17: =HLOOKUP(Y$5,[2]人物技能基础!$O$3:$Q$553,$D17+1,0) -> 99.964286 | Z17: =INT(((P17-AB17)*X17+(Y17+T17))*G17*J17*$D$2) -> 51517 | AA17: =IF(H17=0,IF(U17=0,INT(Q17/5),IF(V17=0,INT(Q17/5),INT((V17/U17)/(1/N17*M17)/L17+Q17))),INT((IF(U17=0,0,V17/U17/(1/N17*M17))+O17/H17)/L17+Q17)) -> 12020 | AB17: =INT(P17*I17) -> 2210 | AC17: =INT(K17*S17) -> 4776 | AD17: =INT(R17/J17) -> 5637
A18: =[5]经验副本!$A$21 -> 200 | B18: =A18&"经验副本"&E18 -> 200经验副本小怪3 | C18: =A18 -> 200 | D18: =C18 -> 200 | E18: 小怪3 | F18: 非R | G18: =[5]经验副本!$AC$21 -> 2.9097143 | H18: 999 | I18: 0.1 | J18: 0.7 | K18: 1 | L18: 5 | M18: 1 | N18: 2 | O18: =HLOOKUP(O$5,[1]非R能力!$B$8:$F$558,$D18+1,0) -> 107784.87 | P18: =HLOOKUP(P$5,[1]非R能力!$B$8:$F$558,$D18+1,0) -> 22104.517 | Q18: =HLOOKUP(Q$5,[1]非R能力!$B$8:$F$558,$D18+1,0) -> 11799.062 | R18: =HLOOKUP(R$5,[1]非R能力!$B$8:$F$558,$D18+1,0) -> 3946.3154 | S18: =HLOOKUP(S$5,[1]非R能力!$B$8:$F$558,$D18+1,0) -> 4776.8845 | T18: =INDEX([1]非R能力!$H$9:$H$558,D18) -> 7164.8291 | U18: =IF(INDEX([1]非R能力!$FK$9:$FK$558,D18)=0,0,10) -> 10 | V18: =IF(INDEX([1]非R能力!$FH$9:$FH$558,C18)=0,0,5000) -> 5000 | W18: =HLOOKUP(W$5,[2]人物技能基础!$O$3:$Q$553,$D18+1,0) -> 3.6371429 | X18: =HLOOKUP(X$5,[2]人物技能基础!$O$3:$Q$553,$D18+1,0) -> 2.0186429 | Y18: =HLOOKUP(Y$5,[2]人物技能基础!$O$3:$Q$553,$D18+1,0) -> 99.964286 | Z18: =INT(((P18-AB18)*X18+(Y18+T18))*G18*J18*$D$2) -> 77275 | AA18: =IF(H18=0,IF(U18=0,INT(Q18/5),IF(V18=0,INT(Q18/5),INT((V18/U18)/(1/N18*M18)/L18+Q18))),INT((IF(U18=0,0,V18/U18/(1/N18*M18))+O18/H18)/L18+Q18)) -> 12020 | AB18: =INT(P18*I18) -> 2210 | AC18: =INT(K18*S18) -> 4776 | AD18: =INT(R18/J18) -> 5637
A19: =[5]经验副本!$A$21 -> 200 | B19: =A19&"经验副本"&E19 -> 200经验副本小怪4 | C19: =A19 -> 200 | D19: 210 | E19: 小怪4 | F19: 非R | G19: =[5]经验副本!$AC$22 -> 9.6990476 | H19: 999 | I19: 0.1 | J19: 0.7 | K19: 1 | L19: 5 | M19: 1 | N19: 2 | O19: =HLOOKUP(O$5,[1]非R能力!$B$8:$F$558,$D19+1,0) -> 122151.2 | P19: =HLOOKUP(P$5,[1]非R能力!$B$8:$F$558,$D19+1,0) -> 23579.159 | Q19: =HLOOKUP(Q$5,[1]非R能力!$B$8:$F$558,$D19+1,0) -> 12455.164 | R19: =HLOOKUP(R$5,[1]非R能力!$B$8:$F$558,$D19+1,0) -> 4280.2948 | S19: =HLOOKUP(S$5,[1]非R能力!$B$8:$F$558,$D19+1,0) -> 5302.1589 | T19: =INDEX([1]非R能力!$H$9:$H$558,D19) -> 8561.8777 | U19: =IF(INDEX([1]非R能力!$FK$9:$FK$558,D19)=0,0,10) -> 10 | V19: =IF(INDEX([1]非R能力!$FH$9:$FH$558,C19)=0,0,5000) -> 5000 | W19: =HLOOKUP(W$5,[2]人物技能基础!$O$3:$Q$553,$D19+1,0) -> 3.6371429 | X19: =HLOOKUP(X$5,[2]人物技能基础!$O$3:$Q$553,$D19+1,0) -> 2.0186429 | Y19: =HLOOKUP(Y$5,[2]人物技能基础!$O$3:$Q$553,$D19+1,0) -> 99.964286 | Z19: =INT(((P19-AB19)*X19+(Y19+T19))*G19*J19*$D$2) -> 279730 | AA19: =IF(H19=0,IF(U19=0,INT(Q19/5),IF(V19=0,INT(Q19/5),INT((V19/U19)/(1/N19*M19)/L19+Q19))),INT((IF(U19=0,0,V19/U19/(1/N19*M19))+O19/H19)/L19+Q19)) -> 12679 | AB19: =INT(P19*I19) -> 2357 | AC19: =INT(K19*S19) -> 5302 | AD19: =INT(R19/J19) -> 6114
A20: =[5]经验副本!$A$21 -> 200 | B20: =A20&"经验副本"&E20 -> 200经验副本小怪5 | C20: =A20 -> 200 | D20: 225 | E20: 小怪5 | F20: 非R | G20: =[5]经验副本!$AC$23 -> 10 | H20: 999 | I20: 0.1 | J20: 0.7 | K20: 1 | L20: 5 | M20: 1 | N20: 2 | O20: =HLOOKUP(O$5,[1]非R能力!$B$8:$F$558,$D20+1,0) -> 140011.21 | P20: =HLOOKUP(P$5,[1]非R能力!$B$8:$F$558,$D20+1,0) -> 27470.791 | Q20: =HLOOKUP(Q$5,[1]非R能力!$B$8:$F$558,$D20+1,0) -> 17651.095 | R20: =HLOOKUP(R$5,[1]非R能力!$B$8:$F$558,$D20+1,0) -> 4701.219 | S20: =HLOOKUP(S$5,[1]非R能力!$B$8:$F$558,$D20+1,0) -> 5734.8246 | T20: =INDEX([1]非R能力!$H$9:$H$558,D20) -> 10442.261 | U20: =IF(INDEX([1]非R能力!$FK$9:$FK$558,D20)=0,0,10) -> 10 | V20: =IF(INDEX([1]非R能力!$FH$9:$FH$558,C20)=0,0,5000) -> 5000 | W20: =HLOOKUP(W$5,[2]人物技能基础!$O$3:$Q$553,$D20+1,0) -> 3.6371429 | X20: =HLOOKUP(X$5,[2]人物技能基础!$O$3:$Q$553,$D20+1,0) -> 2.0186429 | Y20: =HLOOKUP(Y$5,[2]人物技能基础!$O$3:$Q$553,$D20+1,0) -> 99.964286 | Z20: =INT(((P20-AB20)*X20+(Y20+T20))*G20*J20*$D$2) -> 338524 | AA20: =IF(H20=0,IF(U20=0,INT(Q20/5),IF(V20=0,INT(Q20/5),INT((V20/U20)/(1/N20*M20)/L20+Q20))),INT((IF(U20=0,0,V20/U20/(1/N20*M20))+O20/H20)/L20+Q20)) -> 17879 | AB20: =INT(P20*I20) -> 2747 | AC20: =INT(K20*S20) -> 5734 | AD20: =INT(R20/J20) -> 6716
A21: =[5]经验副本!$A$22 -> 225 | B21: =A21&"经验副本"&E21 -> 225经验副本小怪1 | C21: =A21 -> 225 | D21: =C21 -> 225 | E21: 小怪1 | F21: 非R | G21: =[5]经验副本!$AC$19 -> 1.4548571 | H21: 999 | I21: 0.1 | J21: 0.7 | K21: 1 | L21: 5 | M21: 1 | N21: 2 | O21: =HLOOKUP(O$5,[1]非R能力!$B$8:$F$558,$D21+1,0) -> 140011.21 | P21: =HLOOKUP(P$5,[1]非R能力!$B$8:$F$558,$D21+1,0) -> 27470.791 | Q21: =HLOOKUP(Q$5,[1]非R能力!$B$8:$F$558,$D21+1,0) -> 17651.095 | R21: =HLOOKUP(R$5,[1]非R能力!$B$8:$F$558,$D21+1,0) -> 4701.219 | S21: =HLOOKUP(S$5,[1]非R能力!$B$8:$F$558,$D21+1,0) -> 5734.8246 | T21: =INDEX([1]非R能力!$H$9:$H$558,D21) -> 10442.261 | U21: =IF(INDEX([1]非R能力!$FK$9:$FK$558,D21)=0,0,10) -> 10 | V21: =IF(INDEX([1]非R能力!$FH$9:$FH$558,C21)=0,0,5000) -> 5000 | W21: =HLOOKUP(W$5,[2]人物技能基础!$O$3:$Q$553,$D21+1,0) -> 3.6371429 | X21: =HLOOKUP(X$5,[2]人物技能基础!$O$3:$Q$553,$D21+1,0) -> 2.0186429 | Y21: =HLOOKUP(Y$5,[2]人物技能基础!$O$3:$Q$553,$D21+1,0) -> 99.964286 | Z21: =INT(((P21-AB21)*X21+(Y21+T21))*G21*J21*$D$2) -> 49250 | AA21: =IF(H21=0,IF(U21=0,INT(Q21/5),IF(V21=0,INT(Q21/5),INT((V21/U21)/(1/N21*M21)/L21+Q21))),INT((IF(U21=0,0,V21/U21/(1/N21*M21))+O21/H21)/L21+Q21)) -> 17879 | AB21: =INT(P21*I21) -> 2747 | AC21: =INT(K21*S21) -> 5734 | AD21: =INT(R21/J21) -> 6716
A22: =[5]经验副本!$A$22 -> 225 | B22: =A22&"经验副本"&E22 -> 225经验副本小怪2 | C22: =A22 -> 225 | D22: =C22 -> 225 | E22: 小怪2 | F22: 非R | G22: =[5]经验副本!$AC$20 -> 1.9398095 | H22: 999 | I22: 0.1 | J22: 0.7 | K22: 1 | L22: 5 | M22: 1 | N22: 2 | O22: =HLOOKUP(O$5,[1]非R能力!$B$8:$F$558,$D22+1,0) -> 140011.21 | P22: =HLOOKUP(P$5,[1]非R能力!$B$8:$F$558,$D22+1,0) -> 27470.791 | Q22: =HLOOKUP(Q$5,[1]非R能力!$B$8:$F$558,$D22+1,0) -> 17651.095 | R22: =HLOOKUP(R$5,[1]非R能力!$B$8:$F$558,$D22+1,0) -> 4701.219 | S22: =HLOOKUP(S$5,[1]非R能力!$B$8:$F$558,$D22+1,0) -> 5734.8246 | T22: =INDEX([1]非R能力!$H$9:$H$558,D22) -> 10442.261 | U22: =IF(INDEX([1]非R能力!$FK$9:$FK$558,D22)=0,0,10) -> 10 | V22: =IF(INDEX([1]非R能力!$FH$9:$FH$558,C22)=0,0,5000) -> 5000 | W22: =HLOOKUP(W$5,[2]人物技能基础!$O$3:$Q$553,$D22+1,0) -> 3.6371429 | X22: =HLOOKUP(X$5,[2]人物技能基础!$O$3:$Q$553,$D22+1,0) -> 2.0186429 | Y22: =HLOOKUP(Y$5,[2]人物技能基础!$O$3:$Q$553,$D22+1,0) -> 99.964286 | Z22: =INT(((P22-AB22)*X22+(Y22+T22))*G22*J22*$D$2) -> 65667 | AA22: =IF(H22=0,IF(U22=0,INT(Q22/5),IF(V22=0,INT(Q22/5),INT((V22/U22)/(1/N22*M22)/L22+Q22))),INT((IF(U22=0,0,V22/U22/(1/N22*M22))+O22/H22)/L22+Q22)) -> 17879 | AB22: =INT(P22*I22) -> 2747 | AC22: =INT(K22*S22) -> 5734 | AD22: =INT(R22/J22) -> 6716
A23: =[5]经验副本!$A$22 -> 225 | B23: =A23&"经验副本"&E23 -> 225经验副本小怪3 | C23: =A23 -> 225 | D23: =C23 -> 225 | E23: 小怪3 | F23: 非R | G23: =[5]经验副本!$AC$21 -> 2.9097143 | H23: 999 | I23: 0.1 | J23: 0.7 | K23: 1 | L23: 5 | M23: 1 | N23: 2 | O23: =HLOOKUP(O$5,[1]非R能力!$B$8:$F$558,$D23+1,0) -> 140011.21 | P23: =HLOOKUP(P$5,[1]非R能力!$B$8:$F$558,$D23+1,0) -> 27470.791 | Q23: =HLOOKUP(Q$5,[1]非R能力!$B$8:$F$558,$D23+1,0) -> 17651.095 | R23: =HLOOKUP(R$5,[1]非R能力!$B$8:$F$558,$D23+1,0) -> 4701.219 | S23: =HLOOKUP(S$5,[1]非R能力!$B$8:$F$558,$D23+1,0) -> 5734.8246 | T23: =INDEX([1]非R能力!$H$9:$H$558,D23) -> 10442.261 | U23: =IF(INDEX([1]非R能力!$FK$9:$FK$558,D23)=0,0,10) -> 10 | V23: =IF(INDEX([1]非R能力!$FH$9:$FH$558,C23)=0,0,5000) -> 5000 | W23: =HLOOKUP(W$5,[2]人物技能基础!$O$3:$Q$553,$D23+1,0) -> 3.6371429 | X23: =HLOOKUP(X$5,[2]人物技能基础!$O$3:$Q$553,$D23+1,0) -> 2.0186429 | Y23: =HLOOKUP(Y$5,[2]人物技能基础!$O$3:$Q$553,$D23+1,0) -> 99.964286 | Z23: =INT(((P23-AB23)*X23+(Y23+T23))*G23*J23*$D$2) -> 98500 | AA23: =IF(H23=0,IF(U23=0,INT(Q23/5),IF(V23=0,INT(Q23/5),INT((V23/U23)/(1/N23*M23)/L23+Q23))),INT((IF(U23=0,0,V23/U23/(1/N23*M23))+O23/H23)/L23+Q23)) -> 17879 | AB23: =INT(P23*I23) -> 2747 | AC23: =INT(K23*S23) -> 5734 | AD23: =INT(R23/J23) -> 6716
A24: =[5]经验副本!$A$22 -> 225 | B24: =A24&"经验副本"&E24 -> 225经验副本小怪4 | C24: =A24 -> 225 | D24: 235 | E24: 小怪4 | F24: 非R | G24: =[5]经验副本!$AC$22 -> 9.6990476 | H24: 999 | I24: 0.1 | J24: 0.7 | K24: 1 | L24: 5 | M24: 1 | N24: 2 | O24: =HLOOKUP(O$5,[1]非R能力!$B$8:$F$558,$D24+1,0) -> 150016.2 | P24: =HLOOKUP(P$5,[1]非R能力!$B$8:$F$558,$D24+1,0) -> 29548.312 | Q24: =HLOOKUP(Q$5,[1]非R能力!$B$8:$F$558,$D24+1,0) -> 18745.218 | R24: =HLOOKUP(R$5,[1]非R能力!$B$8:$F$558,$D24+1,0) -> 4912.3265 | S24: =HLOOKUP(S$5,[1]非R能力!$B$8:$F$558,$D24+1,0) -> 6095.5557 | T24: =INDEX([1]非R能力!$H$9:$H$558,D24) -> 11267.3 | U24: =IF(INDEX([1]非R能力!$FK$9:$FK$558,D24)=0,0,10) -> 10 | V24: =IF(INDEX([1]非R能力!$FH$9:$FH$558,C24)=0,0,5000) -> 5000 | W24: =HLOOKUP(W$5,[2]人物技能基础!$O$3:$Q$553,$D24+1,0) -> 3.6371429 | X24: =HLOOKUP(X$5,[2]人物技能基础!$O$3:$Q$553,$D24+1,0) -> 2.0186429 | Y24: =HLOOKUP(Y$5,[2]人物技能基础!$O$3:$Q$553,$D24+1,0) -> 99.964286 | Z24: =INT(((P24-AB24)*X24+(Y24+T24))*G24*J24*$D$2) -> 353326 | AA24: =IF(H24=0,IF(U24=0,INT(Q24/5),IF(V24=0,INT(Q24/5),INT((V24/U24)/(1/N24*M24)/L24+Q24))),INT((IF(U24=0,0,V24/U24/(1/N24*M24))+O24/H24)/L24+Q24)) -> 18975 | AB24: =INT(P24*I24) -> 2954 | AC24: =INT(K24*S24) -> 6095 | AD24: =INT(R24/J24) -> 7017
A25: =[5]经验副本!$A$22 -> 225 | B25: =A25&"经验副本"&E25 -> 225经验副本小怪5 | C25: =A25 -> 225 | D25: 250 | E25: 小怪5 | F25: 非R | G25: =[5]经验副本!$AC$23 -> 10 | H25: 999 | I25: 0.1 | J25: 0.7 | K25: 1 | L25: 5 | M25: 1 | N25: 2 | O25: =HLOOKUP(O$5,[1]非R能力!$B$8:$F$558,$D25+1,0) -> 182781.49 | P25: =HLOOKUP(P$5,[1]非R能力!$B$8:$F$558,$D25+1,0) -> 34702.846 | Q25: =HLOOKUP(Q$5,[1]非R能力!$B$8:$F$558,$D25+1,0) -> 21102.148 | R25: =HLOOKUP(R$5,[1]非R能力!$B$8:$F$558,$D25+1,0) -> 5592.8641 | S25: =HLOOKUP(S$5,[1]非R能力!$B$8:$F$558,$D25+1,0) -> 6941.7828 | T25: =INDEX([1]非R能力!$H$9:$H$558,D25) -> 12589.769 | U25: =IF(INDEX([1]非R能力!$FK$9:$FK$558,D25)=0,0,10) -> 10 | V25: =IF(INDEX([1]非R能力!$FH$9:$FH$558,C25)=0,0,5000) -> 5000 | W25: =HLOOKUP(W$5,[2]人物技能基础!$O$3:$Q$553,$D25+1,0) -> 3.6371429 | X25: =HLOOKUP(X$5,[2]人物技能基础!$O$3:$Q$553,$D25+1,0) -> 2.0186429 | Y25: =HLOOKUP(Y$5,[2]人物技能基础!$O$3:$Q$553,$D25+1,0) -> 99.964286 | Z25: =INT(((P25-AB25)*X25+(Y25+T25))*G25*J25*$D$2) -> 424131 | AA25: =IF(H25=0,IF(U25=0,INT(Q25/5),IF(V25=0,INT(Q25/5),INT((V25/U25)/(1/N25*M25)/L25+Q25))),INT((IF(U25=0,0,V25/U25/(1/N25*M25))+O25/H25)/L25+Q25)) -> 21338 | AB25: =INT(P25*I25) -> 3470 | AC25: =INT(K25*S25) -> 6941 | AD25: =INT(R25/J25) -> 7989
A26: =[5]经验副本!$A$23 -> 250 | B26: =A26&"经验副本"&E26 -> 250经验副本小怪1 | C26: =A26 -> 250 | D26: =C26 -> 250 | E26: 小怪1 | F26: 非R | G26: =[5]经验副本!$AC$19 -> 1.4548571 | H26: 999 | I26: 0.1 | J26: 0.7 | K26: 1 | L26: 5 | M26: 1 | N26: 2 | O26: =HLOOKUP(O$5,[1]非R能力!$B$8:$F$558,$D26+1,0) -> 182781.49 | P26: =HLOOKUP(P$5,[1]非R能力!$B$8:$F$558,$D26+1,0) -> 34702.846 | Q26: =HLOOKUP(Q$5,[1]非R能力!$B$8:$F$558,$D26+1,0) -> 21102.148 | R26: =HLOOKUP(R$5,[1]非R能力!$B$8:$F$558,$D26+1,0) -> 5592.8641 | S26: =HLOOKUP(S$5,[1]非R能力!$B$8:$F$558,$D26+1,0) -> 6941.7828 | T26: =INDEX([1]非R能力!$H$9:$H$558,D26) -> 12589.769 | U26: =IF(INDEX([1]非R能力!$FK$9:$FK$558,D26)=0,0,10) -> 10 | V26: =IF(INDEX([1]非R能力!$FH$9:$FH$558,C26)=0,0,5000) -> 5000 | W26: =HLOOKUP(W$5,[2]人物技能基础!$O$3:$Q$553,$D26+1,0) -> 3.6371429 | X26: =HLOOKUP(X$5,[2]人物技能基础!$O$3:$Q$553,$D26+1,0) -> 2.0186429 | Y26: =HLOOKUP(Y$5,[2]人物技能基础!$O$3:$Q$553,$D26+1,0) -> 99.964286 | Z26: =INT(((P26-AB26)*X26+(Y26+T26))*G26*J26*$D$2) -> 61705 | AA26: =IF(H26=0,IF(U26=0,INT(Q26/5),IF(V26=0,INT(Q26/5),INT((V26/U26)/(1/N26*M26)/L26+Q26))),INT((IF(U26=0,0,V26/U26/(1/N26*M26))+O26/H26)/L26+Q26)) -> 21338 | AB26: =INT(P26*I26) -> 3470 | AC26: =INT(K26*S26) -> 6941 | AD26: =INT(R26/J26) -> 7989
A27: =[5]经验副本!$A$23 -> 250 | B27: =A27&"经验副本"&E27 -> 250经验副本小怪2 | C27: =A27 -> 250 | D27: =C27 -> 250 | E27: 小怪2 | F27: 非R | G27: =[5]经验副本!$AC$20 -> 1.9398095 | H27: 999 | I27: 0.1 | J27: 0.7 | K27: 1 | L27: 5 | M27: 1 | N27: 2 | O27: =HLOOKUP(O$5,[1]非R能力!$B$8:$F$558,$D27+1,0) -> 182781.49 | P27: =HLOOKUP(P$5,[1]非R能力!$B$8:$F$558,$D27+1,0) -> 34702.846 | Q27: =HLOOKUP(Q$5,[1]非R能力!$B$8:$F$558,$D27+1,0) -> 21102.148 | R27: =HLOOKUP(R$5,[1]非R能力!$B$8:$F$558,$D27+1,0) -> 5592.8641 | S27: =HLOOKUP(S$5,[1]非R能力!$B$8:$F$558,$D27+1,0) -> 6941.7828 | T27: =INDEX([1]非R能力!$H$9:$H$558,D27) -> 12589.769 | U27: =IF(INDEX([1]非R能力!$FK$9:$FK$558,D27)=0,0,10) -> 10 | V27: =IF(INDEX([1]非R能力!$FH$9:$FH$558,C27)=0,0,5000) -> 5000 | W27: =HLOOKUP(W$5,[2]人物技能基础!$O$3:$Q$553,$D27+1,0) -> 3.6371429 | X27: =HLOOKUP(X$5,[2]人物技能基础!$O$3:$Q$553,$D27+1,0) -> 2.0186429 | Y27: =HLOOKUP(Y$5,[2]人物技能基础!$O$3:$Q$553,$D27+1,0) -> 99.964286 | Z27: =INT(((P27-AB27)*X27+(Y27+T27))*G27*J27*$D$2) -> 82273 | AA27: =IF(H27=0,IF(U27=0,INT(Q27/5),IF(V27=0,INT(Q27/5),INT((V27/U27)/(1/N27*M27)/L27+Q27))),INT((IF(U27=0,0,V27/U27/(1/N27*M27))+O27/H27)/L27+Q27)) -> 21338 | AB27: =INT(P27*I27) -> 3470 | AC27: =INT(K27*S27) -> 6941 | AD27: =INT(R27/J27) -> 7989
