Workbook

Sheet 战斗力计算
A2: 平砍刀数 | B2: 12 | D2: 战力占比
A3: 基础命中 | B3: 0.75 | D3: 生命/攻/防 | E3: 0.8
A4: 战斗回合 | B4: =B2/B3 -> 16 | D4: 命中/闪避 | E4: =1-E3 -> 0.2
A6: 人物属性 | D6: 其他属性
A7: 属性名称 | B7: 战斗力赋值 | D7: 属性名称 | E7: 战斗力赋值
A8: 生命 | B8: 1 | D8: 宠物攻击 | E8: =B9/3 -> 4
A9: 攻击 | B9: =B2 -> 12 | D9: 宠物pvp伤害加深 | E9: 待定
A10: 防御 | B10: =B2 -> 12 | D10: 仙侣攻击 | E10: =B9/3 -> 4
A11: 命中 | B11: =B4 -> 16 | D11: 仙侣pve伤害加深 | E11: 待定
A12: 闪避 | B12: =B11/2 -> 8
A13: 技能伤害增加 | B13: 240000 | C13: 万分比
A14: 技能固定伤害 | B14: 4 | C14: 万分比
A15: pve伤害增加 | B15: 216000 | C15: 万分比
A16: pve伤害减少 | B16: 648000 | C16: 万分比
A17: pvp伤害增加 | B17: 540000 | C17: 万分比
A18: pvp伤害减少 | B18: 1080000 | C18: 万分比
A19: 格挡几率 | B19: 1350000 | C19: 万分比
A20: 破格几率 | B20: 1350000 | C20: 万分比
A21: 格挡伤害减免 | B21: 845000 | C21: 万分比
A22: 格挡减伤抗性 | B22: 845000 | C22: 万分比
A23: 会心一击几率 | B23: 500000 | C23: 万分比
A24: 会心一击几率抗性 | B24: 500000 | C24: 万分比
... A49: 技能伤害减少 | B49: 240000 | C49: 万分比

Sheet 角色属性
B2: 初始值 | C2: 成长值 | E2: 装备基础属性倍数 | H2: 最大攻击 | Z2: 等级 | AA2: 百分比
A3: 生命 | B3: =(B4-B5)*战斗力计算!$B$2 -> 240 | C3: =(C4-C5)*战斗力计算!$B$2 -> 60 | E3: 4 | H3: 1.3 | Z3: 1 | AA3: 0.5
A4: 攻击 | B4: 40 | C4: 15 | H4: 最小攻击 | Z4: 50 | AA4: 0.55
A5: 防御 | B5: 20 | C5: 10 | E5: 装备品质属性倍数 | H5: 0.7 | Z5: 75 | AA5: 0.6
A6: 命中 | B6: =INT((B3*战斗力计算!$B$8+B4*战斗力计算!$B$9+B5*战斗力计算!$B$10)/战斗力计算!$E$3*战斗力计算!$E$4/(战斗力计算!$B$12+战斗力计算!$B$11*战斗力计算!$B$3)*战斗力计算!$B$3) -> 9 | C6: =INT((C3*战斗力计算!$B$8+C4*战斗力计算!$B$9+C5*战斗力计算!$B$10)/战斗力计算!$E$3*战斗力计算!$E$4/(战斗力计算!$B$12+战斗力计算!$B$11*战斗力计算!$B$3)*战斗力计算!$B$3) -> 3 | E6: 2 | Z6: 120 | AA6: 0.65
A7: 闪避 | B7: =INT((B3*战斗力计算!$B$8+B4*战斗力计算!$B$9+B5*战斗力计算!$B$10)/战斗力计算!$E$3*战斗力计算!$E$4/(战斗力计算!$B$12+战斗力计算!$B$11*战斗力计算!$B$3)) -> 12 | C7: =INT((C3*战斗力计算!$B$8+C4*战斗力计算!$B$9+C5*战斗力计算!$B$10)/战斗力计算!$E$3*战斗力计算!$E$4/(战斗力计算!$B$12+战斗力计算!$B$11*战斗力计算!$B$3)) -> 4 | Z7: 200 | AA7: 0.7
Z8: 225 | AA8: 0.75
B9: 人物裸装属性 | G9: 装备基础属性 | L9: 装备品质属性 | Q9: 总属性 | V9: 总战力 | Z9: 250 | AA9: 0.8 | AK9: 裸装 | AN9: 装备 | AR9: 裸装 | AT9: 装备 | AV9: 攻击力配表
A10: 等级 | B10: 生命 | C10: 攻击 | D10: 防御 | E10: 命中 | F10: 闪避 | G10: 生命 | H10: 攻击 | I10: 防御 | J10: 命中 | K10: 闪避 | L10: 生命 | M10: 攻击 | N10: 防御 | O10: 命中 | P10: 闪避 | Q10: 生命 | R10: 攻击 | S10: 防御 | T10: 命中 | U10: 闪避 | V10: 人物裸装 | W10: 装备总战力 | X10: 总战力 | Z10: 275 | AA10: 0.85 | AC10: 装备基础属性倍数 | AD10: 装备品质属性倍数 | AF10: 自杀命中率验算 | AH10: 自杀刀数 | AK10: 生命 | AL10: 攻击 | AM10: 防御 | AN10: 生命 | AO10: 攻击 | AP10: 防御 | AR10: 攻防血/命闪 | AT10: 攻防血/命闪 | AV10: 最小攻击 | AW10: 最大攻击
A11: 1 | B11: =INT(VLOOKUP(B$10,$A$2:$C$7,2,0)+($A11-1)*VLOOKUP(B$10,$A$2:$C$7,3,0)) -> 240 | C11: =INT(VLOOKUP(C$10,$A$2:$C$7,2,0)+($A11-1)*VLOOKUP(C$10,$A$2:$C$7,3,0)) -> 40 | D11: =INT(VLOOKUP(D$10,$A$2:$C$7,2,0)+($A11-1)*VLOOKUP(D$10,$A$2:$C$7,3,0)) -> 20 | E11: =INT(VLOOKUP(E$10,$A$2:$C$7,2,0)+($A11-1)*VLOOKUP(E$10,$A$2:$C$7,3,0)) -> 9 | F11: =INT(VLOOKUP(F$10,$A$2:$C$7,2,0)+($A11-1)*VLOOKUP(F$10,$A$2:$C$7,3,0)) -> 12 | G11: =HLOOKUP(G$10,$B$10:$F$610,$A11+1,0)*$AC11 -> 480 | H11: =HLOOKUP(H$10,$B$10:$F$610,$A11+1,0)*$AC11 -> 80 | I11: =HLOOKUP(I$10,$B$10:$F$610,$A11+1,0)*$AC11 -> 40 | J11: =HLOOKUP(J$10,$B$10:$F$610,$A11+1,0)*$AC11 -> 18 | K11: =HLOOKUP(K$10,$B$10:$F$610,$A11+1,0)*$AC11 -> 24 | L11: =HLOOKUP(L$10,$B$10:$F$610,$A11+1,0)*$AD11 -> 240 | M11: =HLOOKUP(M$10,$B$10:$F$610,$A11+1,0)*$AD11 -> 40 | N11: =HLOOKUP(N$10,$B$10:$F$610,$A11+1,0)*$AD11 -> 20 | O11: =HLOOKUP(O$10,$B$10:$F$610,$A11+1,0)*$AD11 -> 9 | P11: =HLOOKUP(P$10,$B$10:$F$610,$A11+1,0)*$AD11 -> 12 | Q11: =B11+G11+L11 -> 960 | R11: =C11+H11+M11 -> 160 | S11: =D11+I11+N11 -> 80 | T11: =E11+J11+O11 -> 36 | U11: =F11+K11+P11 -> 48 | V11: =B11*战斗力计算!$B$8+C11*战斗力计算!$B$9+D11*战斗力计算!$B$10+E11*战斗力计算!$B$11+F11*战斗力计算!$B$12 -> 1200 | W11: =G11*战斗力计算!$B$8+H11*战斗力计算!$B$9+I11*战斗力计算!$B$10+J11*战斗力计算!$B$11+K11*战斗力计算!$B$12+L11*战斗力计算!$B$8+M11*战斗力计算!$B$9+N11*战斗力计算!$B$10+O11*战斗力计算!$B$11+P11*战斗力计算!$B$12 -> 3600 | X11: =V11+W11 -> 4800 | Z11: 300 | AA11: 0.9 | AC11: =VLOOKUP($A11,$Z$2:$AA$13,2,1)*$E$3 -> 2 | AD11: =VLOOKUP($A11,$Z$2:$AA$13,2,1)*$E$6 -> 1 | AF11: =T11/U11 -> 0.75 | AH11: =Q11/(R11-S11) -> 12 | AK11: =B11/D11 -> 12 | AL11: =C11/D11 -> 2 | AM11: =D11/D11 -> 1 | AN11: =(G11+L11)/(I11+N11) -> 12 | AO11: =(H11+M11)/(I11+N11) -> 2 | AP11: =(I11+N11)/(I11+N11) -> 1 | AR11: =(B11*1+C11*12+D11*12)/(E11*16+F11*8) -> 4 | AT11: =(G11*1+H11*12+I11*12+L11*1+M11*12+N11*12)/(J11*16+K11*8+O11*16+P11*8) -> 4 | AV11: =INT(C11*$H$5) -> 28 | AW11: =INT(C11*$H$3) -> 52
A12: 2 | B12: =INT(VLOOKUP(B$10,$A$2:$C$7,2,0)+($A12-1)*VLOOKUP(B$10,$A$2:$C$7,3,0)) -> 300 | C12: =INT(VLOOKUP(C$10,$A$2:$C$7,2,0)+($A12-1)*VLOOKUP(C$10,$A$2:$C$7,3,0)) -> 55 | D12: =INT(VLOOKUP(D$10,$A$2:$C$7,2,0)+($A12-1)*VLOOKUP(D$10,$A$2:$C$7,3,0)) -> 30 | E12: =INT(VLOOKUP(E$10,$A$2:$C$7,2,0)+($A12-1)*VLOOKUP(E$10,$A$2:$C$7,3,0)) -> 12 | F12: =INT(VLOOKUP(F$10,$A$2:$C$7,2,0)+($A12-1)*VLOOKUP(F$10,$A$2:$C$7,3,0)) -> 16 | G12: =HLOOKUP(G$10,$B$10:$F$610,$A12+1,0)*$AC12 -> 600 | H12: =HLOOKUP(H$10,$B$10:$F$610,$A12+1,0)*$AC12 -> 110 | I12: =HLOOKUP(I$10,$B$10:$F$610,$A12+1,0)*$AC12 -> 60 | J12: =HLOOKUP(J$10,$B$10:$F$610,$A12+1,0)*$AC12 -> 24 | K12: =HLOOKUP(K$10,$B$10:$F$610,$A12+1,0)*$AC12 -> 32 | L12: =HLOOKUP(L$10,$B$10:$F$610,$A12+1,0)*$AD12 -> 300 | M12: =HLOOKUP(M$10,$B$10:$F$610,$A12+1,0)*$AD12 -> 55 | N12: =HLOOKUP(N$10,$B$10:$F$610,$A12+1,0)*$AD12 -> 30 | O12: =HLOOKUP(O$10,$B$10:$F$610,$A12+1,0)*$AD12 -> 12 | P12: =HLOOKUP(P$10,$B$10:$F$610,$A12+1,0)*$AD12 -> 16 | Q12: =B12+G12+L12 -> 1200 | R12: =C12+H12+M12 -> 220 | S12: =D12+I12+N12 -> 120 | T12: =E12+J12+O12 -> 48 | U12: =F12+K12+P12 -> 64 | V12: =B12*战斗力计算!$B$8+C12*战斗力计算!$B$9+D12*战斗力计算!$B$10+E12*战斗力计算!$B$11+F12*战斗力计算!$B$12 -> 1640 | W12: =G12*战斗力计算!$B$8+H12*战斗力计算!$B$9+I12*战斗力计算!$B$10+J12*战斗力计算!$B$11+K12*战斗力计算!$B$12+L12*战斗力计算!$B$8+M12*战斗力计算!$B$9+N12*战斗力计算!$B$10+O12*战斗力计算!$B$11+P12*战斗力计算!$B$12 -> 4920 | X12: =V12+W12 -> 6560 | Z12: 325 | AA12: 0.95 | AC12: =VLOOKUP($A12,$Z$2:$AA$13,2,1)*$E$3 -> 2 | AD12: =VLOOKUP($A12,$Z$2:$AA$13,2,1)*$E$6 -> 1 | AF12: =T12/U12 -> 0.75 | AH12: =Q12/(R12-S12) -> 12 | AK12: =B12/D12 -> 10 | AL12: =C12/D12 -> 1.8333333 | AM12: =D12/D12 -> 1 | AN12: =(G12+L12)/(I12+N12) -> 10 | AO12: =(H12+M12)/(I12+N12) -> 1.8333333 | AP12: =(I12+N12)/(I12+N12) -> 1 | AR12: =(B12*1+C12*12+D12*12)/(E12*16+F12*8) -> 4.125 | AT12: =(G12*1+H12*12+I12*12+L12*1+M12*12+N12*12)/(J12*16+K12*8+O12*16+P12*8) -> 4.125 | AV12: =INT(C12*$H$5) -> 38 | AW12: =INT(C12*$H$3) -> 71
A13: 3 | B13: =INT(VLOOKUP(B$10,$A$2:$C$7,2,0)+($A13-1)*VLOOKUP(B$10,$A$2:$C$7,3,0)) -> 360 | C13: =INT(VLOOKUP(C$10,$A$2:$C$7,2,0)+($A13-1)*VLOOKUP(C$10,$A$2:$C$7,3,0)) -> 70 | D13: =INT(VLOOKUP(D$10,$A$2:$C$7,2,0)+($A13-1)*VLOOKUP(D$10,$A$2:$C$7,3,0)) -> 40 | E13: =INT(VLOOKUP(E$10,$A$2:$C$7,2,0)+($A13-1)*VLOOKUP(E$10,$A$2:$C$7,3,0)) -> 15 | F13: =INT(VLOOKUP(F$10,$A$2:$C$7,2,0)+($A13-1)*VLOOKUP(F$10,$A$2:$C$7,3,0)) -> 20 | G13: =HLOOKUP(G$10,$B$10:$F$610,$A13+1,0)*$AC13 -> 720 | H13: =HLOOKUP(H$10,$B$10:$F$610,$A13+1,0)*$AC13 -> 140 | I13: =HLOOKUP(I$10,$B$10:$F$610,$A13+1,0)*$AC13 -> 80 | J13: =HLOOKUP(J$10,$B$10:$F$610,$A13+1,0)*$AC13 -> 30 | K13: =HLOOKUP(K$10,$B$10:$F$610,$A13+1,0)*$AC13 -> 40 | L13: =HLOOKUP(L$10,$B$10:$F$610,$A13+1,0)*$AD13 -> 360 | M13: =HLOOKUP(M$10,$B$10:$F$610,$A13+1,0)*$AD13 -> 70 | N13: =HLOOKUP(N$10,$B$10:$F$610,$A13+1,0)*$AD13 -> 40 | O13: =HLOOKUP(O$10,$B$10:$F$610,$A13+1,0)*$AD13 -> 15 | P13: =HLOOKUP(P$10,$B$10:$F$610,$A13+1,0)*$AD13 -> 20 | Q13: =B13+G13+L13 -> 1440 | R13: =C13+H13+M13 -> 280 | S13: =D13+I13+N13 -> 160 | T13: =E13+J13+O13 -> 60 | U13: =F13+K13+P13 -> 80 | V13: =B13*战斗力计算!$B$8+C13*战斗力计算!$B$9+D13*战斗力计算!$B$10+E13*战斗力计算!$B$11+F13*战斗力计算!$B$12 -> 2080 | W13: =G13*战斗力计算!$B$8+H13*战斗力计算!$B$9+I13*战斗力计算!$B$10+J13*战斗力计算!$B$11+K13*战斗力计算!$B$12+L13*战斗力计算!$B$8+M13*战斗力计算!$B$9+N13*战斗力计算!$B$10+O13*战斗力计算!$B$11+P13*战斗力计算!$B$12 -> 6240 | X13: =V13+W13 -> 8320 | Z13: 350 | AA13: 1 | AC13: =VLOOKUP($A13,$Z$2:$AA$13,2,1)*$E$3 -> 2 | AD13: =VLOOKUP($A13,$Z$2:$AA$13,2,1)*$E$6 -> 1 | AF13: =T13/U13 -> 0.75 | AH13: =Q13/(R13-S13) -> 12 | AK13: =B13/D13 -> 9 | AL13: =C13/D13 -> 1.75 | AM13: =D13/D13 -> 1 | AN13: =(G13+L13)/(I13+N13) -> 9 | AO13: =(H13+M13)/(I13+N13) -> 1.75 | AP13: =(I13+N13)/(I13+N13) -> 1 | AR13: =(B13*1+C13*12+D13*12)/(E13*16+F13*8) -> 4.2 | AT13: =(G13*1+H13*12+I13*12+L13*1+M13*12+N13*12)/(J13*16+K13*8+O13*16+P13*8) -> 4.2 | AV13: =INT(C13*$H$5) -> 49 | AW13: =INT(C13*$H$3) -> 91
A14: 4 | B14: =INT(VLOOKUP(B$10,$A$2:$C$7,2,0)+($A14-1)*VLOOKUP(B$10,$A$2:$C$7,3,0)) -> 420 | C14: =INT(VLOOKUP(C$10,$A$2:$C$7,2,0)+($A14-1)*VLOOKUP(C$10,$A$2:$C$7,3,0)) -> 85 | D14: =INT(VLOOKUP(D$10,$A$2:$C$7,2,0)+($A14-1)*VLOOKUP(D$10,$A$2:$C$7,3,0)) -> 50 | E14: =INT(VLOOKUP(E$10,$A$2:$C$7,2,0)+($A14-1)*VLOOKUP(E$10,$A$2:$C$7,3,0)) -> 18 | F14: =INT(VLOOKUP(F$10,$A$2:$C$7,2,0)+($A14-1)*VLOOKUP(F$10,$A$2:$C$7,3,0)) -> 24 | G14: =HLOOKUP(G$10,$B$10:$F$610,$A14+1,0)*$AC14 -> 840 | H14: =HLOOKUP(H$10,$B$10:$F$610,$A14+1,0)*$AC14 -> 170 | I14: =HLOOKUP(I$10,$B$10:$F$610,$A14+1,0)*$AC14 -> 100 | J14: =HLOOKUP(J$10,$B$10:$F$610,$A14+1,0)*$AC14 -> 36 | K14: =HLOOKUP(K$10,$B$10:$F$610,$A14+1,0)*$AC14 -> 48 | L14: =HLOOKUP(L$10,$B$10:$F$610,$A14+1,0)*$AD14 -> 420 | M14: =HLOOKUP(M$10,$B$10:$F$610,$A14+1,0)*$AD14 -> 85 | N14: =HLOOKUP(N$10,$B$10:$F$610,$A14+1,0)*$AD14 -> 50 | O14: =HLOOKUP(O$10,$B$10:$F$610,$A14+1,0)*$AD14 -> 18 | P14: =HLOOKUP(P$10,$B$10:$F$610,$A14+1,0)*$AD14 -> 24 | Q14: =B14+G14+L14 -> 1680 | R14: =C14+H14+M14 -> 340 | S14: =D14+I14+N14 -> 200 | T14: =E14+J14+O14 -> 72 | U14: =F14+K14+P14 -> 96 | V14: =B14*战斗力计算!$B$8+C14*战斗力计算!$B$9+D14*战斗力计算!$B$10+E14*战斗力计算!$B$11+F14*战斗力计算!$B$12 -> 2520 | W14: =G14*战斗力计算!$B$8+H14*战斗力计算!$B$9+I14*战斗力计算!$B$10+J14*战斗力计算!$B$11+K14*战斗力计算!$B$12+L14*战斗力计算!$B$8+M14*战斗力计算!$B$9+N14*战斗力计算!$B$10+O14*战斗力计算!$B$11+P14*战斗力计算!$B$12 -> 7560 | X14: =V14+W14 -> 10080 | AC14: =VLOOKUP($A14,$Z$2:$AA$13,2,1)*$E$3 -> 2 | AD14: =VLOOKUP($A14,$Z$2:$AA$13,2,1)*$E$6 -> 1 | AF14: =T14/U14 -> 0.75 | AH14: =Q14/(R14-S14) -> 12 | AK14: =B14/D14 -> 8.4 | AL14: =C14/D14 -> 1.7 | AM14: =D14/D14 -> 1 | AN14: =(G14+L14)/(I14+N14) -> 8.4 | AO14: =(H14+M14)/(I14+N14) -> 1.7 | AP14: =(I14+N14)/(I14+N14) -> 1 | AR14: =(B14*1+C14*12+D14*12)/(E14*16+F14*8) -> 4.25 | AT14: =(G14*1+H14*12+I14*12+L14*1+M14*12+N14*12)/(J14*16+K14*8+O14*16+P14*8) -> 4.25 | AV14: =INT(C14*$H$5) -> 59 | AW14: =INT(C14*$H$3) -> 110
A15: 5 | B15: =INT(VLOOKUP(B$10,$A$2:$C$7,2,0)+($A15-1)*VLOOKUP(B$10,$A$2:$C$7,3,0)) -> 480 | C15: =INT(VLOOKUP(C$10,$A$2:$C$7,2,0)+($A15-1)*VLOOKUP(C$10,$A$2:$C$7,3,0)) -> 100 | D15: =INT(VLOOKUP(D$10,$A$2:$C$7,2,0)+($A15-1)*VLOOKUP(D$10,$A$2:$C$7,3,0)) -> 60 | E15: =INT(VLOOKUP(E$10,$A$2:$C$7,2,0)+($A15-1)*VLOOKUP(E$10,$A$2:$C$7,3,0)) -> 21 | F15: =INT(VLOOKUP(F$10,$A$2:$C$7,2,0)+($A15-1)*VLOOKUP(F$10,$A$2:$C$7,3,0)) -> 28 | G15: =HLOOKUP(G$10,$B$10:$F$610,$A15+1,0)*$AC15 -> 960 | H15: =HLOOKUP(H$10,$B$10:$F$610,$A15+1,0)*$AC15 -> 200 | I15: =HLOOKUP(I$10,$B$10:$F$610,$A15+1,0)*$AC15 -> 120 | J15: =HLOOKUP(J$10,$B$10:$F$610,$A15+1,0)*$AC15 -> 42 | K15: =HLOOKUP(K$10,$B$10:$F$610,$A15+1,0)*$AC15 -> 56 | L15: =HLOOKUP(L$10,$B$10:$F$610,$A15+1,0)*$AD15 -> 480 | M15: =HLOOKUP(M$10,$B$10:$F$610,$A15+1,0)*$AD15 -> 100 | N15: =HLOOKUP(N$10,$B$10:$F$610,$A15+1,0)*$AD15 -> 60 | O15: =HLOOKUP(O$10,$B$10:$F$610,$A15+1,0)*$AD15 -> 21 | P15: =HLOOKUP(P$10,$B$10:$F$610,$A15+1,0)*$AD15 -> 28 | Q15: =B15+G15+L15 -> 1920 | R15: =C15+H15+M15 -> 400 | S15: =D15+I15+N15 -> 240 | T15: =E15+J15+O15 -> 84 | U15: =F15+K15+P15 -> 112 | V15: =B15*战斗力计算!$B$8+C15*战斗力计算!$B$9+D15*战斗力计算!$B$10+E15*战斗力计算!$B$11+F15*战斗力计算!$B$12 -> 2960 | W15: =G15*战斗力计算!$B$8+H15*战斗力计算!$B$9+I15*战斗力计算!$B$10+J15*战斗力计算!$B$11+K15*战斗力计算!$B$12+L15*战斗力计算!$B$8+M15*战斗力计算!$B$9+N15*战斗力计算!$B$10+O15*战斗力计算!$B$11+P15*战斗力计算!$B$12 -> 8880 | X15: =V15+W15 -> 11840 | AC15: =VLOOKUP($A15,$Z$2:$AA$13,2,1)*$E$3 -> 2 | AD15: =VLOOKUP($A15,$Z$2:$AA$13,2,1)*$E$6 -> 1 | AF15: =T15/U15 -> 0.75 | AH15: =Q15/(R15-S15) -> 12 | AK15: =B15/D15 -> 8 | AL15: =C15/D15 -> 1.6666667 | AM15: =D15/D15 -> 1 | AN15: =(G15+L15)/(I15+N15) -> 8 | AO15: =(H15+M15)/(I15+N15) -> 1.6666667 | AP15: =(I15+N15)/(I15+N15) -> 1 | AR15: =(B15*1+C15*12+D15*12)/(E15*16+F15*8) -> 4.2857143 | AT15: =(G15*1+H15*12+I15*12+L15*1+M15*12+N15*12)/(J15*16+K15*8+O15*16+P15*8) -> 4.2857143 | AV15: =INT(C15*$H$5) -> 70 | AW15: =INT(C15*$H$3) -> 130
A16: 6 | B16: =INT(VLOOKUP(B$10,$A$2:$C$7,2,0)+($A16-1)*VLOOKUP(B$10,$A$2:$C$7,3,0)) -> 540 | C16: =INT(VLOOKUP(C$10,$A$2:$C$7,2,0)+($A16-1)*VLOOKUP(C$10,$A$2:$C$7,3,0)) -> 115 | D16: =INT(VLOOKUP(D$10,$A$2:$C$7,2,0)+($A16-1)*VLOOKUP(D$10,$A$2:$C$7,3,0)) -> 70 | E16: =INT(VLOOKUP(E$10,$A$2:$C$7,2,0)+($A16-1)*VLOOKUP(E$10,$A$2:$C$7,3,0)) -> 24 | F16: =INT(VLOOKUP(F$10,$A$2:$C$7,2,0)+($A16-1)*VLOOKUP(F$10,$A$2:$C$7,3,0)) -> 32 | G16: =HLOOKUP(G$10,$B$10:$F$610,$A16+1,0)*$AC16 -> 1080 | H16: =HLOOKUP(H$10,$B$10:$F$610,$A16+1,0)*$AC16 -> 230 | I16: =HLOOKUP(I$10,$B$10:$F$610,$A16+1,0)*$AC16 -> 140 | J16: =HLOOKUP(J$10,$B$10:$F$610,$A16+1,0)*$AC16 -> 48 | K16: =HLOOKUP(K$10,$B$10:$F$610,$A16+1,0)*$AC16 -> 64 | L16: =HLOOKUP(L$10,$B$10:$F$610,$A16+1,0)*$AD16 -> 540 | M16: =HLOOKUP(M$10,$B$10:$F$610,$A16+1,0)*$AD16 -> 115 | N16: =HLOOKUP(N$10,$B$10:$F$610,$A16+1,0)*$AD16 -> 70 | O16: =HLOOKUP(O$10,$B$10:$F$610,$A16+1,0)*$AD16 -> 24 | P16: =HLOOKUP(P$10,$B$10:$F$610,$A16+1,0)*$AD16 -> 32 | Q16: =B16+G16+L16 -> 2160 | R16: =C16+H16+M16 -> 460 | S16: =D16+I16+N16 -> 280 | T16: =E16+J16+O16 -> 96 | U16: =F16+K16+P16 -> 128 | V16: =B16*战斗力计算!$B$8+C16*战斗力计算!$B$9+D16*战斗力计算!$B$10+E16*战斗力计算!$B$11+F16*战斗力计算!$B$12 -> 3400 | W16: =G16*战斗力计算!$B$8+H16*战斗力计算!$B$9+I16*战斗力计算!$B$10+J16*战斗力计算!$B$11+K16*战斗力计算!$B$12+L16*战斗力计算!$B$8+M16*战斗力计算!$B$9+N16*战斗力计算!$B$10+O16*战斗力计算!$B$11+P16*战斗力计算!$B$12 -> 10200 | X16: =V16+W16 -> 13600 | AC16: =VLOOKUP($A16,$Z$2:$AA$13,2,1)*$E$3 -> 2 | AD16: =VLOOKUP($A16,$Z$2:$AA$13,2,1)*$E$6 -> 1 | AF16: =T16/U16 -> 0.75 | AH16: =Q16/(R16-S16) -> 12 | AK16: =B16/D16 -> 7.7142857 | AL16: =C16/D16 -> 1.6428571 | AM16: =D16/D16 -> 1 | AN16: =(G16+L16)/(I16+N16) -> 7.7142857 | AO16: =(H16+M16)/(I16+N16) -> 1.6428571 | AP16: =(I16+N16)/(I16+N16) -> 1 | AR16: =(B16*1+C16*12+D16*12)/(E16*16+F16*8) -> 4.3125 | AT16: =(G16*1+H16*12+I16*12+L16*1+M16*12+N16*12)/(J16*16+K16*8+O16*16+P16*8) -> 4.3125 | AV16: =INT(C16*$H$5) -> 80 | AW16: =INT(C16*$H$3) -> 149
A17: 7 | B17: =INT(VLOOKUP(B$10,$A$2:$C$7,2,0)+($A17-1)*VLOOKUP(B$10,$A$2:$C$7,3,0)) -> 600 | C17: =INT(VLOOKUP(C$10,$A$2:$C$7,2,0)+($A17-1)*VLOOKUP(C$10,$A$2:$C$7,3,0)) -> 130 | D17: =INT(VLOOKUP(D$10,$A$2:$C$7,2,0)+($A17-1)*VLOOKUP(D$10,$A$2:$C$7,3,0)) -> 80 | E17: =INT(VLOOKUP(E$10,$A$2:$C$7,2,0)+($A17-1)*VLOOKUP(E$10,$A$2:$C$7,3,0)) -> 27 | F17: =INT(VLOOKUP(F$10,$A$2:$C$7,2,0)+($A17-1)*VLOOKUP(F$10,$A$2:$C$7,3,0)) -> 36 | G17: =HLOOKUP(G$10,$B$10:$F$610,$A17+1,0)*$AC17 -> 1200 | H17: =HLOOKUP(H$10,$B$10:$F$610,$A17+1,0)*$AC17 -> 260 | I17: =HLOOKUP(I$10,$B$10:$F$610,$A17+1,0)*$AC17 -> 160 | J17: =HLOOKUP(J$10,$B$10:$F$610,$A17+1,0)*$AC17 -> 54 | K17: =HLOOKUP(K$10,$B$10:$F$610,$A17+1,0)*$AC17 -> 72 | L17: =HLOOKUP(L$10,$B$10:$F$610,$A17+1,0)*$AD17 -> 600 | M17: =HLOOKUP(M$10,$B$10:$F$610,$A17+1,0)*$AD17 -> 130 | N17: =HLOOKUP(N$10,$B$10:$F$610,$A17+1,0)*$AD17 -> 80 | O17: =HLOOKUP(O$10,$B$10:$F$610,$A17+1,0)*$AD17 -> 27 | P17: =HLOOKUP(P$10,$B$10:$F$610,$A17+1,0)*$AD17 -> 36 | Q17: =B17+G17+L17 -> 2400 | R17: =C17+H17+M17 -> 520 | S17: =D17+I17+N17 -> 320 | T17: =E17+J17+O17 -> 108 | U17: =F17+K17+P17 -> 144 | V17: =B17*战斗力计算!$B$8+C17*战斗力计算!$B$9+D17*战斗力计算!$B$10+E17*战斗力计算!$B$11+F17*战斗力计算!$B$12 -> 3840 | W17: =G17*战斗力计算!$B$8+H17*战斗力计算!$B$9+I17*战斗力计算!$B$10+J17*战斗力计算!$B$11+K17*战斗力计算!$B$12+L17*战斗力计算!$B$8+M17*战斗力计算!$B$9+N17*战斗力计算!$B$10+O17*战斗力计算!$B$11+P17*战斗力计算!$B$12 -> 11520 | X17: =V17+W17 -> 15360 | AC17: =VLOOKUP($A17,$Z$2:$AA$13,2,1)*$E$3 -> 2 | AD17: =VLOOKUP($A17,$Z$2:$AA$13,2,1)*$E$6 -> 1 | AF17: =T17/U17 -> 0.75 | AH17: =Q17/(R17-S17) -> 12 | AK17: =B17/D17 -> 7.5 | AL17: =C17/D17 -> 1.625 | AM17: =D17/D17 -> 1 | AN17: =(G17+L17)/(I17+N17) -> 7.5 | AO17: =(H17+M17)/(I17+N17) -> 1.625 | AP17: =(I17+N17)/(I17+N17) -> 1 | AR17: =(B17*1+C17*12+D17*12)/(E17*16+F17*8) -> 4.3333333 | AT17: =(G17*1+H17*12+I17*12+L17*1+M17*12+N17*12)/(J17*16+K17*8+O17*16+P17*8) -> 4.3333333 | AV17: =INT(C17*$H$5) -> 91 | AW17: =INT(C17*$H$3) -> 169
A18: 8 | B18: =INT(VLOOKUP(B$10,$A$2:$C$7,2,0)+($A18-1)*VLOOKUP(B$10,$A$2:$C$7,3,0)) -> 660 | C18: =INT(VLOOKUP(C$10,$A$2:$C$7,2,0)+($A18-1)*VLOOKUP(C$10,$A$2:$C$7,3,0)) -> 145 | D18: =INT(VLOOKUP(D$10,$A$2:$C$7,2,0)+($A18-1)*VLOOKUP(D$10,$A$2:$C$7,3,0)) -> 90 | E18: =INT(VLOOKUP(E$10,$A$2:$C$7,2,0)+($A18-1)*VLOOKUP(E$10,$A$2:$C$7,3,0)) -> 30 | F18: =INT(VLOOKUP(F$10,$A$2:$C$7,2,0)+($A18-1)*VLOOKUP(F$10,$A$2:$C$7,3,0)) -> 40 | G18: =HLOOKUP(G$10,$B$10:$F$610,$A18+1,0)*$AC18 -> 1320 | H18: =HLOOKUP(H$10,$B$10:$F$610,$A18+1,0)*$AC18 -> 290 | I18: =HLOOKUP(I$10,$B$10:$F$610,$A18+1,0)*$AC18 -> 180 | J18: =HLOOKUP(J$10,$B$10:$F$610,$A18+1,0)*$AC18 -> 60 | K18: =HLOOKUP(K$10,$B$10:$F$610,$A18+1,0)*$AC18 -> 80 | L18: =HLOOKUP(L$10,$B$10:$F$610,$A18+1,0)*$AD18 -> 660 | M18: =HLOOKUP(M$10,$B$10:$F$610,$A18+1,0)*$AD18 -> 145 | N18: =HLOOKUP(N$10,$B$10:$F$610,$A18+1,0)*$AD18 -> 90 | O18: =HLOOKUP(O$10,$B$10:$F$610,$A18+1,0)*$AD18 -> 30 | P18: =HLOOKUP(P$10,$B$10:$F$610,$A18+1,0)*$AD18 -> 40 | Q18: =B18+G18+L18 -> 2640 | R18: =C18+H18+M18 -> 580 | S18: =D18+I18+N18 -> 360 | T18: =E18+J18+O18 -> 120 | U18: =F18+K18+P18 -> 160 | V18: =B18*战斗力计算!$B$8+C18*战斗力计算!$B$9+D18*战斗力计算!$B$10+E18*战斗力计算!$B$11+F18*战斗力计算!$B$12 -> 4280 | W18: =G18*战斗力计算!$B$8+H18*战斗力计算!$B$9+I18*战斗力计算!$B$10+J18*战斗力计算!$B$11+K18*战斗力计算!$B$12+L18*战斗力计算!$B$8+M18*战斗力计算!$B$9+N18*战斗力计算!$B$10+O18*战斗力计算!$B$11+P18*战斗力计算!$B$12 -> 12840 | X18: =V18+W18 -> 17120 | AC18: =VLOOKUP($A18,$Z$2:$AA$13,2,1)*$E$3 -> 2 | AD18: =VLOOKUP($A18,$Z$2:$AA$13,2,1)*$E$6 -> 1 | AF18: =T18/U18 -> 0.75 | AH18: =Q18/(R18-S18) -> 12 | AK18: =B18/D18 -> 7.3333333 | AL18: =C18/D18 -> 1.6111111 | AM18: =D18/D18 -> 1 | AN18: =(G18+L18)/(I18+N18) -> 7.3333333 | AO18: =(H18+M18)/(I18+N18) -> 1.6111111 | AP18: =(I18+N18)/(I18+N18) -> 1 | AR18: =(B18*1+C18*12+D18*12)/(E18*16+F18*8) -> 4.35 | AT18: =(G18*1+H18*12+I18*12+L18*1+M18*12+N18*12)/(J18*16+K18*8+O18*16+P18*8) -> 4.35 | AV18: =INT(C18*$H$5) -> 101 | AW18: =INT(C18*$H$3) -> 188
A19: 9 | B19: =INT(VLOOKUP(B$10,$A$2:$C$7,2,0)+($A19-1)*VLOOKUP(B$10,$A$2:$C$7,3,0)) -> 720 | C19: =INT(VLOOKUP(C$10,$A$2:$C$7,2,0)+($A19-1)*VLOOKUP(C$10,$A$2:$C$7,3,0)) -> 160 | D19: =INT(VLOOKUP(D$10,$A$2:$C$7,2,0)+($A19-1)*VLOOKUP(D$10,$A$2:$C$7,3,0)) -> 100 | E19: =INT(VLOOKUP(E$10,$A$2:$C$7,2,0)+($A19-1)*VLOOKUP(E$10,$A$2:$C$7,3,0)) -> 33 | F19: =INT(VLOOKUP(F$10,$A$2:$C$7,2,0)+($A19-1)*VLOOKUP(F$10,$A$2:$C$7,3,0)) -> 44 | G19: =HLOOKUP(G$10,$B$10:$F$610,$A19+1,0)*$AC19 -> 1440 | H19: =HLOOKUP(H$10,$B$10:$F$610,$A19+1,0)*$AC19 -> 320 | I19: =HLOOKUP(I$10,$B$10:$F$610,$A19+1,0)*$AC19 -> 200 | J19: =HLOOKUP(J$10,$B$10:$F$610,$A19+1,0)*$AC19 -> 66 | K19: =HLOOKUP(K$10,$B$10:$F$610,$A19+1,0)*$AC19 -> 88 | L19: =HLOOKUP(L$10,$B$10:$F$610,$A19+1,0)*$AD19 -> 720 | M19: =HLOOKUP(M$10,$B$10:$F$610,$A19+1,0)*$AD19 -> 160 | N19: =HLOOKUP(N$10,$B$10:$F$610,$A19+1,0)*$AD19 -> 100 | O19: =HLOOKUP(O$10,$B$10:$F$610,$A19+1,0)*$AD19 -> 33 | P19: =HLOOKUP(P$10,$B$10:$F$610,$A19+1,0)*$AD19 -> 44 | Q19: =B19+G19+L19 -> 2880 | R19: =C19+H19+M19 -> 640 | S19: =D19+I19+N19 -> 400 | T19: =E19+J19+O19 -> 132 | U19: =F19+K19+P19 -> 176 | V19: =B19*战斗力计算!$B$8+C19*战斗力计算!$B$9+D19*战斗力计算!$B$10+E19*战斗力计算!$B$11+F19*战斗力计算!$B$12 -> 4720 | W19: =G19*战斗力计算!$B$8+H19*战斗力计算!$B$9+I19*战斗力计算!$B$10+J19*战斗力计算!$B$11+K19*战斗力计算!$B$12+L19*战斗力计算!$B$8+M19*战斗力计算!$B$9+N19*战斗力计算!$B$10+O19*战斗力计算!$B$11+P19*战斗力计算!$B$12 -> 14160 | X19: =V19+W19 -> 18880 | AC19: =VLOOKUP($A19,$Z$2:$AA$13,2,1)*$E$3 -> 2 | AD19: =VLOOKUP($A19,$Z$2:$AA$13,2,1)*$E$6 -> 1 | AF19: =T19/U19 -> 0.75 | AH19: =Q19/(R19-S19) -> 12 | AK19: =B19/D19 -> 7.2 | AL19: =C19/D19 -> 1.6 | AM19: =D19/D19 -> 1 | AN19: =(G19+L19)/(I19+N19) -> 7.2 | AO19: =(H19+M19)/(I19+N19) -> 1.6 | AP19: =(I19+N19)/(I19+N19) -> 1 | AR19: =(B19*1+C19*12+D19*12)/(E19*16+F19*8) -> 4.3636364 | AT19: =(G19*1+H19*12+I19*12+L19*1+M19*12+N19*12)/(J19*16+K19*8+O19*16+P19*8) -> 4.3636364 | AV19: =INT(C19*$H$5) -> 112 | AW19: =INT(C19*$H$3) -> 208
A20: 10 | B20: =INT(VLOOKUP(B$10,$A$2:$C$7,2,0)+($A20-1)*VLOOKUP(B$10,$A$2:$C$7,3,0)) -> 780 | C20: =INT(VLOOKUP(C$10,$A$2:$C$7,2,0)+($A20-1)*VLOOKUP(C$10,$A$2:$C$7,3,0)) -> 175 | D20: =INT(VLOOKUP(D$10,$A$2:$C$7,2,0)+($A20-1)*VLOOKUP(D$10,$A$2:$C$7,3,0)) -> 110 | E20: =INT(VLOOKUP(E$10,$A$2:$C$7,2,0)+($A20-1)*VLOOKUP(E$10,$A$2:$C$7,3,0)) -> 36 | F20: =INT(VLOOKUP(F$10,$A$2:$C$7,2,0)+($A20-1)*VLOOKUP(F$10,$A$2:$C$7,3,0)) -> 48 | G20: =HLOOKUP(G$10,$B$10:$F$610,$A20+1,0)*$AC20 -> 1560 | H20: =HLOOKUP(H$10,$B$10:$F$610,$A20+1,0)*$AC20 -> 350 | I20: =HLOOKUP(I$10,$B$10:$F$610,$A20+1,0)*$AC20 -> 220 | J20: =HLOOKUP(J$10,$B$10:$F$610,$A20+1,0)*$AC20 -> 72 | K20: =HLOOKUP(K$10,$B$10:$F$610,$A20+1,0)*$AC20 -> 96 | L20: =HLOOKUP(L$10,$B$10:$F$610,$A20+1,0)*$AD20 -> 780 | M20: =HLOOKUP(M$10,$B$10:$F$610,$A20+1,0)*$AD20 -> 175 | N20: =HLOOKUP(N$10,$B$10:$F$610,$A20+1,0)*$AD20 -> 110 | O20: =HLOOKUP(O$10,$B$10:$F$610,$A20+1,0)*$AD20 -> 36 | P20: =HLOOKUP(P$10,$B$10:$F$610,$A20+1,0)*$AD20 -> 48 | Q20: =B20+G20+L20 -> 3120 | R20: =C20+H20+M20 -> 700 | S20: =D20+I20+N20 -> 440 | T20: =E20+J20+O20 -> 144 | U20: =F20+K20+P20 -> 192 | V20: =B20*战斗力计算!$B$8+C20*战斗力计算!$B$9+D20*战斗力计算!$B$10+E20*战斗力计算!$B$11+F20*战斗力计算!$B$12 -> 5160 | W20: =G20*战斗力计算!$B$8+H20*战斗力计算!$B$9+I20*战斗力计算!$B$10+J20*战斗力计算!$B$11+K20*战斗力计算!$B$12+L20*战斗力计算!$B$8+M20*战斗力计算!$B$9+N20*战斗力计算!$B$10+O20*战斗力计算!$B$11+P20*战斗力计算!$B$12 -> 15480 | X20: =V20+W20 -> 20640 | AC20: =VLOOKUP($A20,$Z$2:$AA$13,2,1)*$E$3 -> 2 | AD20: =VLOOKUP($A20,$Z$2:$AA$13,2,1)*$E$6 -> 1 | AF20: =T20/U20 -> 0.75 | AH20: =Q20/(R20-S20) -> 12 | AK20: =B20/D20 -> 7.0909091 | AL20: =C20/D20 -> 1.5909091 | AM20: =D20/D20 -> 1 | AN20: =(G20+L20)/(I20+N20) -> 7.0909091 | AO20: =(H20+M20)/(I20+N20) -> 1.5909091 | AP20: =(I20+N20)/(I20+N20) -> 1 | AR20: =(B20*1+C20*12+D20*12)/(E20*16+F20*8) -> 4.375 | AT20: =(G20*1+H20*12+I20*12+L20*1+M20*12+N20*12)/(J20*16+K20*8+O20*16+P20*8) -> 4.375 | AV20: =INT(C20*$H$5) -> 122 | AW20: =INT(C20*$H$3) -> 227
A21: 11 | B21: =INT(VLOOKUP(B$10,$A$2:$C$7,2,0)+($A21-1)*VLOOKUP(B$10,$A$2:$C$7,3,0)) -> 840 | C21: =INT(VLOOKUP(C$10,$A$2:$C$7,2,0)+($A21-1)*VLOOKUP(C$10,$A$2:$C$7,3,0)) -> 190 | D21: =INT(VLOOKUP(D$10,$A$2:$C$7,2,0)+($A21-1)*VLOOKUP(D$10,$A$2:$C$7,3,0)) -> 120 | E21: =INT(VLOOKUP(E$10,$A$2:$C$7,2,0)+($A21-1)*VLOOKUP(E$10,$A$2:$C$7,3,0)) -> 39 | F21: =INT(VLOOKUP(F$10,$A$2:$C$7,2,0)+($A21-1)*VLOOKUP(F$10,$A$2:$C$7,3,0)) -> 52 | G21: =HLOOKUP(G$10,$B$10:$F$610,$A21+1,0)*$AC21 -> 1680 | H21: =HLOOKUP(H$10,$B$10:$F$610,$A21+1,0)*$AC21 -> 380 | I21: =HLOOKUP(I$10,$B$10:$F$610,$A21+1,0)*$AC21 -> 240 | J21: =HLOOKUP(J$10,$B$10:$F$610,$A21+1,0)*$AC21 -> 78 | K21: =HLOOKUP(K$10,$B$10:$F$610,$A21+1,0)*$AC21 -> 104 | L21: =HLOOKUP(L$10,$B$10:$F$610,$A21+1,0)*$AD21 -> 840 | M21: =HLOOKUP(M$10,$B$10:$F$610,$A21+1,0)*$AD21 -> 190 | N21: =HLOOKUP(N$10,$B$10:$F$610,$A21+1,0)*$AD21 -> 120 | O21: =HLOOKUP(O$10,$B$10:$F$610,$A21+1,0)*$AD21 -> 39 | P21: =HLOOKUP(P$10,$B$10:$F$610,$A21+1,0)*$AD21 -> 52 | Q21: =B21+G21+L21 -> 3360 | R21: =C21+H21+M21 -> 760 | S21: =D21+I21+N21 -> 480 | T21: =E21+J21+O21 -> 156 | U21: =F21+K21+P21 -> 208 | V21: =B21*战斗力计算!$B$8+C21*战斗力计算!$B$9+D21*战斗力计算!$B$10+E21*战斗力计算!$B$11+F21*战斗力计算!$B$12 -> 5600 | W21: =G21*战斗力计算!$B$8+H21*战斗力计算!$B$9+I21*战斗力计算!$B$10+J21*战斗力计算!$B$11+K21*战斗力计算!$B$12+L21*战斗力计算!$B$8+M21*战斗力计算!$B$9+N21*战斗力计算!$B$10+O21*战斗力计算!$B$11+P21*战斗力计算!$B$12 -> 16800 | X21: =V21+W21 -> 22400 | AC21: =VLOOKUP($A21,$Z$2:$AA$13,2,1)*$E$3 -> 2 | AD21: =VLOOKUP($A21,$Z$2:$AA$13,2,1)*$E$6 -> 1 | AF21: =T21/U21 -> 0.75 | AH21: =Q21/(R21-S21) -> 12 | AK21: =B21/D21 -> 7 | AL21: =C21/D21 -> 1.5833333 | AM21: =D21/D21 -> 1 | AN21: =(G21+L21)/(I21+N21) -> 7 | AO21: =(H21+M21)/(I21+N21) -> 1.5833333 | AP21: =(I21+N21)/(I21+N21) -> 1 | AR21: =(B21*1+C21*12+D21*12)/(E21*16+F21*8) -> 4.3846154 | AT21: =(G21*1+H21*12+I21*12+L21*1+M21*12+N21*12)/(J21*16+K21*8+O21*16+P21*8) -> 4.3846154 | AV21: =INT(C21*$H$5) -> 133 | AW21: =INT(C21*$H$3) -> 247
A22: 12 | B22: =INT(VLOOKUP(B$10,$A$2:$C$7,2,0)+($A22-1)*VLOOKUP(B$10,$A$2:$C$7,3,0)) -> 900 | C22: =INT(VLOOKUP(C$10,$A$2:$C$7,2,0)+($A22-1)*VLOOKUP(C$10,$A$2:$C$7,3,0)) -> 205 | D22: =INT(VLOOKUP(D$10,$A$2:$C$7,2,0)+($A22-1)*VLOOKUP(D$10,$A$2:$C$7,3,0)) -> 130 | E22: =INT(VLOOKUP(E$10,$A$2:$C$7,2,0)+($A22-1)*VLOOKUP(E$10,$A$2:$C$7,3,0)) -> 42 | F22: =INT(VLOOKUP(F$10,$A$2:$C$7,2,0)+($A22-1)*VLOOKUP(F$10,$A$2:$C$7,3,0)) -> 56 | G22: =HLOOKUP(G$10,$B$10:$F$610,$A22+1,0)*$AC22 -> 1800 | H22: =HLOOKUP(H$10,$B$10:$F$610,$A22+1,0)*$AC22 -> 410 | I22: =HLOOKUP(I$10,$B$10:$F$610,$A22+1,0)*$AC22 -> 260 | J22: =HLOOKUP(J$10,$B$10:$F$610,$A22+1,0)*$AC22 -> 84 | K22: =HLOOKUP(K$10,$B$10:$F$610,$A22+1,0)*$AC22 -> 112 | L22: =HLOOKUP(L$10,$B$10:$F$610,$A22+1,0)*$AD22 -> 900 | M22: =HLOOKUP(M$10,$B$10:$F$610,$A22+1,0)*$AD22 -> 205 | N22: =HLOOKUP(N$10,$B$10:$F$610,$A22+1,0)*$AD22 -> 130 | O22: =HLOOKUP(O$10,$B$10:$F$610,$A22+1,0)*$AD22 -> 42 | P22: =HLOOKUP(P$10,$B$10:$F$610,$A22+1,0)*$AD22 -> 56 | Q22: =B22+G22+L22 -> 3600 | R22: =C22+H22+M22 -> 820 | S22: =D22+I22+N22 -> 520 | T22: =E22+J22+O22 -> 168 | U22: =F22+K22+P22 -> 224 | V22: =B22*战斗力计算!$B$8+C22*战斗力计算!$B$9+D22*战斗力计算!$B$10+E22*战斗力计算!$B$11+F22*战斗力计算!$B$12 -> 6040 | W22: =G22*战斗力计算!$B$8+H22*战斗力计算!$B$9+I22*战斗力计算!$B$10+J22*战斗力计算!$B$11+K22*战斗力计算!$B$12+L22*战斗力计算!$B$8+M22*战斗力计算!$B$9+N22*战斗力计算!$B$10+O22*战斗力计算!$B$11+P22*战斗力计算!$B$12 -> 18120 | X22: =V22+W22 -> 24160 | AC22: =VLOOKUP($A22,$Z$2:$AA$13,2,1)*$E$3 -> 2 | AD22: =VLOOKUP($A22,$Z$2:$AA$13,2,1)*$E$6 -> 1 | AF22: =T22/U22 -> 0.75 | AH22: =Q22/(R22-S22) -> 12 | AK22: =B22/D22 -> 6.9230769 | AL22: =C22/D22 -> 1.5769231 | AM22: =D22/D22 -> 1 | AN22: =(G22+L22)/(I22+N22) -> 6.9230769 | AO22: =(H22+M22)/(I22+N22) -> 1.5769231 | AP22: =(I22+N22)/(I22+N22) -> 1 | AR22: =(B22*1+C22*12+D22*12)/(E22*16+F22*8) -> 4.3928571 | AT22: =(G22*1+H22*12+I22*12+L22*1+M22*12+N22*12)/(J22*16+K22*8+O22*16+P22*8) -> 4.3928571 | AV22: =INT(C22*$H$5) -> 143 | AW22: =INT(C22*$H$3) -> 266
A23: 13 | B23: =INT(VLOOKUP(B$10,$A$2:$C$7,2,0)+($A23-1)*VLOOKUP(B$10,$A$2:$C$7,3,0)) -> 960 | C23: =INT(VLOOKUP(C$10,$A$2:$C$7,2,0)+($A23-1)*VLOOKUP(C$10,$A$2:$C$7,3,0)) -> 220 | D23: =INT(VLOOKUP(D$10,$A$2:$C$7,2,0)+($A23-1)*VLOOKUP(D$10,$A$2:$C$7,3,0)) -> 140 | E23: =INT(VLOOKUP(E$10,$A$2:$C$7,2,0)+($A23-1)*VLOOKUP(E$10,$A$2:$C$7,3,0)) -> 45 | F23: =INT(VLOOKUP(F$10,$A$2:$C$7,2,0)+($A23-1)*VLOOKUP(F$10,$A$2:$C$7,3,0)) -> 60 | G23: =HLOOKUP(G$10,$B$10:$F$610,$A23+1,0)*$AC23 -> 1920 | H23: =HLOOKUP(H$10,$B$10:$F$610,$A23+1,0)*$AC23 -> 440 | I23: =HLOOKUP(I$10,$B$10:$F$610,$A23+1,0)*$AC23 -> 280 | J23: =HLOOKUP(J$10,$B$10:$F$610,$A23+1,0)*$AC23 -> 90 | K23: =HLOOKUP(K$10,$B$10:$F$610,$A23+1,0)*$AC23 -> 120 | L23: =HLOOKUP(L$10,$B$10:$F$610,$A23+1,0)*$AD23 -> 960 | M23: =HLOOKUP(M$10,$B$10:$F$610,$A23+1,0)*$AD23 -> 220 | N23: =HLOOKUP(N$10,$B$10:$F$610,$A23+1,0)*$AD23 -> 140 | O23: =HLOOKUP(O$10,$B$10:$F$610,$A23+1,0)*$AD23 -> 45 | P23: =HLOOKUP(P$10,$B$10:$F$610,$A23+1,0)*$AD23 -> 60 | Q23: =B23+G23+L23 -> 3840 | R23: =C23+H23+M23 -> 880 | S23: =D23+I23+N23 -> 560 | T23: =E23+J23+O23 -> 180 | U23: =F23+K23+P23 -> 240 | V23: =B23*战斗力计算!$B$8+C23*战斗力计算!$B$9+D23*战斗力计算!$B$10+E23*战斗力计算!$B$11+F23*战斗力计算!$B$12 -> 6480 | W23: =G23*战斗力计算!$B$8+H23*战斗力计算!$B$9+I23*战斗力计算!$B$10+J23*战斗力计算!$B$11+K23*战斗力计算!$B$12+L23*战斗力计算!$B$8+M23*战斗力计算!$B$9+N23*战斗力计算!$B$10+O23*战斗力计算!$B$11+P23*战斗力计算!$B$12 -> 19440 | X23: =V23+W23 -> 25920 | AC23: =VLOOKUP($A23,$Z$2:$AA$13,2,1)*$E$3 -> 2 | AD23: =VLOOKUP($A23,$Z$2:$AA$13,2,1)*$E$6 -> 1 | AF23: =T23/U23 -> 0.75 | AH23: =Q23/(R23-S23) -> 12 | AK23: =B23/D23 -> 6.8571429 | AL23: =C23/D23 -> 1.5714286 | AM23: =D23/D23 -> 1 | AN23: =(G23+L23)/(I23+N23) -> 6.8571429 | AO23: =(H23+M23)/(I23+N23) -> 1.5714286 | AP23: =(I23+N23)/(I23+N23) -> 1 | AR23: =(B23*1+C23*12+D23*12)/(E23*16+F23*8) -> 4.4 | AT23: =(G23*1+H23*12+I23*12+L23*1+M23*12+N23*12)/(J23*16+K23*8+O23*16+P23*8) -> 4.4 | AV23: =INT(C23*$H$5) -> 154 | AW23: =INT(C23*$H$3) -> 286
A24: 14 | B24: =INT(VLOOKUP(B$10,$A$2:$C$7,2,0)+($A24-1)*VLOOKUP(B$10,$A$2:$C$7,3,0)) -> 1020 | C24: =INT(VLOOKUP(C$10,$A$2:$C$7,2,0)+($A24-1)*VLOOKUP(C$10,$A$2:$C$7,3,0)) -> 235 | D24: =INT(VLOOKUP(D$10,$A$2:$C$7,2,0)+($A24-1)*VLOOKUP(D$10,$A$2:$C$7,3,0)) -> 150 | E24: =INT(VLOOKUP(E$10,$A$2:$C$7,2,0)+($A24-1)*VLOOKUP(E$10,$A$2:$C$7,3,0)) -> 48 | F24: =INT(VLOOKUP(F$10,$A$2:$C$7,2,0)+($A24-1)*VLOOKUP(F$10,$A$2:$C$7,3,0)) -> 64 | G24: =HLOOKUP(G$10,$B$10:$F$610,$A24+1,0)*$AC24 -> 2040 | H24: =HLOOKUP(H$10,$B$10:$F$610,$A24+1,0)*$AC24 -> 470 | I24: =HLOOKUP(I$10,$B$10:$F$610,$A24+1,0)*$AC24 -> 300 | J24: =HLOOKUP(J$10,$B$10:$F$610,$A24+1,0)*$AC24 -> 96 | K24: =HLOOKUP(K$10,$B$10:$F$610,$A24+1,0)*$AC24 -> 128 | L24: =HLOOKUP(L$10,$B$10:$F$610,$A24+1,0)*$AD24 -> 1020 | M24: =HLOOKUP(M$10,$B$10:$F$610,$A24+1,0)*$AD24 -> 235 | N24: =HLOOKUP(N$10,$B$10:$F$610,$A24+1,0)*$AD24 -> 150 | O24: =HLOOKUP(O$10,$B$10:$F$610,$A24+1,0)*$AD24 -> 48 | P24: =HLOOKUP(P$10,$B$10:$F$610,$A24+1,0)*$AD24 -> 64 | Q24: =B24+G24+L24 -> 4080 | R24: =C24+H24+M24 -> 940 | S24: =D24+I24+N24 -> 600 | T24: =E24+J24+O24 -> 192 | U24: =F24+K24+P24 -> 256 | V24: =B24*战斗力计算!$B$8+C24*战斗力计算!$B$9+D24*战斗力计算!$B$10+E24*战斗力计算!$B$11+F24*战斗力计算!$B$12 -> 6920 | W24: =G24*战斗力计算!$B$8+H24*战斗力计算!$B$9+I24*战斗力计算!$B$10+J24*战斗力计算!$B$11+K24*战斗力计算!$B$12+L24*战斗力计算!$B$8+M24*战斗力计算!$B$9+N24*战斗力计算!$B$10+O24*战斗力计算!$B$11+P24*战斗力计算!$B$12 -> 20760 | X24: =V24+W24 -> 27680 | AC24: =VLOOKUP($A24,$Z$2:$AA$13,2,1)*$E$3 -> 2 | AD24: =VLOOKUP($A24,$Z$2:$AA$13,2,1)*$E$6 -> 1 | AF24: =T24/U24 -> 0.75 | AH24: =Q24/(R24-S24) -> 12 | AK24: =B24/D24 -> 6.8 | AL24: =C24/D24 -> 1.5666667 | AM24: =D24/D24 -> 1 | AN24: =(G24+L24)/(I24+N24) -> 6.8 | AO24: =(H24+M24)/(I24+N24) -> 1.5666667 | AP24: =(I24+N24)/(I24+N24) -> 1 | AR24: =(B24*1+C24*12+D24*12)/(E24*16+F24*8) -> 4.40625 | AT24: =(G24*1+H24*12+I24*12+L24*1+M24*12+N24*12)/(J24*16+K24*8+O24*16+P24*8) -> 4.40625 | AV24: =INT(C24*$H$5) -> 164 | AW24: =INT(C24*$H$3) -> 305
A25: 15 | B25: =INT(VLOOKUP(B$10,$A$2:$C$7,2,0)+($A25-1)*VLOOKUP(B$10,$A$2:$C$7,3,0)) -> 1080 | C25: =INT(VLOOKUP(C$10,$A$2:$C$7,2,0)+($A25-1)*VLOOKUP(C$10,$A$2:$C$7,3,0)) -> 250 | D25: =INT(VLOOKUP(D$10,$A$2:$C$7,2,0)+($A25-1)*VLOOKUP(D$10,$A$2:$C$7,3,0)) -> 160 | E25: =INT(VLOOKUP(E$10,$A$2:$C$7,2,0)+($A25-1)*VLOOKUP(E$10,$A$2:$C$7,3,0)) -> 51 | F25: =INT(VLOOKUP(F$10,$A$2:$C$7,2,0)+($A25-1)*VLOOKUP(F$10,$A$2:$C$7,3,0)) -> 68 | G25: =HLOOKUP(G$10,$B$10:$F$610,$A25+1,0)*$AC25 -> 2160 | H25: =HLOOKUP(H$10,$B$10:$F$610,$A25+1,0)*$AC25 -> 500 | I25: =HLOOKUP(I$10,$B$10:$F$610,$A25+1,0)*$AC25 -> 320 | J25: =HLOOKUP(J$10,$B$10:$F$610,$A25+1,0)*$AC25 -> 102 | K25: =HLOOKUP(K$10,$B$10:$F$610,$A25+1,0)*$AC25 -> 136 | L25: =HLOOKUP(L$10,$B$10:$F$610,$A25+1,0)*$AD25 -> 1080 | M25: =HLOOKUP(M$10,$B$10:$F$610,$A25+1,0)*$AD25 -> 250 | N25: =HLOOKUP(N$10,$B$10:$F$610,$A25+1,0)*$AD25 -> 160 | O25: =HLOOKUP(O$10,$B$10:$F$610,$A25+1,0)*$AD25 -> 51 | P25: =HLOOKUP(P$10,$B$10:$F$610,$A25+1,0)*$AD25 -> 68 | Q25: =B25+G25+L25 -> 4320 | R25: =C25+H25+M25 -> 1000 | S25: =D25+I25+N25 -> 640 | T25: =E25+J25+O25 -> 204 | U25: =F25+K25+P25 -> 272 | V25: =B25*战斗力计算!$B$8+C25*战斗力计算!$B$9+D25*战斗力计算!$B$10+E25*战斗力计算!$B$11+F25*战斗力计算!$B$12 -> 7360 | W25: =G25*战斗力计算!$B$8+H25*战斗力计算!$B$9+I25*战斗力计算!$B$10+J25*战斗力计算!$B$11+K25*战斗力计算!$B$12+L25*战斗力计算!$B$8+M25*战斗力计算!$B$9+N25*战斗力计算!$B$10+O25*战斗力计算!$B$11+P25*战斗力计算!$B$12 -> 22080 | X25: =V25+W25 -> 29440 | AC25: =VLOOKUP($A25,$Z$2:$AA$13,2,1)*$E$3 -> 2 | AD25: =VLOOKUP($A25,$Z$2:$AA$13,2,1)*$E$6 -> 1 | AF25: =T25/U25 -> 0.75 | AH25: =Q25/(R25-S25) -> 12 | AK25: =B25/D25 -> 6.75 | AL25: =C25/D25 -> 1.5625 | AM25: =D25/D25 -> 1 | AN25: =(G25+L25)/(I25+N25) -> 6.75 | AO25: =(H25+M25)/(I25+N25) -> 1.5625 | AP25: =(I25+N25)/(I25+N25) -> 1 | AR25: =(B25*1+C25*12+D25*12)/(E25*16+F25*8) -> 4.4117647 | AT25: =(G25*1+H25*12+I25*12+L25*1+M25*12+N25*12)/(J25*16+K25*8+O25*16+P25*8) -> 4.4117647 | AV25: =INT(C25*$H$5) -> 175 | AW25: =INT(C25*$H$3) -> 325
... A610: 600 | B610: =INT(VLOOKUP(B$10,$A$2:$C$7,2,0)+($A610-1)*VLOOKUP(B$10,$A$2:$C$7,3,0)) -> 36180 | C610: =INT(VLOOKUP(C$10,$A$2:$C$7,2,0)+($A610-1)*VLOOKUP(C$10,$A$2:$C$7,3,0)) -> 9025 | D610: =INT(VLOOKUP(D$10,$A$2:$C$7,2,0)+($A610-1)*VLOOKUP(D$10,$A$2:$C$7,3,0)) -> 6010 | E610: =INT(VLOOKUP(E$10,$A$2:$C$7,2,0)+($A610-1)*VLOOKUP(E$10,$A$2:$C$7,3,0)) -> 1806 | F610: =INT(VLOOKUP(F$10,$A$2:$C$7,2,0)+($A610-1)*VLOOKUP(F$10,$A$2:$C$7,3,0)) -> 2408 | G610: =HLOOKUP(G$10,$B$10:$F$610,$A610+1,0)*$AC610 -> 144720 | H610: =HLOOKUP(H$10,$B$10:$F$610,$A610+1,0)*$AC610 -> 36100 | I610: =HLOOKUP(I$10,$B$10:$F$610,$A610+1,0)*$AC610 -> 24040 | J610: =HLOOKUP(J$10,$B$10:$F$610,$A610+1,0)*$AC610 -> 7224 | K610: =HLOOKUP(K$10,$B$10:$F$610,$A610+1,0)*$AC610 -> 9632 | L610: =HLOOKUP(L$10,$B$10:$F$610,$A610+1,0)*$AD610 -> 72360 | M610: =HLOOKUP(M$10,$B$10:$F$610,$A610+1,0)*$AD610 -> 18050 | N610: =HLOOKUP(N$10,$B$10:$F$610,$A610+1,0)*$AD610 -> 12020 | O610: =HLOOKUP(O$10,$B$10:$F$610,$A610+1,0)*$AD610 -> 3612 | P610: =HLOOKUP(P$10,$B$10:$F$610,$A610+1,0)*$AD610 -> 4816 | Q610: =B610+G610+L610 -> 253260 | R610: =C610+H610+M610 -> 63175 | S610: =D610+I610+N610 -> 42070 | T610: =E610+J610+O610 -> 12642 | U610: =F610+K610+P610 -> 16856 | V610: =B610*战斗力计算!$B$8+C610*战斗力计算!$B$9+D610*战斗力计算!$B$10+E610*战斗力计算!$B$11+F610*战斗力计算!$B$12 -> 264760 | W610: =G610*战斗力计算!$B$8+H610*战斗力计算!$B$9+I610*战斗力计算!$B$10+J610*战斗力计算!$B$11+K610*战斗力计算!$B$12+L610*战斗力计算!$B$8+M610*战斗力计算!$B$9+N610*战斗力计算!$B$10+O610*战斗力计算!$B$11+P610*战斗力计算!$B$12 -> 1588560 | X610: =V610+W610 -> 1853320 | AC610: =VLOOKUP($A610,$Z$2:$AA$13,2,1)*$E$3 -> 4 | AD610: =VLOOKUP($A610,$Z$2:$AA$13,2,1)*$E$6 -> 2 | AF610: =T610/U610 -> 0.75 | AH610: =Q610/(R610-S610) -> 12 | AK610: =B610/D610 -> 6.0199667 | AL610: =C610/D610 -> 1.5016639 | AM610: =D610/D610 -> 1 | AN610: =(G610+L610)/(I610+N610) -> 6.0199667 | AO610: =(H610+M610)/(I610+N610) -> 1.5016639 | AP610: =(I610+N610)/(I610+N610) -> 1 | AR610: =(B610*1+C610*12+D610*12)/(E610*16+F610*8) -> 4.4975083 | AT610: =(G610*1+H610*12+I610*12+L610*1+M610*12+N610*12)/(J610*16+K610*8+O610*16+P610*8) -> 4.4975083 | AV610: =INT(C610*$H$5) -> 6317 | AW610: =INT(C610*$H$3) -> 11732
