Workbook

Sheet 等级经验
A1: 等级 | B1: 需完成关卡数 | C1: 关卡经验 | D1: 所需经验 | E1: 累计关卡数 | F1: 体力消耗 | G1: 累计消耗体力 | H1: 关卡时长（分） | I1: 小计时长（分） | J1: 总计（分） | K1: 总计（时）
A2: 1 | B2: 1 | C2: 500 | D2: =B2*C2 -> 500 | E2: =B2 -> 1 | F2: 6 | G2: =E2*F2 -> 6 | H2: 1 | J2: =SUM(I2:I121) -> 17829 | K2: =J2/60 -> 297.15
A3: 2 | B3: =B2 -> 1 | C3: =C2 -> 500 | D3: =B3*C3 -> 500 | E3: =B3+E2 -> 2 | F3: 6 | G3: =E3*F3 -> 12
A4: 3 | B4: =B3 -> 1 | C4: =C3 -> 500 | D4: =B4*C4 -> 500 | E4: =B4+E3 -> 3 | F4: 6 | G4: =E4*F4 -> 18
A5: 4 | B5: =B4 -> 1 | C5: =C4 -> 500 | D5: =B5*C5 -> 500 | E5: =B5+E4 -> 4 | F5: 6 | G5: =E5*F5 -> 24
A6: 5 | B6: 5 | C6: =C5 -> 500 | D6: =B6*C6 -> 2500 | E6: =B6+E5 -> 9 | F6: 6 | G6: =E6*F6 -> 54
A7: 6 | B7: =B6 -> 5 | C7: =C6 -> 500 | D7: =B7*C7 -> 2500 | E7: =B7+E6 -> 14 | F7: 6 | G7: =E7*F7 -> 84
A8: 7 | B8: =B7 -> 5 | C8: =C7 -> 500 | D8: =B8*C8 -> 2500 | E8: =B8+E7 -> 19 | F8: 6 | G8: =E8*F8 -> 114
A9: 8 | B9: =B8 -> 5 | C9: =C8 -> 500 | D9: =B9*C9 -> 2500 | E9: =B9+E8 -> 24 | F9: 6 | G9: =E9*F9 -> 144
A10: 9 | B10: =B9 -> 5 | C10: =C9 -> 500 | D10: =B10*C10 -> 2500 | E10: =B10+E9 -> 29 | F10: 6 | G10: =E10*F10 -> 174
A11: 10 | B11: 10 | C11: =C10 -> 500 | D11: =B11*C11 -> 5000 | E11: =B11+E10 -> 39 | F11: 6 | G11: =E11*F11 -> 234 | I11: =SUM(B2:B11)*H2 -> 39
A12: 11 | B12: =B11 -> 10 | C12: =C11 -> 500 | D12: =B12*C12 -> 5000 | E12: =B12+E11 -> 49 | F12: 6 | G12: =E12*F12 -> 294
A13: 12 | B13: =B12 -> 10 | C13: =C12 -> 500 | D13: =B13*C13 -> 5000 | E13: =B13+E12 -> 59 | F13: 6 | G13: =E13*F13 -> 354
A14: 13 | B14: =B13 -> 10 | C14: =C13 -> 500 | D14: =B14*C14 -> 5000 | E14: =B14+E13 -> 69 | F14: 6 | G14: =E14*F14 -> 414
A15: 14 | B15: =B14 -> 10 | C15: =C14 -> 500 | D15: =B15*C15 -> 5000 | E15: =B15+E14 -> 79 | F15: 6 | G15: =E15*F15 -> 474
A16: 15 | B16: 20 | C16: =C15 -> 500 | D16: =B16*C16 -> 10000 | E16: =B16+E15 -> 99 | F16: 6 | G16: =E16*F16 -> 594
A17: 16 | B17: =B16 -> 20 | C17: =C16 -> 500 | D17: =B17*C17 -> 10000 | E17: =B17+E16 -> 119 | F17: 6 | G17: =E17*F17 -> 714
A18: 17 | B18: =B17 -> 20 | C18: =C17 -> 500 | D18: =B18*C18 -> 10000 | E18: =B18+E17 -> 139 | F18: 6 | G18: =E18*F18 -> 834
A19: 18 | B19: =B18 -> 20 | C19: =C18 -> 500 | D19: =B19*C19 -> 10000 | E19: =B19+E18 -> 159 | F19: 6 | G19: =E19*F19 -> 954
A20: 19 | B20: =B19 -> 20 | C20: =C19 -> 500 | D20: =B20*C20 -> 10000 | E20: =B20+E19 -> 179 | F20: 6 | G20: =E20*F20 -> 1074
A21: 20 | B21: 30 | C21: =C20 -> 500 | D21: =B21*C21 -> 15000 | E21: =B21+E20 -> 209 | F21: 6 | G21: =E21*F21 -> 1254 | I21: =SUM(B12:B21)*H2 -> 170
A22: 21 | B22: =B21 -> 30 | C22: =C21 -> 500 | D22: =B22*C22 -> 15000 | E22: =B22+E21 -> 239 | F22: 6 | G22: =E22*F22 -> 1434
A23: 22 | B23: =B22 -> 30 | C23: =C22 -> 500 | D23: =B23*C23 -> 15000 | E23: =B23+E22 -> 269 | F23: 6 | G23: =E23*F23 -> 1614
A24: 23 | B24: =B23 -> 30 | C24: =C23 -> 500 | D24: =B24*C24 -> 15000 | E24: =B24+E23 -> 299 | F24: 6 | G24: =E24*F24 -> 1794
A25: 24 | B25: =B24 -> 30 | C25: =C24 -> 500 | D25: =B25*C25 -> 15000 | E25: =B25+E24 -> 329 | F25: 6 | G25: =E25*F25 -> 1974
A26: 25 | B26: =B25 -> 30 | C26: =C25 -> 500 | D26: =B26*C26 -> 15000 | E26: =B26+E25 -> 359 | F26: 6 | G26: =E26*F26 -> 2154
A27: 26 | B27: =B26 -> 30 | C27: =C26 -> 500 | D27: =B27*C27 -> 15000 | E27: =B27+E26 -> 389 | F27: 6 | G27: =E27*F27 -> 2334
A28: 27 | B28: =B27 -> 30 | C28: =C27 -> 500 | D28: =B28*C28 -> 15000 | E28: =B28+E27 -> 419 | F28: 6 | G28: =E28*F28 -> 2514
A29: 28 | B29: =B28 -> 30 | C29: =C28 -> 500 | D29: =B29*C29 -> 15000 | E29: =B29+E28 -> 449 | F29: 6 | G29: =E29*F29 -> 2694
A30: 29 | B30: =B29 -> 30 | C30: =C29 -> 500 | D30: =B30*C30 -> 15000 | E30: =B30+E29 -> 479 | F30: 6 | G30: =E30*F30 -> 2874
A31: 30 | B31: 50 | C31: =C30 -> 500 | D31: =B31*C31 -> 25000 | E31: =B31+E30 -> 529 | F31: 6 | G31: =E31*F31 -> 3174 | I31: =SUM(B22:B31)*H2 -> 320
A32: 31 | B32: =B31 -> 50 | C32: =C31 -> 500 | D32: =B32*C32 -> 25000 | E32: =B32+E31 -> 579 | F32: 6 | G32: =E32*F32 -> 3474
A33: 32 | B33: =B32 -> 50 | C33: =C32 -> 500 | D33: =B33*C33 -> 25000 | E33: =B33+E32 -> 629 | F33: 6 | G33: =E33*F33 -> 3774
A34: 33 | B34: =B33 -> 50 | C34: =C33 -> 500 | D34: =B34*C34 -> 25000 | E34: =B34+E33 -> 679 | F34: 6 | G34: =E34*F34 -> 4074
A35: 34 | B35: =B34 -> 50 | C35: =C34 -> 500 | D35: =B35*C35 -> 25000 | E35: =B35+E34 -> 729 | F35: 6 | G35: =E35*F35 -> 4374
A36: 35 | B36: =B35 -> 50 | C36: =C35 -> 500 | D36: =B36*C36 -> 25000 | E36: =B36+E35 -> 779 | F36: 6 | G36: =E36*F36 -> 4674
A37: 36 | B37: =B36 -> 50 | C37: =C36 -> 500 | D37: =B37*C37 -> 25000 | E37: =B37+E36 -> 829 | F37: 6 | G37: =E37*F37 -> 4974
A38: 37 | B38: =B37 -> 50 | C38: =C37 -> 500 | D38: =B38*C38 -> 25000 | E38: =B38+E37 -> 879 | F38: 6 | G38: =E38*F38 -> 5274
A39: 38 | B39: =B38 -> 50 | C39: =C38 -> 500 | D39: =B39*C39 -> 25000 | E39: =B39+E38 -> 929 | F39: 6 | G39: =E39*F39 -> 5574
A40: 39 | B40: =B39 -> 50 | C40: =C39 -> 500 | D40: =B40*C40 -> 25000 | E40: =B40+E39 -> 979 | F40: 6 | G40: =E40*F40 -> 5874
A41: 40 | B41: 80 | C41: =C40 -> 500 | D41: =B41*C41 -> 40000 | E41: =B41+E40 -> 1059 | F41: 6 | G41: =E41*F41 -> 6354 | I41: =SUM(B32:B41)*H2 -> 530
A42: 41 | B42: =B41 -> 80 | C42: =C41 -> 500 | D42: =B42*C42 -> 40000 | E42: =B42+E41 -> 1139 | F42: 6 | G42: =E42*F42 -> 6834
A43: 42 | B43: =B42 -> 80 | C43: =C42 -> 500 | D43: =B43*C43 -> 40000 | E43: =B43+E42 -> 1219 | F43: 6 | G43: =E43*F43 -> 7314
A44: 43 | B44: =B43 -> 80 | C44: =C43 -> 500 | D44: =B44*C44 -> 40000 | E44: =B44+E43 -> 1299 | F44: 6 | G44: =E44*F44 -> 7794
A45: 44 | B45: =B44 -> 80 | C45: =C44 -> 500 | D45: =B45*C45 -> 40000 | E45: =B45+E44 -> 1379 | F45: 6 | G45: =E45*F45 -> 8274
A46: 45 | B46: =B45 -> 80 | C46: =C45 -> 500 | D46: =B46*C46 -> 40000 | E46: =B46+E45 -> 1459 | F46: 6 | G46: =E46*F46 -> 8754
A47: 46 | B47: =B46 -> 80 | C47: =C46 -> 500 | D47: =B47*C47 -> 40000 | E47: =B47+E46 -> 1539 | F47: 6 | G47: =E47*F47 -> 9234
A48: 47 | B48: =B47 -> 80 | C48: =C47 -> 500 | D48: =B48*C48 -> 40000 | E48: =B48+E47 -> 1619 | F48: 6 | G48: =E48*F48 -> 9714
A49: 48 | B49: =B48 -> 80 | C49: =C48 -> 500 | D49: =B49*C49 -> 40000 | E49: =B49+E48 -> 1699 | F49: 6 | G49: =E49*F49 -> 10194
A50: 49 | B50: =B49 -> 80 | C50: =C49 -> 500 | D50: =B50*C50 -> 40000 | E50: =B50+E49 -> 1779 | F50: 6 | G50: =E50*F50 -> 10674
A51: 50 | B51: 120 | C51: =C50 -> 500 | D51: =B51*C51 -> 60000 | E51: =B51+E50 -> 1899 | F51: 6 | G51: =E51*F51 -> 11394 | I51: =SUM(B42:B51)*H2 -> 840
A52: 51 | B52: =B51 -> 120 | C52: =C51 -> 500 | D52: =B52*C52 -> 60000 | E52: =B52+E51 -> 2019 | F52: 6 | G52: =E52*F52 -> 12114
A53: 52 | B53: =B52 -> 120 | C53: =C52 -> 500 | D53: =B53*C53 -> 60000 | E53: =B53+E52 -> 2139 | F53: 6 | G53: =E53*F53 -> 12834
A54: 53 | B54: =B53 -> 120 | C54: =C53 -> 500 | D54: =B54*C54 -> 60000 | E54: =B54+E53 -> 2259 | F54: 6 | G54: =E54*F54 -> 13554
A55: 54 | B55: =B54 -> 120 | C55: =C54 -> 500 | D55: =B55*C55 -> 60000 | E55: =B55+E54 -> 2379 | F55: 6 | G55: =E55*F55 -> 14274
A56: 55 | B56: =B55 -> 120 | C56: =C55 -> 500 | D56: =B56*C56 -> 60000 | E56: =B56+E55 -> 2499 | F56: 6 | G56: =E56*F56 -> 14994
A57: 56 | B57: =B56 -> 120 | C57: =C56 -> 500 | D57: =B57*C57 -> 60000 | E57: =B57+E56 -> 2619 | F57: 6 | G57: =E57*F57 -> 15714
A58: 57 | B58: =B57 -> 120 | C58: =C57 -> 500 | D58: =B58*C58 -> 60000 | E58: =B58+E57 -> 2739 | F58: 6 | G58: =E58*F58 -> 16434
A59: 58 | B59: =B58 -> 120 | C59: =C58 -> 500 | D59: =B59*C59 -> 60000 | E59: =B59+E58 -> 2859 | F59: 6 | G59: =E59*F59 -> 17154
A60: 59 | B60: =B59 -> 120 | C60: =C59 -> 500 | D60: =B60*C60 -> 60000 | E60: =B60+E59 -> 2979 | F60: 6 | G60: =E60*F60 -> 17874
A61: 60 | B61: 150 | C61: =C60 -> 500 | D61: =B61*C61 -> 75000 | E61: =B61+E60 -> 3129 | F61: 6 | G61: =E61*F61 -> 18774 | I61: =SUM(B52:B61)*H2 -> 1230
A62: 61 | B62: =B61 -> 150 | C62: =C61 -> 500 | D62: =B62*C62 -> 75000 | E62: =B62+E61 -> 3279 | F62: 6 | G62: =E62*F62 -> 19674
A63: 62 | B63: =B62 -> 150 | C63: =C62 -> 500 | D63: =B63*C63 -> 75000 | E63: =B63+E62 -> 3429 | F63: 6 | G63: =E63*F63 -> 20574
A64: 63 | B64: =B63 -> 150 | C64: =C63 -> 500 | D64: =B64*C64 -> 75000 | E64: =B64+E63 -> 3579 | F64: 6 | G64: =E64*F64 -> 21474
A65: 64 | B65: =B64 -> 150 | C65: =C64 -> 500 | D65: =B65*C65 -> 75000 | E65: =B65+E64 -> 3729 | F65: 6 | G65: =E65*F65 -> 22374
A66: 65 | B66: =B65 -> 150 | C66: =C65 -> 500 | D66: =B66*C66 -> 75000 | E66: =B66+E65 -> 3879 | F66: 6 | G66: =E66*F66 -> 23274
A67: 66 | B67: =B66 -> 150 | C67: =C66 -> 500 | D67: =B67*C67 -> 75000 | E67: =B67+E66 -> 4029 | F67: 6 | G67: =E67*F67 -> 24174
A68: 67 | B68: =B67 -> 150 | C68: =C67 -> 500 | D68: =B68*C68 -> 75000 | E68: =B68+E67 -> 4179 | F68: 6 | G68: =E68*F68 -> 25074
A69: 68 | B69: =B68 -> 150 | C69: =C68 -> 500 | D69: =B69*C69 -> 75000 | E69: =B69+E68 -> 4329 | F69: 6 | G69: =E69*F69 -> 25974
A70: 69 | B70: =B69 -> 150 | C70: =C69 -> 500 | D70: =B70*C70 -> 75000 | E70: =B70+E69 -> 4479 | F70: 6 | G70: =E70*F70 -> 26874
A71: 70 | B71: 180 | C71: =C70 -> 500 | D71: =B71*C71 -> 90000 | E71: =B71+E70 -> 4659 | F71: 6 | G71: =E71*F71 -> 27954 | I71: =SUM(B62:B71)*H2 -> 1530
A72: 71 | B72: =B71 -> 180 | C72: =C71 -> 500 | D72: =B72*C72 -> 90000 | E72: =B72+E71 -> 4839 | F72: 6 | G72: =E72*F72 -> 29034
A73: 72 | B73: =B72 -> 180 | C73: =C72 -> 500 | D73: =B73*C73 -> 90000 | E73: =B73+E72 -> 5019 | F73: 6 | G73: =E73*F73 -> 30114
A74: 73 | B74: =B73 -> 180 | C74: =C73 -> 500 | D74: =B74*C74 -> 90000 | E74: =B74+E73 -> 5199 | F74: 6 | G74: =E74*F74 -> 31194
A75: 74 | B75: =B74 -> 180 | C75: =C74 -> 500 | D75: =B75*C75 -> 90000 | E75: =B75+E74 -> 5379 | F75: 6 | G75: =E75*F75 -> 32274
A76: 75 | B76: =B75 -> 180 | C76: =C75 -> 500 | D76: =B76*C76 -> 90000 | E76: =B76+E75 -> 5559 | F76: 6 | G76: =E76*F76 -> 33354
A77: 76 | B77: =B76 -> 180 | C77: =C76 -> 500 | D77: =B77*C77 -> 90000 | E77: =B77+E76 -> 5739 | F77: 6 | G77: =E77*F77 -> 34434
A78: 77 | B78: =B77 -> 180 | C78: =C77 -> 500 | D78: =B78*C78 -> 90000 | E78: =B78+E77 -> 5919 | F78: 6 | G78: =E78*F78 -> 35514
A79: 78 | B79: =B78 -> 180 | C79: =C78 -> 500 | D79: =B79*C79 -> 90000 | E79: =B79+E78 -> 6099 | F79: 6 | G79: =E79*F79 -> 36594
A80: 79 | B80: =B79 -> 180 | C80: =C79 -> 500 | D80: =B80*C80 -> 90000 | E80: =B80+E79 -> 6279 | F80: 6 | G80: =E80*F80 -> 37674
A81: 80 | B81: 220 | C81: =C80 -> 500 | D81: =B81*C81 -> 110000 | E81: =B81+E80 -> 6499 | F81: 6 | G81: =E81*F81 -> 38994 | I81: =SUM(B72:B81)*H2 -> 1840
A82: 81 | B82: =B81 -> 220 | C82: =C81 -> 500 | D82: =B82*C82 -> 110000 | E82: =B82+E81 -> 6719 | F82: 6 | G82: =E82*F82 -> 40314
A83: 82 | B83: =B82 -> 220 | C83: =C82 -> 500 | D83: =B83*C83 -> 110000 | E83: =B83+E82 -> 6939 | F83: 6 | G83: =E83*F83 -> 41634
A84: 83 | B84: =B83 -> 220 | C84: =C83 -> 500 | D84: =B84*C84 -> 110000 | E84: =B84+E83 -> 7159 | F84: 6 | G84: =E84*F84 -> 42954
A85: 84 | B85: =B84 -> 220 | C85: =C84 -> 500 | D85: =B85*C85 -> 110000 | E85: =B85+E84 -> 7379 | F85: 6 | G85: =E85*F85 -> 44274
A86: 85 | B86: =B85 -> 220 | C86: =C85 -> 500 | D86: =B86*C86 -> 110000 | E86: =B86+E85 -> 7599 | F86: 6 | G86: =E86*F86 -> 45594
A87: 86 | B87: =B86 -> 220 | C87: =C86 -> 500 | D87: =B87*C87 -> 110000 | E87: =B87+E86 -> 7819 | F87: 6 | G87: =E87*F87 -> 46914
A88: 87 | B88: =B87 -> 220 | C88: =C87 -> 500 | D88: =B88*C88 -> 110000 | E88: =B88+E87 -> 8039 | F88: 6 | G88: =E88*F88 -> 48234
A89: 88 | B89: =B88 -> 220 | C89: =C88 -> 500 | D89: =B89*C89 -> 110000 | E89: =B89+E88 -> 8259 | F89: 6 | G89: =E89*F89 -> 49554
A90: 89 | B90: =B89 -> 220 | C90: =C89 -> 500 | D90: =B90*C90 -> 110000 | E90: =B90+E89 -> 8479 | F90: 6 | G90: =E90*F90 -> 50874
A91: 90 | B91: 250 | C91: =C90 -> 500 | D91: =B91*C91 -> 125000 | E91: =B91+E90 -> 8729 | F91: 6 | G91: =E91*F91 -> 52374 | I91: =SUM(B82:B91)*H2 -> 2230
A92: 91 | B92: =B91 -> 250 | C92: =C91 -> 500 | D92: =B92*C92 -> 125000 | E92: =B92+E91 -> 8979 | F92: 6 | G92: =E92*F92 -> 53874
A93: 92 | B93: =B92 -> 250 | C93: =C92 -> 500 | D93: =B93*C93 -> 125000 | E93: =B93+E92 -> 9229 | F93: 6 | G93: =E93*F93 -> 55374
A94: 93 | B94: =B93 -> 250 | C94: =C93 -> 500 | D94: =B94*C94 -> 125000 | E94: =B94+E93 -> 9479 | F94: 6 | G94: =E94*F94 -> 56874
A95: 94 | B95: =B94 -> 250 | C95: =C94 -> 500 | D95: =B95*C95 -> 125000 | E95: =B95+E94 -> 9729 | F95: 6 | G95: =E95*F95 -> 58374
A96: 95 | B96: =B95 -> 250 | C96: =C95 -> 500 | D96: =B96*C96 -> 125000 | E96: =B96+E95 -> 9979 | F96: 6 | G96: =E96*F96 -> 59874
A97: 96 | B97: =B96 -> 250 | C97: =C96 -> 500 | D97: =B97*C97 -> 125000 | E97: =B97+E96 -> 10229 | F97: 6 | G97: =E97*F97 -> 61374
A98: 97 | B98: =B97 -> 250 | C98: =C97 -> 500 | D98: =B98*C98 -> 125000 | E98: =B98+E97 -> 10479 | F98: 6 | G98: =E98*F98 -> 62874
A99: 98 | B99: =B98 -> 250 | C99: =C98 -> 500 | D99: =B99*C99 -> 125000 | E99: =B99+E98 -> 10729 | F99: 6 | G99: =E99*F99 -> 64374
A100: 99 | B100: =B99 -> 250 | C100: =C99 -> 500 | D100: =B100*C100 -> 125000 | E100: =B100+E99 -> 10979 | F100: 6 | G100: =E100*F100 -> 65874
...

Sheet 等级经验-新
A1: 等级 | B1: 所需经验 | C1: 需完成关卡数 | D1: 关卡成长步长 | E1: 累计关卡次数 | F1: 累计消耗体力 | G1: 小计时长（分） | H1: 总计（分） | I1: 总计（时） | J1: 关卡经验 | K1: 关卡时长（分） | L1: 体力消耗
A2: 1 | B2: =C2*J2 -> 500 | C2: 1 | D2: 1 | E2: 1 | F2: =E2*L2 -> 6 | H2: =SUM(G2:G121) -> 19470 | I2: =H2/60 -> 324.5 | J2: 500 | K2: 1 | L2: 6
A3: 2 | B3: =C3*J3 -> 1000 | C3: =C2+D2 -> 2 | D3: =D2 -> 1 | E3: =C3+E2 -> 3 | F3: =E3*L3 -> 18 | J3: =J2 -> 500 | L3: 6
A4: 3 | B4: =C4*J4 -> 1500 | C4: =C3+D3 -> 3 | D4: =D3 -> 1 | E4: =C4+E3 -> 6 | F4: =E4*L4 -> 36 | J4: =J3 -> 500 | L4: 6
A5: 4 | B5: =C5*J5 -> 2000 | C5: =C4+D4 -> 4 | D5: =D4 -> 1 | E5: =C5+E4 -> 10 | F5: =E5*L5 -> 60 | J5: =J4 -> 500 | L5: 6
A6: 5 | B6: =C6*J6 -> 2500 | C6: =C5+D5 -> 5 | D6: =D5 -> 1 | E6: =C6+E5 -> 15 | F6: =E6*L6 -> 90 | J6: =J5 -> 500 | L6: 6
A7: 6 | B7: =C7*J7 -> 3000 | C7: =C6+D6 -> 6 | D7: =D6 -> 1 | E7: =C7+E6 -> 21 | F7: =E7*L7 -> 126 | J7: =J6 -> 500 | L7: 6
A8: 7 | B8: =C8*J8 -> 3500 | C8: =C7+D7 -> 7 | D8: =D7 -> 1 | E8: =C8+E7 -> 28 | F8: =E8*L8 -> 168 | J8: =J7 -> 500 | L8: 6
A9: 8 | B9: =C9*J9 -> 4000 | C9: =C8+D8 -> 8 | D9: =D8 -> 1 | E9: =C9+E8 -> 36 | F9: =E9*L9 -> 216 | J9: =J8 -> 500 | L9: 6
A10: 9 | B10: =C10*J10 -> 4500 | C10: =C9+D9 -> 9 | D10: =D9 -> 1 | E10: =C10+E9 -> 45 | F10: =E10*L10 -> 270 | J10: =J9 -> 500 | L10: 6
A11: 10 | B11: =C11*J11 -> 5000 | C11: =C10+D10 -> 10 | D11: 3 | E11: =C11+E10 -> 55 | F11: =E11*L11 -> 330 | G11: =SUM(C2:C11)*K2 -> 55 | J11: =J10 -> 500 | L11: 6
A12: 11 | B12: =C12*J12 -> 6500 | C12: =C11+D11 -> 13 | D12: =D11 -> 3 | E12: =C12+E11 -> 68 | F12: =E12*L12 -> 408 | J12: =J11 -> 500 | L12: 6
A13: 12 | B13: =C13*J13 -> 8000 | C13: =C12+D12 -> 16 | D13: =D12 -> 3 | E13: =C13+E12 -> 84 | F13: =E13*L13 -> 504 | J13: =J12 -> 500 | L13: 6
A14: 13 | B14: =C14*J14 -> 9500 | C14: =C13+D13 -> 19 | D14: =D13 -> 3 | E14: =C14+E13 -> 103 | F14: =E14*L14 -> 618 | J14: =J13 -> 500 | L14: 6
A15: 14 | B15: =C15*J15 -> 11000 | C15: =C14+D14 -> 22 | D15: =D14 -> 3 | E15: =C15+E14 -> 125 | F15: =E15*L15 -> 750 | J15: =J14 -> 500 | L15: 6
A16: 15 | B16: =C16*J16 -> 12500 | C16: =C15+D15 -> 25 | D16: =D15 -> 3 | E16: =C16+E15 -> 150 | F16: =E16*L16 -> 900 | J16: =J15 -> 500 | L16: 6
A17: 16 | B17: =C17*J17 -> 14000 | C17: =C16+D16 -> 28 | D17: =D16 -> 3 | E17: =C17+E16 -> 178 | F17: =E17*L17 -> 1068 | J17: =J16 -> 500 | L17: 6
A18: 17 | B18: =C18*J18 -> 15500 | C18: =C17+D17 -> 31 | D18: =D17 -> 3 | E18: =C18+E17 -> 209 | F18: =E18*L18 -> 1254 | J18: =J17 -> 500 | L18: 6
A19: 18 | B19: =C19*J19 -> 17000 | C19: =C18+D18 -> 34 | D19: =D18 -> 3 | E19: =C19+E18 -> 243 | F19: =E19*L19 -> 1458 | J19: =J18 -> 500 | L19: 6
A20: 19 | B20: =C20*J20 -> 18500 | C20: =C19+D19 -> 37 | D20: =D19 -> 3 | E20: =C20+E19 -> 280 | F20: =E20*L20 -> 1680 | J20: =J19 -> 500 | L20: 6
A21: 20 | B21: =C21*J21 -> 20000 | C21: =C20+D20 -> 40 | D21: =D20 -> 3 | E21: =C21+E20 -> 320 | F21: =E21*L21 -> 1920 | G21: =SUM(C12:C21)*K2 -> 265 | J21: =J20 -> 500 | L21: 6
A22: 21 | B22: =C22*J22 -> 21500 | C22: =C21+D21 -> 43 | D22: =D21 -> 3 | E22: =C22+E21 -> 363 | F22: =E22*L22 -> 2178 | J22: =J21 -> 500 | L22: 6
A23: 22 | B23: =C23*J23 -> 23000 | C23: =C22+D22 -> 46 | D23: =D22 -> 3 | E23: =C23+E22 -> 409 | F23: =E23*L23 -> 2454 | J23: =J22 -> 500 | L23: 6
A24: 23 | B24: =C24*J24 -> 24500 | C24: =C23+D23 -> 49 | D24: =D23 -> 3 | E24: =C24+E23 -> 458 | F24: =E24*L24 -> 2748 | J24: =J23 -> 500 | L24: 6
A25: 24 | B25: =C25*J25 -> 26000 | C25: =C24+D24 -> 52 | D25: =D24 -> 3 | E25: =C25+E24 -> 510 | F25: =E25*L25 -> 3060 | J25: =J24 -> 500 | L25: 6
A26: 25 | B26: =C26*J26 -> 27500 | C26: =C25+D25 -> 55 | D26: =D25 -> 3 | E26: =C26+E25 -> 565 | F26: =E26*L26 -> 3390 | J26: =J25 -> 500 | L26: 6
A27: 26 | B27: =C27*J27 -> 29000 | C27: =C26+D26 -> 58 | D27: =D26 -> 3 | E27: =C27+E26 -> 623 | F27: =E27*L27 -> 3738 | J27: =J26 -> 500 | L27: 6
A28: 27 | B28: =C28*J28 -> 30500 | C28: =C27+D27 -> 61 | D28: =D27 -> 3 | E28: =C28+E27 -> 684 | F28: =E28*L28 -> 4104 | J28: =J27 -> 500 | L28: 6
A29: 28 | B29: =C29*J29 -> 32000 | C29: =C28+D28 -> 64 | D29: =D28 -> 3 | E29: =C29+E28 -> 748 | F29: =E29*L29 -> 4488 | J29: =J28 -> 500 | L29: 6
A30: 29 | B30: =C30*J30 -> 33500 | C30: =C29+D29 -> 67 | D30: =D29 -> 3 | E30: =C30+E29 -> 815 | F30: =E30*L30 -> 4890 | J30: =J29 -> 500 | L30: 6
A31: 30 | B31: =C31*J31 -> 35000 | C31: =C30+D30 -> 70 | D31: =D30 -> 3 | E31: =C31+E30 -> 885 | F31: =E31*L31 -> 5310 | G31: =SUM(C22:C31)*K2 -> 565 | J31: =J30 -> 500 | L31: 6
A32: 31 | B32: =C32*J32 -> 36500 | C32: =C31+D31 -> 73 | D32: =D31 -> 3 | E32: =C32+E31 -> 958 | F32: =E32*L32 -> 5748 | J32: =J31 -> 500 | L32: 6
A33: 32 | B33: =C33*J33 -> 38000 | C33: =C32+D32 -> 76 | D33: =D32 -> 3 | E33: =C33+E32 -> 1034 | F33: =E33*L33 -> 6204 | J33: =J32 -> 500 | L33: 6
A34: 33 | B34: =C34*J34 -> 39500 | C34: =C33+D33 -> 79 | D34: =D33 -> 3 | E34: =C34+E33 -> 1113 | F34: =E34*L34 -> 6678 | J34: =J33 -> 500 | L34: 6
A35: 34 | B35: =C35*J35 -> 41000 | C35: =C34+D34 -> 82 | D35: =D34 -> 3 | E35: =C35+E34 -> 1195 | F35: =E35*L35 -> 7170 | J35: =J34 -> 500 | L35: 6
A36: 35 | B36: =C36*J36 -> 42500 | C36: =C35+D35 -> 85 | D36: =D35 -> 3 | E36: =C36+E35 -> 1280 | F36: =E36*L36 -> 7680 | J36: =J35 -> 500 | L36: 6
A37: 36 | B37: =C37*J37 -> 44000 | C37: =C36+D36 -> 88 | D37: =D36 -> 3 | E37: =C37+E36 -> 1368 | F37: =E37*L37 -> 8208 | J37: =J36 -> 500 | L37: 6
A38: 37 | B38: =C38*J38 -> 45500 | C38: =C37+D37 -> 91 | D38: =D37 -> 3 | E38: =C38+E37 -> 1459 | F38: =E38*L38 -> 8754 | J38: =J37 -> 500 | L38: 6
A39: 38 | B39: =C39*J39 -> 47000 | C39: =C38+D38 -> 94 | D39: =D38 -> 3 | E39: =C39+E38 -> 1553 | F39: =E39*L39 -> 9318 | J39: =J38 -> 500 | L39: 6
A40: 39 | B40: =C40*J40 -> 48500 | C40: =C39+D39 -> 97 | D40: =D39 -> 3 | E40: =C40+E39 -> 1650 | F40: =E40*L40 -> 9900 | J40: =J39 -> 500 | L40: 6
A41: 40 | B41: =C41*J41 -> 50000 | C41: =C40+D40 -> 100 | D41: =D40 -> 3 | E41: =C41+E40 -> 1750 | F41: =E41*L41 -> 10500 | G41: =SUM(C32:C41)*K2 -> 865 | J41: =J40 -> 500 | L41: 6
A42: 41 | B42: =C42*J42 -> 51500 | C42: =C41+D41 -> 103 | D42: =D41 -> 3 | E42: =C42+E41 -> 1853 | F42: =E42*L42 -> 11118 | J42: =J41 -> 500 | L42: 6
A43: 42 | B43: =C43*J43 -> 53000 | C43: =C42+D42 -> 106 | D43: =D42 -> 3 | E43: =C43+E42 -> 1959 | F43: =E43*L43 -> 11754 | J43: =J42 -> 500 | L43: 6
A44: 43 | B44: =C44*J44 -> 54500 | C44: =C43+D43 -> 109 | D44: =D43 -> 3 | E44: =C44+E43 -> 2068 | F44: =E44*L44 -> 12408 | J44: =J43 -> 500 | L44: 6
A45: 44 | B45: =C45*J45 -> 56000 | C45: =C44+D44 -> 112 | D45: =D44 -> 3 | E45: =C45+E44 -> 2180 | F45: =E45*L45 -> 13080 | J45: =J44 -> 500 | L45: 6
A46: 45 | B46: =C46*J46 -> 57500 | C46: =C45+D45 -> 115 | D46: =D45 -> 3 | E46: =C46+E45 -> 2295 | F46: =E46*L46 -> 13770 | J46: =J45 -> 500 | L46: 6
A47: 46 | B47: =C47*J47 -> 59000 | C47: =C46+D46 -> 118 | D47: =D46 -> 3 | E47: =C47+E46 -> 2413 | F47: =E47*L47 -> 14478 | J47: =J46 -> 500 | L47: 6
A48: 47 | B48: =C48*J48 -> 60500 | C48: =C47+D47 -> 121 | D48: =D47 -> 3 | E48: =C48+E47 -> 2534 | F48: =E48*L48 -> 15204 | J48: =J47 -> 500 | L48: 6
A49: 48 | B49: =C49*J49 -> 62000 | C49: =C48+D48 -> 124 | D49: =D48 -> 3 | E49: =C49+E48 -> 2658 | F49: =E49*L49 -> 15948 | J49: =J48 -> 500 | L49: 6
A50: 49 | B50: =C50*J50 -> 63500 | C50: =C49+D49 -> 127 | D50: =D49 -> 3 | E50: =C50+E49 -> 2785 | F50: =E50*L50 -> 16710 | J50: =J49 -> 500 | L50: 6
A51: 50 | B51: =C51*J51 -> 65000 | C51: =C50+D50 -> 130 | D51: =D50 -> 3 | E51: =C51+E50 -> 2915 | F51: =E51*L51 -> 17490 | G51: =SUM(C42:C51)*K2 -> 1165 | J51: =J50 -> 500 | L51: 6
A52: 51 | B52: =C52*J52 -> 66500 | C52: =C51+D51 -> 133 | D52: =D51 -> 3 | E52: =C52+E51 -> 3048 | F52: =E52*L52 -> 18288 | J52: =J51 -> 500 | L52: 6
A53: 52 | B53: =C53*J53 -> 68000 | C53: =C52+D52 -> 136 | D53: =D52 -> 3 | E53: =C53+E52 -> 3184 | F53: =E53*L53 -> 19104 | J53: =J52 -> 500 | L53: 6
A54: 53 | B54: =C54*J54 -> 69500 | C54: =C53+D53 -> 139 | D54: =D53 -> 3 | E54: =C54+E53 -> 3323 | F54: =E54*L54 -> 19938 | J54: =J53 -> 500 | L54: 6
A55: 54 | B55: =C55*J55 -> 71000 | C55: =C54+D54 -> 142 | D55: =D54 -> 3 | E55: =C55+E54 -> 3465 | F55: =E55*L55 -> 20790 | J55: =J54 -> 500 | L55: 6
A56: 55 | B56: =C56*J56 -> 72500 | C56: =C55+D55 -> 145 | D56: =D55 -> 3 | E56: =C56+E55 -> 3610 | F56: =E56*L56 -> 21660 | J56: =J55 -> 500 | L56: 6
A57: 56 | B57: =C57*J57 -> 74000 | C57: =C56+D56 -> 148 | D57: =D56 -> 3 | E57: =C57+E56 -> 3758 | F57: =E57*L57 -> 22548 | J57: =J56 -> 500 | L57: 6
A58: 57 | B58: =C58*J58 -> 75500 | C58: =C57+D57 -> 151 | D58: =D57 -> 3 | E58: =C58+E57 -> 3909 | F58: =E58*L58 -> 23454 | J58: =J57 -> 500 | L58: 6
A59: 58 | B59: =C59*J59 -> 77000 | C59: =C58+D58 -> 154 | D59: =D58 -> 3 | E59: =C59+E58 -> 4063 | F59: =E59*L59 -> 24378 | J59: =J58 -> 500 | L59: 6
A60: 59 | B60: =C60*J60 -> 78500 | C60: =C59+D59 -> 157 | D60: =D59 -> 3 | E60: =C60+E59 -> 4220 | F60: =E60*L60 -> 25320 | J60: =J59 -> 500 | L60: 6
A61: 60 | B61: =C61*J61 -> 80000 | C61: =C60+D60 -> 160 | D61: =D60 -> 3 | E61: =C61+E60 -> 4380 | F61: =E61*L61 -> 26280 | G61: =SUM(C52:C61)*K2 -> 1465 | J61: =J60 -> 500 | L61: 6
A62: 61 | B62: =C62*J62 -> 81500 | C62: =C61+D61 -> 163 | D62: =D61 -> 3 | E62: =C62+E61 -> 4543 | F62: =E62*L62 -> 27258 | J62: =J61 -> 500 | L62: 6
A63: 62 | B63: =C63*J63 -> 83000 | C63: =C62+D62 -> 166 | D63: =D62 -> 3 | E63: =C63+E62 -> 4709 | F63: =E63*L63 -> 28254 | J63: =J62 -> 500 | L63: 6
A64: 63 | B64: =C64*J64 -> 84500 | C64: =C63+D63 -> 169 | D64: =D63 -> 3 | E64: =C64+E63 -> 4878 | F64: =E64*L64 -> 29268 | J64: =J63 -> 500 | L64: 6
A65: 64 | B65: =C65*J65 -> 86000 | C65: =C64+D64 -> 172 | D65: =D64 -> 3 | E65: =C65+E64 -> 5050 | F65: =E65*L65 -> 30300 | J65: =J64 -> 500 | L65: 6
A66: 65 | B66: =C66*J66 -> 87500 | C66: =C65+D65 -> 175 | D66: =D65 -> 3 | E66: =C66+E65 -> 5225 | F66: =E66*L66 -> 31350 | J66: =J65 -> 500 | L66: 6
A67: 66 | B67: =C67*J67 -> 89000 | C67: =C66+D66 -> 178 | D67: =D66 -> 3 | E67: =C67+E66 -> 5403 | F67: =E67*L67 -> 32418 | J67: =J66 -> 500 | L67: 6
A68: 67 | B68: =C68*J68 -> 90500 | C68: =C67+D67 -> 181 | D68: =D67 -> 3 | E68: =C68+E67 -> 5584 | F68: =E68*L68 -> 33504 | J68: =J67 -> 500 | L68: 6
A69: 68 | B69: =C69*J69 -> 92000 | C69: =C68+D68 -> 184 | D69: =D68 -> 3 | E69: =C69+E68 -> 5768 | F69: =E69*L69 -> 34608 | J69: =J68 -> 500 | L69: 6
A70: 69 | B70: =C70*J70 -> 93500 | C70: =C69+D69 -> 187 | D70: =D69 -> 3 | E70: =C70+E69 -> 5955 | F70: =E70*L70 -> 35730 | J70: =J69 -> 500 | L70: 6
A71: 70 | B71: =C71*J71 -> 95000 | C71: =C70+D70 -> 190 | D71: =D70 -> 3 | E71: =C71+E70 -> 6145 | F71: =E71*L71 -> 36870 | G71: =SUM(C62:C71)*K2 -> 1765 | J71: =J70 -> 500 | L71: 6
A72: 71 | B72: =C72*J72 -> 96500 | C72: =C71+D71 -> 193 | D72: =D71 -> 3 | E72: =C72+E71 -> 6338 | F72: =E72*L72 -> 38028 | J72: =J71 -> 500 | L72: 6
A73: 72 | B73: =C73*J73 -> 98000 | C73: =C72+D72 -> 196 | D73: =D72 -> 3 | E73: =C73+E72 -> 6534 | F73: =E73*L73 -> 39204 | J73: =J72 -> 500 | L73: 6
A74: 73 | B74: =C74*J74 -> 99500 | C74: =C73+D73 -> 199 | D74: =D73 -> 3 | E74: =C74+E73 -> 6733 | F74: =E74*L74 -> 40398 | J74: =J73 -> 500 | L74: 6
A75: 74 | B75: =C75*J75 -> 101000 | C75: =C74+D74 -> 202 | D75: =D74 -> 3 | E75: =C75+E74 -> 6935 | F75: =E75*L75 -> 41610 | J75: =J74 -> 500 | L75: 6
A76: 75 | B76: =C76*J76 -> 102500 | C76: =C75+D75 -> 205 | D76: =D75 -> 3 | E76: =C76+E75 -> 7140 | F76: =E76*L76 -> 42840 | J76: =J75 -> 500 | L76: 6
A77: 76 | B77: =C77*J77 -> 104000 | C77: =C76+D76 -> 208 | D77: =D76 -> 3 | E77: =C77+E76 -> 7348 | F77: =E77*L77 -> 44088 | J77: =J76 -> 500 | L77: 6
A78: 77 | B78: =C78*J78 -> 105500 | C78: =C77+D77 -> 211 | D78: =D77 -> 3 | E78: =C78+E77 -> 7559 | F78: =E78*L78 -> 45354 | J78: =J77 -> 500 | L78: 6
A79: 78 | B79: =C79*J79 -> 107000 | C79: =C78+D78 -> 214 | D79: =D78 -> 3 | E79: =C79+E78 -> 7773 | F79: =E79*L79 -> 46638 | J79: =J78 -> 500 | L79: 6
A80: 79 | B80: =C80*J80 -> 108500 | C80: =C79+D79 -> 217 | D80: =D79 -> 3 | E80: =C80+E79 -> 7990 | F80: =E80*L80 -> 47940 | J80: =J79 -> 500 | L80: 6
A81: 80 | B81: =C81*J81 -> 110000 | C81: =C80+D80 -> 220 | D81: =D80 -> 3 | E81: =C81+E80 -> 8210 | F81: =E81*L81 -> 49260 | G81: =SUM(C72:C81)*K2 -> 2065 | J81: =J80 -> 500 | L81: 6
A82: 81 | B82: =C82*J82 -> 111500 | C82: =C81+D81 -> 223 | D82: =D81 -> 3 | E82: =C82+E81 -> 8433 | F82: =E82*L82 -> 50598 | J82: =J81 -> 500 | L82: 6
A83: 82 | B83: =C83*J83 -> 113000 | C83: =C82+D82 -> 226 | D83: =D82 -> 3 | E83: =C83+E82 -> 8659 | F83: =E83*L83 -> 51954 | J83: =J82 -> 500 | L83: 6
A84: 83 | B84: =C84*J84 -> 114500 | C84: =C83+D83 -> 229 | D84: =D83 -> 3 | E84: =C84+E83 -> 8888 | F84: =E84*L84 -> 53328 | J84: =J83 -> 500 | L84: 6
A85: 84 | B85: =C85*J85 -> 116000 | C85: =C84+D84 -> 232 | D85: =D84 -> 3 | E85: =C85+E84 -> 9120 | F85: =E85*L85 -> 54720 | J85: =J84 -> 500 | L85: 6
A86: 85 | B86: =C86*J86 -> 117500 | C86: =C85+D85 -> 235 | D86: =D85 -> 3 | E86: =C86+E85 -> 9355 | F86: =E86*L86 -> 56130 | J86: =J85 -> 500 | L86: 6
A87: 86 | B87: =C87*J87 -> 119000 | C87: =C86+D86 -> 238 | D87: =D86 -> 3 | E87: =C87+E86 -> 9593 | F87: =E87*L87 -> 57558 | J87: =J86 -> 500 | L87: 6
A88: 87 | B88: =C88*J88 -> 120500 | C88: =C87+D87 -> 241 | D88: =D87 -> 3 | E88: =C88+E87 -> 9834 | F88: =E88*L88 -> 59004 | J88: =J87 -> 500 | L88: 6
A89: 88 | B89: =C89*J89 -> 122000 | C89: =C88+D88 -> 244 | D89: =D88 -> 3 | E89: =C89+E88 -> 10078 | F89: =E89*L89 -> 60468 | J89: =J88 -> 500 | L89: 6
A90: 89 | B90: =C90*J90 -> 123500 | C90: =C89+D89 -> 247 | D90: =D89 -> 3 | E90: =C90+E89 -> 10325 | F90: =E90*L90 -> 61950 | J90: =J89 -> 500 | L90: 6
A91: 90 | B91: =C91*J91 -> 125000 | C91: =C90+D90 -> 250 | D91: =D90 -> 3 | E91: =C91+E90 -> 10575 | F91: =E91*L91 -> 63450 | G91: =SUM(C82:C91)*K2 -> 2365 | J91: =J90 -> 500 | L91: 6
A92: 91 | B92: =C92*J92 -> 126500 | C92: =C91+D91 -> 253 | D92: =D91 -> 3 | E92: =C92+E91 -> 10828 | F92: =E92*L92 -> 64968 | J92: =J91 -> 500 | L92: 6
A93: 92 | B93: =C93*J93 -> 128000 | C93: =C92+D92 -> 256 | D93: =D92 -> 3 | E93: =C93+E92 -> 11084 | F93: =E93*L93 -> 66504 | J93: =J92 -> 500 | L93: 6
A94: 93 | B94: =C94*J94 -> 129500 | C94: =C93+D93 -> 259 | D94: =D93 -> 3 | E94: =C94+E93 -> 11343 | F94: =E94*L94 -> 68058 | J94: =J93 -> 500 | L94: 6
A95: 94 | B95: =C95*J95 -> 131000 | C95: =C94+D94 -> 262 | D95: =D94 -> 3 | E95: =C95+E94 -> 11605 | F95: =E95*L95 -> 69630 | J95: =J94 -> 500 | L95: 6
A96: 95 | B96: =C96*J96 -> 132500 | C96: =C95+D95 -> 265 | D96: =D95 -> 3 | E96: =C96+E95 -> 11870 | F96: =E96*L96 -> 71220 | J96: =J95 -> 500 | L96: 6
A97: 96 | B97: =C97*J97 -> 134000 | C97: =C96+D96 -> 268 | D97: =D96 -> 3 | E97: =C97+E96 -> 12138 | F97: =E97*L97 -> 72828 | J97: =J96 -> 500 | L97: 6
A98: 97 | B98: =C98*J98 -> 135500 | C98: =C97+D97 -> 271 | D98: =D97 -> 3 | E98: =C98+E97 -> 12409 | F98: =E98*L98 -> 74454 | J98: =J97 -> 500 | L98: 6
A99: 98 | B99: =C99*J99 -> 137000 | C99: =C98+D98 -> 274 | D99: =D98 -> 3 | E99: =C99+E98 -> 12683 | F99: =E99*L99 -> 76098 | J99: =J98 -> 500 | L99: 6
A100: 99 | B100: =C100*J100 -> 138500 | C100: =C99+D99 -> 277 | D100: =D99 -> 3 | E100: =C100+E99 -> 12960 | F100: =E100*L100 -> 77760 | J100: =J99 -> 500 | L100: 6
...

Sheet 攻击分赃比
B1: 武将分赃 | M1: 装备分赃 | AB1: 宝物分赃 | AL1: 战宠分赃 | AS1: 命星分赃
A2: 等级 | B2: 蓝 | C2: 紫 | D2: 橙 | E2: 红 | F2: 突破 | G2: 培养 | H2: 天命 | I2: 魂引 | J2: 觉醒 | K2: 缘份 | L2: 统计 | M2: 绿 | N2: 蓝 | O2: 紫 | P2: 橙 | Q2: 红 | R2: 精炼 | S2: 强化套 | T2: 精练套 | U2: 套装 | V2: 1星 | W2: 2星 | X2: 3星 | Y2: 4星 | Z2: 5星 | AA2: 统计 | AB2: 绿 | AC2: 蓝 | AD2: 紫 | AE2: 橙 | AF2: 红 | AG2: 精炼 | AH2: 强化套 | AI2: 精练套 | AJ2: 套装 | AK2: 统计 | AL2: 指数 | AM2: 1星 | AN2: 2星 | AO2: 3星 | AP2: 4星 | AQ2: 5星 | AR2: 统计 | AS2: 命星 | AT2: 总分赃值
A3: 1 | B3: 1.2 | C3: 1.5 | D3: 2 | E3: 2.5 | F3: 0.5 | G3: 0.3 | H3: 0.6 | I3: 0.3 | J3: 0.8 | K3: 1.2 | L3: =SUM(K3,J3,I3,H3,G3,F3,E3) -> 6.2 | M3: 1.5 | N3: 2 | O3: 2.5 | P3: 3 | Q3: 3.5 | R3: 0.75 | S3: 0.3 | T3: 0.3 | U3: 0.05 | V3: 0.2 | W3: 0.3 | X3: 0.5 | Y3: 0.8 | Z3: 1.2 | AA3: =Q3*(1+Z3)+R3+S3+T3+U3 -> 9.1 | AB3: 1 | AC3: 1.2 | AD3: 1.5 | AE3: 2 | AF3: 2.5 | AG3: 0.5 | AH3: 0.2 | AI3: 0.2 | AJ3: 0.03 | AK3: =AF3+AG3+AH3+AI3+AJ3 -> 3.43 | AL3: 1.2 | AM3: 0.2 | AN3: 0.3 | AO3: 0.5 | AP3: 0.8 | AQ3: 1.2 | AR3: =AL3*(1+AQ3) -> 2.64 | AS3: 0.2 | AT3: =SUM(L3,AA3,AK3,AR3,AS3) -> 21.57
A4: 2 | B4: =B3 -> 1.2 | C4: =C3 -> 1.5 | D4: =D3 -> 2 | E4: =E3 -> 2.5 | F4: =F3 -> 0.5 | G4: =G3 -> 0.3 | H4: =H3 -> 0.6 | I4: =I3 -> 0.3 | ... K4: =K3 -> 1.2 | M4: =M3 -> 1.5 | N4: =N3 -> 2 | O4: =O3 -> 2.5 | P4: =P3 -> 3 | Q4: =Q3 -> 3.5 | R4: =R3 -> 0.75 | S4: =S3 -> 0.3 | T4: =T3 -> 0.3 | ... Z4: =Z3 -> 1.2 | AB4: =AB3 -> 1 | AC4: =AC3 -> 1.2 | AD4: =AD3 -> 1.5 | AE4: =AE3 -> 2 | AF4: =AF3 -> 2.5 | AG4: =AG3 -> 0.5 | AH4: =AH3 -> 0.2 | AI4: =AI3 -> 0.2 | AJ4: =AJ3 -> 0.03 | AL4: =AL3 -> 1.2 | AM4: =AM3 -> 0.2 | AN4: =AN3 -> 0.3 | AO4: =AO3 -> 0.5 | AP4: =AP3 -> 0.8 | AQ4: =AQ3 -> 1.2 | AS4: =AS3 -> 0.2
A5: 3 | B5: =B4 -> 1.2 | C5: =C4 -> 1.5 | D5: =D4 -> 2 | E5: =E4 -> 2.5 | F5: =F4 -> 0.5 | G5: =G4 -> 0.3 | H5: =H4 -> 0.6 | I5: =I4 -> 0.3 | ... K5: =K4 -> 1.2 | M5: =M4 -> 1.5 | N5: =N4 -> 2 | O5: =O4 -> 2.5 | P5: =P4 -> 3 | Q5: =Q4 -> 3.5 | R5: =R4 -> 0.75 | S5: =S4 -> 0.3 | T5: =T4 -> 0.3 | ... Z5: =Z4 -> 1.2 | AB5: =AB4 -> 1 | AC5: =AC4 -> 1.2 | AD5: =AD4 -> 1.5 | AE5: =AE4 -> 2 | AF5: =AF4 -> 2.5 | AG5: =AG4 -> 0.5 | AH5: =AH4 -> 0.2 | AI5: =AI4 -> 0.2 | AJ5: =AJ4 -> 0.03 | AL5: =AL4 -> 1.2 | AM5: =AM4 -> 0.2 | AN5: =AN4 -> 0.3 | AO5: =AO4 -> 0.5 | AP5: =AP4 -> 0.8 | AQ5: =AQ4 -> 1.2 | AS5: =AS4 -> 0.2
A6: 4 | B6: =B5 -> 1.2 | C6: =C5 -> 1.5 | D6: =D5 -> 2 | E6: =E5 -> 2.5 | F6: =F5 -> 0.5 | G6: =G5 -> 0.3 | H6: =H5 -> 0.6 | I6: =I5 -> 0.3 | ... K6: =K5 -> 1.2 | M6: =M5 -> 1.5 | N6: =N5 -> 2 | O6: =O5 -> 2.5 | P6: =P5 -> 3 | Q6: =Q5 -> 3.5 | R6: =R5 -> 0.75 | S6: =S5 -> 0.3 | T6: =T5 -> 0.3 | ... Z6: =Z5 -> 1.2 | AB6: =AB5 -> 1 | AC6: =AC5 -> 1.2 | AD6: =AD5 -> 1.5 | AE6: =AE5 -> 2 | AF6: =AF5 -> 2.5 | AG6: =AG5 -> 0.5 | AH6: =AH5 -> 0.2 | AI6: =AI5 -> 0.2 | AJ6: =AJ5 -> 0.03 | AL6: =AL5 -> 1.2 | AM6: =AM5 -> 0.2 | AN6: =AN5 -> 0.3 | AO6: =AO5 -> 0.5 | AP6: =AP5 -> 0.8 | AQ6: =AQ5 -> 1.2 | AS6: =AS5 -> 0.2
A7: 5 | B7: =B6 -> 1.2 | C7: =C6 -> 1.5 | D7: =D6 -> 2 | E7: =E6 -> 2.5 | F7: =F6 -> 0.5 | G7: =G6 -> 0.3 | H7: =H6 -> 0.6 | I7: =I6 -> 0.3 | ... K7: =K6 -> 1.2 | M7: =M6 -> 1.5 | N7: =N6 -> 2 | O7: =O6 -> 2.5 | P7: =P6 -> 3 | Q7: =Q6 -> 3.5 | R7: =R6 -> 0.75 | S7: =S6 -> 0.3 | T7: =T6 -> 0.3 | ... Z7: =Z6 -> 1.2 | AB7: =AB6 -> 1 | AC7: =AC6 -> 1.2 | AD7: =AD6 -> 1.5 | AE7: =AE6 -> 2 | AF7: =AF6 -> 2.5 | AG7: =AG6 -> 0.5 | AH7: =AH6 -> 0.2 | AI7: =AI6 -> 0.2 | AJ7: =AJ6 -> 0.03 | AL7: =AL6 -> 1.2 | AM7: =AM6 -> 0.2 | AN7: =AN6 -> 0.3 | AO7: =AO6 -> 0.5 | AP7: =AP6 -> 0.8 | AQ7: =AQ6 -> 1.2 | AS7: =AS6 -> 0.2
A8: 6 | B8: =B7 -> 1.2 | C8: =C7 -> 1.5 | D8: =D7 -> 2 | E8: =E7 -> 2.5 | F8: =F7 -> 0.5 | G8: =G7 -> 0.3 | H8: =H7 -> 0.6 | I8: =I7 -> 0.3 | ... K8: =K7 -> 1.2 | M8: =M7 -> 1.5 | N8: =N7 -> 2 | O8: =O7 -> 2.5 | P8: =P7 -> 3 | Q8: =Q7 -> 3.5 | R8: =R7 -> 0.75 | S8: =S7 -> 0.3 | T8: =T7 -> 0.3 | ... Z8: =Z7 -> 1.2 | AB8: =AB7 -> 1 | AC8: =AC7 -> 1.2 | AD8: =AD7 -> 1.5 | AE8: =AE7 -> 2 | AF8: =AF7 -> 2.5 | AG8: =AG7 -> 0.5 | AH8: =AH7 -> 0.2 | AI8: =AI7 -> 0.2 | AJ8: =AJ7 -> 0.03 | AL8: =AL7 -> 1.2 | AM8: =AM7 -> 0.2 | AN8: =AN7 -> 0.3 | AO8: =AO7 -> 0.5 | AP8: =AP7 -> 0.8 | AQ8: =AQ7 -> 1.2 | AS8: =AS7 -> 0.2
A9: 7 | B9: =B8 -> 1.2 | C9: =C8 -> 1.5 | D9: =D8 -> 2 | E9: =E8 -> 2.5 | F9: =F8 -> 0.5 | G9: =G8 -> 0.3 | H9: =H8 -> 0.6 | I9: =I8 -> 0.3 | ... K9: =K8 -> 1.2 | M9: =M8 -> 1.5 | N9: =N8 -> 2 | O9: =O8 -> 2.5 | P9: =P8 -> 3 | Q9: =Q8 -> 3.5 | R9: =R8 -> 0.75 | S9: =S8 -> 0.3 | T9: =T8 -> 0.3 | ... Z9: =Z8 -> 1.2 | AB9: =AB8 -> 1 | AC9: =AC8 -> 1.2 | AD9: =AD8 -> 1.5 | AE9: =AE8 -> 2 | AF9: =AF8 -> 2.5 | AG9: =AG8 -> 0.5 | AH9: =AH8 -> 0.2 | AI9: =AI8 -> 0.2 | AJ9: =AJ8 -> 0.03 | AL9: =AL8 -> 1.2 | AM9: =AM8 -> 0.2 | AN9: =AN8 -> 0.3 | AO9: =AO8 -> 0.5 | AP9: =AP8 -> 0.8 | AQ9: =AQ8 -> 1.2 | AS9: =AS8 -> 0.2
A10: 8 | B10: =B9 -> 1.2 | C10: =C9 -> 1.5 | D10: =D9 -> 2 | E10: =E9 -> 2.5 | F10: =F9 -> 0.5 | G10: =G9 -> 0.3 | H10: =H9 -> 0.6 | I10: =I9 -> 0.3 | ... K10: =K9 -> 1.2 | M10: =M9 -> 1.5 | N10: =N9 -> 2 | O10: =O9 -> 2.5 | P10: =P9 -> 3 | Q10: =Q9 -> 3.5 | R10: =R9 -> 0.75 | S10: =S9 -> 0.3 | T10: =T9 -> 0.3 | ... Z10: =Z9 -> 1.2 | AB10: =AB9 -> 1 | AC10: =AC9 -> 1.2 | AD10: =AD9 -> 1.5 | AE10: =AE9 -> 2 | AF10: =AF9 -> 2.5 | AG10: =AG9 -> 0.5 | AH10: =AH9 -> 0.2 | AI10: =AI9 -> 0.2 | AJ10: =AJ9 -> 0.03 | AL10: =AL9 -> 1.2 | AM10: =AM9 -> 0.2 | AN10: =AN9 -> 0.3 | AO10: =AO9 -> 0.5 | AP10: =AP9 -> 0.8 | AQ10: =AQ9 -> 1.2 | AS10: =AS9 -> 0.2
A11: 9 | B11: =B10 -> 1.2 | C11: =C10 -> 1.5 | D11: =D10 -> 2 | E11: =E10 -> 2.5 | F11: =F10 -> 0.5 | G11: =G10 -> 0.3 | H11: =H10 -> 0.6 | I11: =I10 -> 0.3 | ... K11: =K10 -> 1.2 | M11: =M10 -> 1.5 | N11: =N10 -> 2 | O11: =O10 -> 2.5 | P11: =P10 -> 3 | Q11: =Q10 -> 3.5 | R11: =R10 -> 0.75 | S11: =S10 -> 0.3 | T11: =T10 -> 0.3 | ... Z11: =Z10 -> 1.2 | AB11: =AB10 -> 1 | AC11: =AC10 -> 1.2 | AD11: =AD10 -> 1.5 | AE11: =AE10 -> 2 | AF11: =AF10 -> 2.5 | AG11: =AG10 -> 0.5 | AH11: =AH10 -> 0.2 | AI11: =AI10 -> 0.2 | AJ11: =AJ10 -> 0.03 | AL11: =AL10 -> 1.2 | AM11: =AM10 -> 0.2 | AN11: =AN10 -> 0.3 | AO11: =AO10 -> 0.5 | AP11: =AP10 -> 0.8 | AQ11: =AQ10 -> 1.2 | AS11: =AS10 -> 0.2
A12: 10 | B12: =B11 -> 1.2 | C12: =C11 -> 1.5 | D12: =D11 -> 2 | E12: =E11 -> 2.5 | F12: =F11 -> 0.5 | G12: =G11 -> 0.3 | H12: =H11 -> 0.6 | I12: =I11 -> 0.3 | ... K12: =K11 -> 1.2 | M12: =M11 -> 1.5 | N12: =N11 -> 2 | O12: =O11 -> 2.5 | P12: =P11 -> 3 | Q12: =Q11 -> 3.5 | R12: =R11 -> 0.75 | S12: =S11 -> 0.3 | T12: =T11 -> 0.3 | ... Z12: =Z11 -> 1.2 | AB12: =AB11 -> 1 | AC12: =AC11 -> 1.2 | AD12: =AD11 -> 1.5 | AE12: =AE11 -> 2 | AF12: =AF11 -> 2.5 | AG12: =AG11 -> 0.5 | AH12: =AH11 -> 0.2 | AI12: =AI11 -> 0.2 | AJ12: =AJ11 -> 0.03 | AL12: =AL11 -> 1.2 | AM12: =AM11 -> 0.2 | AN12: =AN11 -> 0.3 | AO12: =AO11 -> 0.5 | AP12: =AP11 -> 0.8 | AQ12: =AQ11 -> 1.2 | AS12: =AS11 -> 0.2
A13: 11 | B13: =B12 -> 1.2 | C13: =C12 -> 1.5 | D13: =D12 -> 2 | E13: =E12 -> 2.5 | F13: =F12 -> 0.5 | G13: =G12 -> 0.3 | H13: =H12 -> 0.6 | I13: =I12 -> 0.3 | ... K13: =K12 -> 1.2 | M13: =M12 -> 1.5 | N13: =N12 -> 2 | O13: =O12 -> 2.5 | P13: =P12 -> 3 | Q13: =Q12 -> 3.5 | R13: =R12 -> 0.75 | S13: =S12 -> 0.3 | T13: =T12 -> 0.3 | ... Z13: =Z12 -> 1.2 | AB13: =AB12 -> 1 | AC13: =AC12 -> 1.2 | AD13: =AD12 -> 1.5 | AE13: =AE12 -> 2 | AF13: =AF12 -> 2.5 | AG13: =AG12 -> 0.5 | AH13: =AH12 -> 0.2 | AI13: =AI12 -> 0.2 | AJ13: =AJ12 -> 0.03 | AL13: =AL12 -> 1.2 | AM13: =AM12 -> 0.2 | AN13: =AN12 -> 0.3 | AO13: =AO12 -> 0.5 | AP13: =AP12 -> 0.8 | AQ13: =AQ12 -> 1.2 | AS13: =AS12 -> 0.2
A14: 12 | B14: =B13 -> 1.2 | C14: =C13 -> 1.5 | D14: =D13 -> 2 | E14: =E13 -> 2.5 | F14: =F13 -> 0.5 | G14: =G13 -> 0.3 | H14: =H13 -> 0.6 | I14: =I13 -> 0.3 | ... K14: =K13 -> 1.2 | M14: =M13 -> 1.5 | N14: =N13 -> 2 | O14: =O13 -> 2.5 | P14: =P13 -> 3 | Q14: =Q13 -> 3.5 | R14: =R13 -> 0.75 | S14: =S13 -> 0.3 | T14: =T13 -> 0.3 | ... Z14: =Z13 -> 1.2 | AB14: =AB13 -> 1 | AC14: =AC13 -> 1.2 | AD14: =AD13 -> 1.5 | AE14: =AE13 -> 2 | AF14: =AF13 -> 2.5 | AG14: =AG13 -> 0.5 | AH14: =AH13 -> 0.2 | AI14: =AI13 -> 0.2 | AJ14: =AJ13 -> 0.03 | AL14: =AL13 -> 1.2 | AM14: =AM13 -> 0.2 | AN14: =AN13 -> 0.3 | AO14: =AO13 -> 0.5 | AP14: =AP13 -> 0.8 | AQ14: =AQ13 -> 1.2 | AS14: =AS13 -> 0.2
A15: 13 | B15: =B14 -> 1.2 | C15: =C14 -> 1.5 | D15: =D14 -> 2 | E15: =E14 -> 2.5 | F15: =F14 -> 0.5 | G15: =G14 -> 0.3 | H15: =H14 -> 0.6 | I15: =I14 -> 0.3 | ... K15: =K14 -> 1.2 | M15: =M14 -> 1.5 | N15: =N14 -> 2 | O15: =O14 -> 2.5 | P15: =P14 -> 3 | Q15: =Q14 -> 3.5 | R15: =R14 -> 0.75 | S15: =S14 -> 0.3 | T15: =T14 -> 0.3 | ... Z15: =Z14 -> 1.2 | AB15: =AB14 -> 1 | AC15: =AC14 -> 1.2 | AD15: =AD14 -> 1.5 | AE15: =AE14 -> 2 | AF15: =AF14 -> 2.5 | AG15: =AG14 -> 0.5 | AH15: =AH14 -> 0.2 | AI15: =AI14 -> 0.2 | AJ15: =AJ14 -> 0.03 | AL15: =AL14 -> 1.2 | AM15: =AM14 -> 0.2 | AN15: =AN14 -> 0.3 | AO15: =AO14 -> 0.5 | AP15: =AP14 -> 0.8 | AQ15: =AQ14 -> 1.2 | AS15: =AS14 -> 0.2
... A122: 120 | B122: =B121 -> 1.2 | C122: =C121 -> 1.5 | D122: =D121 -> 2 | E122: =E121 -> 2.5 | F122: =F121 -> 0.5 | G122: =G121 -> 0.3 | H122: =H121 -> 0.6 | I122: =I121 -> 0.3 | ... K122: =K121 -> 1.2 | M122: =M121 -> 1.5 | N122: =N121 -> 2 | O122: =O121 -> 2.5 | P122: =P121 -> 3 | Q122: =Q121 -> 3.5 | R122: =R121 -> 0.75 | S122: =S121 -> 0.3 | T122: =T121 -> 0.3 | ... Z122: =Z121 -> 1.2 | AB122: =AB121 -> 1 | AC122: =AC121 -> 1.2 | AD122: =AD121 -> 1.5 | AE122: =AE121 -> 2 | AF122: =AF121 -> 2.5 | AG122: =AG121 -> 0.5 | AH122: =AH121 -> 0.2 | AI122: =AI121 -> 0.2 | AJ122: =AJ121 -> 0.03 | AL122: =AL121 -> 1.2 | AM122: =AM121 -> 0.2 | AN122: =AN121 -> 0.3 | AO122: =AO121 -> 0.5 | AP122: =AP121 -> 0.8 | AQ122: =AQ121 -> 1.2 | AS122: =AS121 -> 0.2

Sheet 攻击
B1: 武将 | O1: 装备 | AC1: 宝物 | AL1: 战宠 | AR1: 命星
A2: 等级 | B2: 基本值 | C2: 例子 | D2: 绿 | E2: 蓝 | F2: 紫 | G2: 橙 | H2: 红 | I2: 突破 | J2: 培养 | K2: 天命 | L2: 魂引 | M2: 觉醒 | N2: 缘份 | O2: 绿 | P2: 蓝 | Q2: 紫 | R2: 橙 | S2: 红 | T2: 精炼 | U2: 强化套 | V2: 精练套 | W2: 套装 | X2: 1星 | Y2: 2星 | Z2: 3星 | AA2: 4星 | AB2: 5星 | AC2: 绿 | AD2: 蓝 | AE2: 紫 | AF2: 橙 | AG2: 红 | AH2: 精炼 | AI2: 强化套 | AJ2: 精练套 | AK2: 套装 | AL2: 升级 | AM2: 1星 | AN2: 2星 | AO2: 3星 | AP2: 4星 | AQ2: 5星 | AR2: 命星 | AS2: 最低攻击 | AT2: 最高攻击 | AW2: 武将统计 | AX2: 装备统计 | AY2: 宝物统计 | AZ2: 战宠统计 | BA2: 命星统计 | BB2: 最高攻击比
A3: 1 | B3: 10 | C3: 10 | D3: =B3 -> 10 | E3: =$D3*攻击分赃比!B3*开放指数!B3 -> 12 | F3: =$D3*攻击分赃比!C3*开放指数!C3 -> 15 | G3: =$D3*攻击分赃比!D3*开放指数!D3 -> 20 | H3: =$D3*攻击分赃比!E3*开放指数!E3 -> 25 | I3: =$D3*攻击分赃比!F3*开放指数!F3 -> 0 | J3: =$D3*攻击分赃比!G3*开放指数!G3 -> 0 | K3: =$D3*攻击分赃比!H3*开放指数!H3 -> 0 | L3: =$D3*攻击分赃比!I3*开放指数!I3 -> 0 | ... N3: =$D3*攻击分赃比!K3*开放指数!K3 -> 12 | O3: =$D3*攻击分赃比!M3*开放指数!L3 -> 15 | P3: =$D3*攻击分赃比!N3*开放指数!M3 -> 20 | Q3: =$D3*攻击分赃比!O3*开放指数!N3 -> 25 | R3: =$D3*攻击分赃比!P3*开放指数!O3 -> 30 | S3: =$D3*攻击分赃比!Q3*开放指数!P3 -> 35 | T3: =$D3*攻击分赃比!R3*开放指数!Q3 -> 0 | U3: =$D3*攻击分赃比!S3*开放指数!R3 -> 3 | V3: =$D3*攻击分赃比!T3*开放指数!S3 -> 0 | W3: =$D3*攻击分赃比!U3*开放指数!T3 -> 0.5 | X3: =攻击分赃比!V3*开放指数!U3 -> 0 | Y3: =攻击分赃比!W3*开放指数!V3 -> 0 | Z3: =攻击分赃比!X3*开放指数!W3 -> 0 | AA3: =攻击分赃比!Y3*开放指数!X3 -> 0 | AB3: =攻击分赃比!Z3*开放指数!Y3 -> 0 | AC3: =$D3*攻击分赃比!AB3*开放指数!Z3 -> 0 | AD3: =$D3*攻击分赃比!AC3*开放指数!AA3 -> 0 | AE3: =$D3*攻击分赃比!AD3*开放指数!AB3 -> 0 | AF3: =$D3*攻击分赃比!AE3*开放指数!AC3 -> 0 | AG3: =$D3*攻击分赃比!AF3*开放指数!AD3 -> 0 | AH3: =$D3*攻击分赃比!AG3*开放指数!AE3 -> 0 | AI3: =$D3*攻击分赃比!AH3*开放指数!AF3 -> 0 | AJ3: =$D3*攻击分赃比!AI3*开放指数!AG3 -> 0 | AK3: =$D3*攻击分赃比!AJ3*开放指数!AH3 -> 0 | AL3: =$D3*攻击分赃比!AL3*开放指数!AI3 -> 0 | AM3: =攻击分赃比!AM3*开放指数!AJ3 -> 0 | AN3: =攻击分赃比!AN3*开放指数!AK3 -> 0 | AO3: =攻击分赃比!AO3*开放指数!AL3 -> 0 | AP3: =攻击分赃比!AP3*开放指数!AM3 -> 0 | AQ3: =攻击分赃比!AQ3*开放指数!AN3 -> 0 | AR3: =$D3*攻击分赃比!AS3*开放指数!AO3 -> 2 | AS3: =D3+O3+AR3+AL3+AC3 -> 27 | AT3: =H3+I3+J3+K3+L3+M3+N3+S3*(1+AB3)+T3+U3+V3+W3+AG3+AH3+AI3+AJ3+AK3+AL3*(1+AQ3)+AR3 -> 77.5 | AW3: =H3+I3+J3+K3+L3+M3+N3 -> 37 | AX3: =S3*(1+AB3)+T3+U3+V3+W3 -> 38.5 | AY3: =AG3+AH3+AI3+AJ3+AK3 -> 0 | AZ3: =AL3*(1+AQ3) -> 0 | BA3: =AR3 -> 2 | BB3: =AT3/D3 -> 7.75
A4: 2 | B4: 2 | C4: =C3+B4 -> 12 | D4: =B4+D3 -> 12 | E4: =$D4*攻击分赃比!B4*开放指数!B4 -> 14.4 | F4: =$D4*攻击分赃比!C4*开放指数!C4 -> 18 | G4: =$D4*攻击分赃比!D4*开放指数!D4 -> 24 | H4: =$D4*攻击分赃比!E4*开放指数!E4 -> 30 | I4: =$D4*攻击分赃比!F4*开放指数!F4 -> 0 | J4: =$D4*攻击分赃比!G4*开放指数!G4 -> 0 | K4: =$D4*攻击分赃比!H4*开放指数!H4 -> 0 | L4: =$D4*攻击分赃比!I4*开放指数!I4 -> 0 | ... N4: =$D4*攻击分赃比!K4*开放指数!K4 -> 14.4 | O4: =$D4*攻击分赃比!M4*开放指数!L4 -> 18 | P4: =$D4*攻击分赃比!N4*开放指数!M4 -> 24 | Q4: =$D4*攻击分赃比!O4*开放指数!N4 -> 30 | R4: =$D4*攻击分赃比!P4*开放指数!O4 -> 36 | S4: =$D4*攻击分赃比!Q4*开放指数!P4 -> 42 | T4: =$D4*攻击分赃比!R4*开放指数!Q4 -> 0 | U4: =$D4*攻击分赃比!S4*开放指数!R4 -> 3.6 | V4: =$D4*攻击分赃比!T4*开放指数!S4 -> 0 | W4: =$D4*攻击分赃比!U4*开放指数!T4 -> 0.6 | X4: =攻击分赃比!V4*开放指数!U4 -> 0 | Y4: =攻击分赃比!W4*开放指数!V4 -> 0 | Z4: =攻击分赃比!X4*开放指数!W4 -> 0 | AA4: =攻击分赃比!Y4*开放指数!X4 -> 0 | AB4: =攻击分赃比!Z4*开放指数!Y4 -> 0 | AC4: =$D4*攻击分赃比!AB4*开放指数!Z4 -> 0 | AD4: =$D4*攻击分赃比!AC4*开放指数!AA4 -> 0 | AE4: =$D4*攻击分赃比!AD4*开放指数!AB4 -> 0 | AF4: =$D4*攻击分赃比!AE4*开放指数!AC4 -> 0 | AG4: =$D4*攻击分赃比!AF4*开放指数!AD4 -> 0 | AH4: =$D4*攻击分赃比!AG4*开放指数!AE4 -> 0 | AI4: =$D4*攻击分赃比!AH4*开放指数!AF4 -> 0 | AJ4: =$D4*攻击分赃比!AI4*开放指数!AG4 -> 0 | AK4: =$D4*攻击分赃比!AJ4*开放指数!AH4 -> 0 | AL4: =$D4*攻击分赃比!AL4*开放指数!AI4 -> 0 | AM4: =攻击分赃比!AM4*开放指数!AJ4 -> 0 | AN4: =攻击分赃比!AN4*开放指数!AK4 -> 0 | AO4: =攻击分赃比!AO4*开放指数!AL4 -> 0 | AP4: =攻击分赃比!AP4*开放指数!AM4 -> 0 | AQ4: =攻击分赃比!AQ4*开放指数!AN4 -> 0 | AR4: =$D4*攻击分赃比!AS4*开放指数!AO4 -> 2.4 | AS4: =D4+O4+AR4+AL4+AC4 -> 32.4 | AT4: =H4+I4+J4+K4+L4+M4+N4+S4*(1+AB4)+T4+U4+V4+W4+AG4+AH4+AI4+AJ4+AK4+AL4*(1+AQ4)+AR4 -> 93 | AW4: =H4+I4+J4+K4+L4+M4+N4 -> 44.4 | AX4: =S4*(1+AB4)+T4+U4+V4+W4 -> 46.2 | AY4: =AG4+AH4+AI4+AJ4+AK4 -> 0 | AZ4: =AL4*(1+AQ4) -> 0 | BA4: =AR4 -> 2.4 | BB4: =AT4/D4 -> 7.75
A5: 3 | B5: =B4 -> 2 | C5: =C4+B5 -> 14 | D5: =B5+D4 -> 14 | E5: =$D5*攻击分赃比!B5*开放指数!B5 -> 16.8 | F5: =$D5*攻击分赃比!C5*开放指数!C5 -> 21 | G5: =$D5*攻击分赃比!D5*开放指数!D5 -> 28 | H5: =$D5*攻击分赃比!E5*开放指数!E5 -> 35 | I5: =$D5*攻击分赃比!F5*开放指数!F5 -> 0 | J5: =$D5*攻击分赃比!G5*开放指数!G5 -> 0 | K5: =$D5*攻击分赃比!H5*开放指数!H5 -> 0 | L5: =$D5*攻击分赃比!I5*开放指数!I5 -> 0 | ... N5: =$D5*攻击分赃比!K5*开放指数!K5 -> 16.8 | O5: =$D5*攻击分赃比!M5*开放指数!L5 -> 21 | P5: =$D5*攻击分赃比!N5*开放指数!M5 -> 28 | Q5: =$D5*攻击分赃比!O5*开放指数!N5 -> 35 | R5: =$D5*攻击分赃比!P5*开放指数!O5 -> 42 | S5: =$D5*攻击分赃比!Q5*开放指数!P5 -> 49 | T5: =$D5*攻击分赃比!R5*开放指数!Q5 -> 0 | U5: =$D5*攻击分赃比!S5*开放指数!R5 -> 4.2 | V5: =$D5*攻击分赃比!T5*开放指数!S5 -> 0 | W5: =$D5*攻击分赃比!U5*开放指数!T5 -> 0.7 | X5: =攻击分赃比!V5*开放指数!U5 -> 0 | Y5: =攻击分赃比!W5*开放指数!V5 -> 0 | Z5: =攻击分赃比!X5*开放指数!W5 -> 0 | AA5: =攻击分赃比!Y5*开放指数!X5 -> 0 | AB5: =攻击分赃比!Z5*开放指数!Y5 -> 0 | AC5: =$D5*攻击分赃比!AB5*开放指数!Z5 -> 0 | AD5: =$D5*攻击分赃比!AC5*开放指数!AA5 -> 0 | AE5: =$D5*攻击分赃比!AD5*开放指数!AB5 -> 0 | AF5: =$D5*攻击分赃比!AE5*开放指数!AC5 -> 0 | AG5: =$D5*攻击分赃比!AF5*开放指数!AD5 -> 0 | AH5: =$D5*攻击分赃比!AG5*开放指数!AE5 -> 0 | AI5: =$D5*攻击分赃比!AH5*开放指数!AF5 -> 0 | AJ5: =$D5*攻击分赃比!AI5*开放指数!AG5 -> 0 | AK5: =$D5*攻击分赃比!AJ5*开放指数!AH5 -> 0 | AL5: =$D5*攻击分赃比!AL5*开放指数!AI5 -> 0 | AM5: =攻击分赃比!AM5*开放指数!AJ5 -> 0 | AN5: =攻击分赃比!AN5*开放指数!AK5 -> 0 | AO5: =攻击分赃比!AO5*开放指数!AL5 -> 0 | AP5: =攻击分赃比!AP5*开放指数!AM5 -> 0 | AQ5: =攻击分赃比!AQ5*开放指数!AN5 -> 0 | AR5: =$D5*攻击分赃比!AS5*开放指数!AO5 -> 2.8 | AS5: =D5+O5+AR5+AL5+AC5 -> 37.8 | AT5: =H5+I5+J5+K5+L5+M5+N5+S5*(1+AB5)+T5+U5+V5+W5+AG5+AH5+AI5+AJ5+AK5+AL5*(1+AQ5)+AR5 -> 108.5 | AW5: =H5+I5+J5+K5+L5+M5+N5 -> 51.8 | AX5: =S5*(1+AB5)+T5+U5+V5+W5 -> 53.9 | AY5: =AG5+AH5+AI5+AJ5+AK5 -> 0 | AZ5: =AL5*(1+AQ5) -> 0 | BA5: =AR5 -> 2.8 | BB5: =AT5/D5 -> 7.75
A6: 4 | B6: =B5 -> 2 | C6: =C5+B6 -> 16 | D6: =B6+D5 -> 16 | E6: =$D6*攻击分赃比!B6*开放指数!B6 -> 19.2 | F6: =$D6*攻击分赃比!C6*开放指数!C6 -> 24 | G6: =$D6*攻击分赃比!D6*开放指数!D6 -> 32 | H6: =$D6*攻击分赃比!E6*开放指数!E6 -> 40 | I6: =$D6*攻击分赃比!F6*开放指数!F6 -> 0 | J6: =$D6*攻击分赃比!G6*开放指数!G6 -> 0 | K6: =$D6*攻击分赃比!H6*开放指数!H6 -> 0 | L6: =$D6*攻击分赃比!I6*开放指数!I6 -> 0 | ... N6: =$D6*攻击分赃比!K6*开放指数!K6 -> 19.2 | O6: =$D6*攻击分赃比!M6*开放指数!L6 -> 24 | P6: =$D6*攻击分赃比!N6*开放指数!M6 -> 32 | Q6: =$D6*攻击分赃比!O6*开放指数!N6 -> 40 | R6: =$D6*攻击分赃比!P6*开放指数!O6 -> 48 | S6: =$D6*攻击分赃比!Q6*开放指数!P6 -> 56 | T6: =$D6*攻击分赃比!R6*开放指数!Q6 -> 0 | U6: =$D6*攻击分赃比!S6*开放指数!R6 -> 4.8 | V6: =$D6*攻击分赃比!T6*开放指数!S6 -> 0 | W6: =$D6*攻击分赃比!U6*开放指数!T6 -> 0.8 | X6: =攻击分赃比!V6*开放指数!U6 -> 0 | Y6: =攻击分赃比!W6*开放指数!V6 -> 0 | Z6: =攻击分赃比!X6*开放指数!W6 -> 0 | AA6: =攻击分赃比!Y6*开放指数!X6 -> 0 | AB6: =攻击分赃比!Z6*开放指数!Y6 -> 0 | AC6: =$D6*攻击分赃比!AB6*开放指数!Z6 -> 0 | AD6: =$D6*攻击分赃比!AC6*开放指数!AA6 -> 0 | AE6: =$D6*攻击分赃比!AD6*开放指数!AB6 -> 0 | AF6: =$D6*攻击分赃比!AE6*开放指数!AC6 -> 0 | AG6: =$D6*攻击分赃比!AF6*开放指数!AD6 -> 0 | AH6: =$D6*攻击分赃比!AG6*开放指数!AE6 -> 0 | AI6: =$D6*攻击分赃比!AH6*开放指数!AF6 -> 0 | AJ6: =$D6*攻击分赃比!AI6*开放指数!AG6 -> 0 | AK6: =$D6*攻击分赃比!AJ6*开放指数!AH6 -> 0 | AL6: =$D6*攻击分赃比!AL6*开放指数!AI6 -> 0 | AM6: =攻击分赃比!AM6*开放指数!AJ6 -> 0 | AN6: =攻击分赃比!AN6*开放指数!AK6 -> 0 | AO6: =攻击分赃比!AO6*开放指数!AL6 -> 0 | AP6: =攻击分赃比!AP6*开放指数!AM6 -> 0 | AQ6: =攻击分赃比!AQ6*开放指数!AN6 -> 0 | AR6: =$D6*攻击分赃比!AS6*开放指数!AO6 -> 3.2 | AS6: =D6+O6+AR6+AL6+AC6 -> 43.2 | AT6: =H6+I6+J6+K6+L6+M6+N6+S6*(1+AB6)+T6+U6+V6+W6+AG6+AH6+AI6+AJ6+AK6+AL6*(1+AQ6)+AR6 -> 124 | AW6: =H6+I6+J6+K6+L6+M6+N6 -> 59.2 | AX6: =S6*(1+AB6)+T6+U6+V6+W6 -> 61.6 | AY6: =AG6+AH6+AI6+AJ6+AK6 -> 0 | AZ6: =AL6*(1+AQ6) -> 0 | BA6: =AR6 -> 3.2 | BB6: =AT6/D6 -> 7.75
A7: 5 | B7: =B6 -> 2 | C7: =C6+B7 -> 18 | D7: =B7+D6 -> 18 | E7: =$D7*攻击分赃比!B7*开放指数!B7 -> 21.6 | F7: =$D7*攻击分赃比!C7*开放指数!C7 -> 27 | G7: =$D7*攻击分赃比!D7*开放指数!D7 -> 36 | H7: =$D7*攻击分赃比!E7*开放指数!E7 -> 45 | I7: =$D7*攻击分赃比!F7*开放指数!F7 -> 9 | J7: =$D7*攻击分赃比!G7*开放指数!G7 -> 0 | K7: =$D7*攻击分赃比!H7*开放指数!H7 -> 0 | L7: =$D7*攻击分赃比!I7*开放指数!I7 -> 0 | ... N7: =$D7*攻击分赃比!K7*开放指数!K7 -> 21.6 | O7: =$D7*攻击分赃比!M7*开放指数!L7 -> 27 | P7: =$D7*攻击分赃比!N7*开放指数!M7 -> 36 | Q7: =$D7*攻击分赃比!O7*开放指数!N7 -> 45 | R7: =$D7*攻击分赃比!P7*开放指数!O7 -> 54 | S7: =$D7*攻击分赃比!Q7*开放指数!P7 -> 63 | T7: =$D7*攻击分赃比!R7*开放指数!Q7 -> 0 | U7: =$D7*攻击分赃比!S7*开放指数!R7 -> 5.4 | V7: =$D7*攻击分赃比!T7*开放指数!S7 -> 0 | W7: =$D7*攻击分赃比!U7*开放指数!T7 -> 0.9 | X7: =攻击分赃比!V7*开放指数!U7 -> 0 | Y7: =攻击分赃比!W7*开放指数!V7 -> 0 | Z7: =攻击分赃比!X7*开放指数!W7 -> 0 | AA7: =攻击分赃比!Y7*开放指数!X7 -> 0 | AB7: =攻击分赃比!Z7*开放指数!Y7 -> 0 | AC7: =$D7*攻击分赃比!AB7*开放指数!Z7 -> 0 | AD7: =$D7*攻击分赃比!AC7*开放指数!AA7 -> 0 | AE7: =$D7*攻击分赃比!AD7*开放指数!AB7 -> 0 | AF7: =$D7*攻击分赃比!AE7*开放指数!AC7 -> 0 | AG7: =$D7*攻击分赃比!AF7*开放指数!AD7 -> 0 | AH7: =$D7*攻击分赃比!AG7*开放指数!AE7 -> 0 | AI7: =$D7*攻击分赃比!AH7*开放指数!AF7 -> 0 | AJ7: =$D7*攻击分赃比!AI7*开放指数!AG7 -> 0 | AK7: =$D7*攻击分赃比!AJ7*开放指数!AH7 -> 0 | AL7: =$D7*攻击分赃比!AL7*开放指数!AI7 -> 0 | AM7: =攻击分赃比!AM7*开放指数!AJ7 -> 0 | AN7: =攻击分赃比!AN7*开放指数!AK7 -> 0 | AO7: =攻击分赃比!AO7*开放指数!AL7 -> 0 | AP7: =攻击分赃比!AP7*开放指数!AM7 -> 0 | AQ7: =攻击分赃比!AQ7*开放指数!AN7 -> 0 | AR7: =$D7*攻击分赃比!AS7*开放指数!AO7 -> 3.6 | AS7: =D7+O7+AR7+AL7+AC7 -> 48.6 | AT7: =H7+I7+J7+K7+L7+M7+N7+S7*(1+AB7)+T7+U7+V7+W7+AG7+AH7+AI7+AJ7+AK7+AL7*(1+AQ7)+AR7 -> 148.5 | AW7: =H7+I7+J7+K7+L7+M7+N7 -> 75.6 | AX7: =S7*(1+AB7)+T7+U7+V7+W7 -> 69.3 | AY7: =AG7+AH7+AI7+AJ7+AK7 -> 0 | AZ7: =AL7*(1+AQ7) -> 0 | BA7: =AR7 -> 3.6 | BB7: =AT7/D7 -> 8.25
A8: 6 | B8: =B7 -> 2 | C8: =C7+B8 -> 20 | D8: =B8+D7 -> 20 | E8: =$D8*攻击分赃比!B8*开放指数!B8 -> 24 | F8: =$D8*攻击分赃比!C8*开放指数!C8 -> 30 | G8: =$D8*攻击分赃比!D8*开放指数!D8 -> 40 | H8: =$D8*攻击分赃比!E8*开放指数!E8 -> 50 | I8: =I7 -> 9 | J8: =$D8*攻击分赃比!G8*开放指数!G8 -> 0 | K8: =$D8*攻击分赃比!H8*开放指数!H8 -> 0 | L8: =$D8*攻击分赃比!I8*开放指数!I8 -> 0 | M8: =$D8*攻击分赃比!J8*开放指数!J8 -> 0 | N8: =$D8*攻击分赃比!K8*开放指数!K8 -> 24 | O8: =$D8*攻击分赃比!M8*开放指数!L8 -> 30 | P8: =$D8*攻击分赃比!N8*开放指数!M8 -> 40 | Q8: =$D8*攻击分赃比!O8*开放指数!N8 -> 50 | R8: =$D8*攻击分赃比!P8*开放指数!O8 -> 60 | S8: =$D8*攻击分赃比!Q8*开放指数!P8 -> 70 | T8: =$D8*攻击分赃比!R8*开放指数!Q8 -> 0 | U8: =$D8*攻击分赃比!S8*开放指数!R8 -> 6 | V8: =$D8*攻击分赃比!T8*开放指数!S8 -> 0 | W8: =$D8*攻击分赃比!U8*开放指数!T8 -> 1 | X8: =攻击分赃比!V8*开放指数!U8 -> 0 | Y8: =攻击分赃比!W8*开放指数!V8 -> 0 | Z8: =攻击分赃比!X8*开放指数!W8 -> 0 | AA8: =攻击分赃比!Y8*开放指数!X8 -> 0 | AB8: =攻击分赃比!Z8*开放指数!Y8 -> 0 | AC8: =$D8*攻击分赃比!AB8*开放指数!Z8 -> 0 | AD8: =$D8*攻击分赃比!AC8*开放指数!AA8 -> 0 | AE8: =$D8*攻击分赃比!AD8*开放指数!AB8 -> 0 | AF8: =$D8*攻击分赃比!AE8*开放指数!AC8 -> 0 | AG8: =$D8*攻击分赃比!AF8*开放指数!AD8 -> 0 | AH8: =$D8*攻击分赃比!AG8*开放指数!AE8 -> 0 | AI8: =$D8*攻击分赃比!AH8*开放指数!AF8 -> 0 | AJ8: =$D8*攻击分赃比!AI8*开放指数!AG8 -> 0 | AK8: =$D8*攻击分赃比!AJ8*开放指数!AH8 -> 0 | AL8: =$D8*攻击分赃比!AL8*开放指数!AI8 -> 0 | AM8: =攻击分赃比!AM8*开放指数!AJ8 -> 0 | AN8: =攻击分赃比!AN8*开放指数!AK8 -> 0 | AO8: =攻击分赃比!AO8*开放指数!AL8 -> 0 | AP8: =攻击分赃比!AP8*开放指数!AM8 -> 0 | AQ8: =攻击分赃比!AQ8*开放指数!AN8 -> 0 | AR8: =$D8*攻击分赃比!AS8*开放指数!AO8 -> 4 | AS8: =D8+O8+AR8+AL8+AC8 -> 54 | AT8: =H8+I8+J8+K8+L8+M8+N8+S8*(1+AB8)+T8+U8+V8+W8+AG8+AH8+AI8+AJ8+AK8+AL8*(1+AQ8)+AR8 -> 164 | AW8: =H8+I8+J8+K8+L8+M8+N8 -> 83 | AX8: =S8*(1+AB8)+T8+U8+V8+W8 -> 77 | AY8: =AG8+AH8+AI8+AJ8+AK8 -> 0 | AZ8: =AL8*(1+AQ8) -> 0 | BA8: =AR8 -> 4 | BB8: =AT8/D8 -> 8.2
A9: 7 | B9: =B8 -> 2 | C9: =C8+B9 -> 22 | D9: =B9+D8 -> 22 | E9: =$D9*攻击分赃比!B9*开放指数!B9 -> 26.4 | F9: =$D9*攻击分赃比!C9*开放指数!C9 -> 33 | G9: =$D9*攻击分赃比!D9*开放指数!D9 -> 44 | H9: =$D9*攻击分赃比!E9*开放指数!E9 -> 55 | I9: =I8 -> 9 | J9: =$D9*攻击分赃比!G9*开放指数!G9 -> 0 | K9: =$D9*攻击分赃比!H9*开放指数!H9 -> 0 | L9: =$D9*攻击分赃比!I9*开放指数!I9 -> 0 | M9: =$D9*攻击分赃比!J9*开放指数!J9 -> 0 | N9: =$D9*攻击分赃比!K9*开放指数!K9 -> 26.4 | O9: =$D9*攻击分赃比!M9*开放指数!L9 -> 33 | P9: =$D9*攻击分赃比!N9*开放指数!M9 -> 44 | Q9: =$D9*攻击分赃比!O9*开放指数!N9 -> 55 | R9: =$D9*攻击分赃比!P9*开放指数!O9 -> 66 | S9: =$D9*攻击分赃比!Q9*开放指数!P9 -> 77 | T9: =$D9*攻击分赃比!R9*开放指数!Q9 -> 0 | U9: =$D9*攻击分赃比!S9*开放指数!R9 -> 6.6 | V9: =$D9*攻击分赃比!T9*开放指数!S9 -> 0 | W9: =$D9*攻击分赃比!U9*开放指数!T9 -> 1.1 | X9: =攻击分赃比!V9*开放指数!U9 -> 0 | Y9: =攻击分赃比!W9*开放指数!V9 -> 0 | Z9: =攻击分赃比!X9*开放指数!W9 -> 0 | AA9: =攻击分赃比!Y9*开放指数!X9 -> 0 | AB9: =攻击分赃比!Z9*开放指数!Y9 -> 0 | AC9: =$D9*攻击分赃比!AB9*开放指数!Z9 -> 0 | AD9: =$D9*攻击分赃比!AC9*开放指数!AA9 -> 0 | AE9: =$D9*攻击分赃比!AD9*开放指数!AB9 -> 0 | AF9: =$D9*攻击分赃比!AE9*开放指数!AC9 -> 0 | AG9: =$D9*攻击分赃比!AF9*开放指数!AD9 -> 0 | AH9: =$D9*攻击分赃比!AG9*开放指数!AE9 -> 0 | AI9: =$D9*攻击分赃比!AH9*开放指数!AF9 -> 0 | AJ9: =$D9*攻击分赃比!AI9*开放指数!AG9 -> 0 | AK9: =$D9*攻击分赃比!AJ9*开放指数!AH9 -> 0 | AL9: =$D9*攻击分赃比!AL9*开放指数!AI9 -> 0 | AM9: =攻击分赃比!AM9*开放指数!AJ9 -> 0 | AN9: =攻击分赃比!AN9*开放指数!AK9 -> 0 | AO9: =攻击分赃比!AO9*开放指数!AL9 -> 0 | AP9: =攻击分赃比!AP9*开放指数!AM9 -> 0 | AQ9: =攻击分赃比!AQ9*开放指数!AN9 -> 0 | AR9: =$D9*攻击分赃比!AS9*开放指数!AO9 -> 4.4 | AS9: =D9+O9+AR9+AL9+AC9 -> 59.4 | AT9: =H9+I9+J9+K9+L9+M9+N9+S9*(1+AB9)+T9+U9+V9+W9+AG9+AH9+AI9+AJ9+AK9+AL9*(1+AQ9)+AR9 -> 179.5 | AW9: =H9+I9+J9+K9+L9+M9+N9 -> 90.4 | AX9: =S9*(1+AB9)+T9+U9+V9+W9 -> 84.7 | AY9: =AG9+AH9+AI9+AJ9+AK9 -> 0 | AZ9: =AL9*(1+AQ9) -> 0 | BA9: =AR9 -> 4.4 | BB9: =AT9/D9 -> 8.1590909
A10: 8 | B10: =B9 -> 2 | C10: =C9+B10 -> 24 | D10: =B10+D9 -> 24 | E10: =$D10*攻击分赃比!B10*开放指数!B10 -> 28.8 | F10: =$D10*攻击分赃比!C10*开放指数!C10 -> 36 | G10: =$D10*攻击分赃比!D10*开放指数!D10 -> 48 | H10: =$D10*攻击分赃比!E10*开放指数!E10 -> 60 | I10: =I9 -> 9 | J10: =$D10*攻击分赃比!G10*开放指数!G10 -> 0 | K10: =$D10*攻击分赃比!H10*开放指数!H10 -> 0 | L10: =$D10*攻击分赃比!I10*开放指数!I10 -> 0 | M10: =$D10*攻击分赃比!J10*开放指数!J10 -> 0 | N10: =$D10*攻击分赃比!K10*开放指数!K10 -> 28.8 | O10: =$D10*攻击分赃比!M10*开放指数!L10 -> 36 | P10: =$D10*攻击分赃比!N10*开放指数!M10 -> 48 | Q10: =$D10*攻击分赃比!O10*开放指数!N10 -> 60 | R10: =$D10*攻击分赃比!P10*开放指数!O10 -> 72 | S10: =$D10*攻击分赃比!Q10*开放指数!P10 -> 84 | T10: =$D10*攻击分赃比!R10*开放指数!Q10 -> 0 | U10: =$D10*攻击分赃比!S10*开放指数!R10 -> 7.2 | V10: =$D10*攻击分赃比!T10*开放指数!S10 -> 0 | W10: =$D10*攻击分赃比!U10*开放指数!T10 -> 1.2 | X10: =攻击分赃比!V10*开放指数!U10 -> 0 | Y10: =攻击分赃比!W10*开放指数!V10 -> 0 | Z10: =攻击分赃比!X10*开放指数!W10 -> 0 | AA10: =攻击分赃比!Y10*开放指数!X10 -> 0 | AB10: =攻击分赃比!Z10*开放指数!Y10 -> 0 | AC10: =$D10*攻击分赃比!AB10*开放指数!Z10 -> 0 | AD10: =$D10*攻击分赃比!AC10*开放指数!AA10 -> 0 | AE10: =$D10*攻击分赃比!AD10*开放指数!AB10 -> 0 | AF10: =$D10*攻击分赃比!AE10*开放指数!AC10 -> 0 | AG10: =$D10*攻击分赃比!AF10*开放指数!AD10 -> 0 | AH10: =$D10*攻击分赃比!AG10*开放指数!AE10 -> 0 | AI10: =$D10*攻击分赃比!AH10*开放指数!AF10 -> 0 | AJ10: =$D10*攻击分赃比!AI10*开放指数!AG10 -> 0 | AK10: =$D10*攻击分赃比!AJ10*开放指数!AH10 -> 0 | AL10: =$D10*攻击分赃比!AL10*开放指数!AI10 -> 0 | AM10: =攻击分赃比!AM10*开放指数!AJ10 -> 0 | AN10: =攻击分赃比!AN10*开放指数!AK10 -> 0 | AO10: =攻击分赃比!AO10*开放指数!AL10 -> 0 | AP10: =攻击分赃比!AP10*开放指数!AM10 -> 0 | AQ10: =攻击分赃比!AQ10*开放指数!AN10 -> 0 | AR10: =$D10*攻击分赃比!AS10*开放指数!AO10 -> 4.8 | AS10: =D10+O10+AR10+AL10+AC10 -> 64.8 | AT10: =H10+I10+J10+K10+L10+M10+N10+S10*(1+AB10)+T10+U10+V10+W10+AG10+AH10+AI10+AJ10+AK10+AL10*(1+AQ10)+AR10 -> 195 | AW10: =H10+I10+J10+K10+L10+M10+N10 -> 97.8 | AX10: =S10*(1+AB10)+T10+U10+V10+W10 -> 92.4 | AY10: =AG10+AH10+AI10+AJ10+AK10 -> 0 | AZ10: =AL10*(1+AQ10) -> 0 | BA10: =AR10 -> 4.8 | BB10: =AT10/D10 -> 8.125
A11: 9 | B11: =B10 -> 2 | C11: =C10+B11 -> 26 | D11: =B11+D10 -> 26 | E11: =$D11*攻击分赃比!B11*开放指数!B11 -> 31.2 | F11: =$D11*攻击分赃比!C11*开放指数!C11 -> 39 | G11: =$D11*攻击分赃比!D11*开放指数!D11 -> 52 | H11: =$D11*攻击分赃比!E11*开放指数!E11 -> 65 | I11: =I10 -> 9 | J11: =$D11*攻击分赃比!G11*开放指数!G11 -> 0 | K11: =$D11*攻击分赃比!H11*开放指数!H11 -> 0 | L11: =$D11*攻击分赃比!I11*开放指数!I11 -> 0 | M11: =$D11*攻击分赃比!J11*开放指数!J11 -> 0 | N11: =$D11*攻击分赃比!K11*开放指数!K11 -> 31.2 | O11: =$D11*攻击分赃比!M11*开放指数!L11 -> 39 | P11: =$D11*攻击分赃比!N11*开放指数!M11 -> 52 | Q11: =$D11*攻击分赃比!O11*开放指数!N11 -> 65 | R11: =$D11*攻击分赃比!P11*开放指数!O11 -> 78 | S11: =$D11*攻击分赃比!Q11*开放指数!P11 -> 91 | T11: =$D11*攻击分赃比!R11*开放指数!Q11 -> 0 | U11: =$D11*攻击分赃比!S11*开放指数!R11 -> 7.8 | V11: =$D11*攻击分赃比!T11*开放指数!S11 -> 0 | W11: =$D11*攻击分赃比!U11*开放指数!T11 -> 1.3 | X11: =攻击分赃比!V11*开放指数!U11 -> 0 | Y11: =攻击分赃比!W11*开放指数!V11 -> 0 | Z11: =攻击分赃比!X11*开放指数!W11 -> 0 | AA11: =攻击分赃比!Y11*开放指数!X11 -> 0 | AB11: =攻击分赃比!Z11*开放指数!Y11 -> 0 | AC11: =$D11*攻击分赃比!AB11*开放指数!Z11 -> 0 | AD11: =$D11*攻击分赃比!AC11*开放指数!AA11 -> 0 | AE11: =$D11*攻击分赃比!AD11*开放指数!AB11 -> 0 | AF11: =$D11*攻击分赃比!AE11*开放指数!AC11 -> 0 | AG11: =$D11*攻击分赃比!AF11*开放指数!AD11 -> 0 | AH11: =$D11*攻击分赃比!AG11*开放指数!AE11 -> 0 | AI11: =$D11*攻击分赃比!AH11*开放指数!AF11 -> 0 | AJ11: =$D11*攻击分赃比!AI11*开放指数!AG11 -> 0 | AK11: =$D11*攻击分赃比!AJ11*开放指数!AH11 -> 0 | AL11: =$D11*攻击分赃比!AL11*开放指数!AI11 -> 0 | AM11: =攻击分赃比!AM11*开放指数!AJ11 -> 0 | AN11: =攻击分赃比!AN11*开放指数!AK11 -> 0 | AO11: =攻击分赃比!AO11*开放指数!AL11 -> 0 | AP11: =攻击分赃比!AP11*开放指数!AM11 -> 0 | AQ11: =攻击分赃比!AQ11*开放指数!AN11 -> 0 | AR11: =$D11*攻击分赃比!AS11*开放指数!AO11 -> 5.2 | AS11: =D11+O11+AR11+AL11+AC11 -> 70.2 | AT11: =H11+I11+J11+K11+L11+M11+N11+S11*(1+AB11)+T11+U11+V11+W11+AG11+AH11+AI11+AJ11+AK11+AL11*(1+AQ11)+AR11 -> 210.5 | AW11: =H11+I11+J11+K11+L11+M11+N11 -> 105.2 | AX11: =S11*(1+AB11)+T11+U11+V11+W11 -> 100.1 | AY11: =AG11+AH11+AI11+AJ11+AK11 -> 0 | AZ11: =AL11*(1+AQ11) -> 0 | BA11: =AR11 -> 5.2 | BB11: =AT11/D11 -> 8.0961538
A12: 10 | B12: =B11 -> 2 | C12: =C11+B12 -> 28 | D12: =B12+D11 -> 28 | E12: =$D12*攻击分赃比!B12*开放指数!B12 -> 33.6 | F12: =$D12*攻击分赃比!C12*开放指数!C12 -> 42 | G12: =$D12*攻击分赃比!D12*开放指数!D12 -> 56 | H12: =$D12*攻击分赃比!E12*开放指数!E12 -> 70 | I12: =$D12*攻击分赃比!F12*开放指数!F12 -> 14 | J12: =$D12*攻击分赃比!G12*开放指数!G12 -> 8.4 | K12: =$D12*攻击分赃比!H12*开放指数!H12 -> 0 | L12: =$D12*攻击分赃比!I12*开放指数!I12 -> 0 | ... N12: =$D12*攻击分赃比!K12*开放指数!K12 -> 33.6 | O12: =$D12*攻击分赃比!M12*开放指数!L12 -> 42 | P12: =$D12*攻击分赃比!N12*开放指数!M12 -> 56 | Q12: =$D12*攻击分赃比!O12*开放指数!N12 -> 70 | R12: =$D12*攻击分赃比!P12*开放指数!O12 -> 84 | S12: =$D12*攻击分赃比!Q12*开放指数!P12 -> 98 | T12: =$D12*攻击分赃比!R12*开放指数!Q12 -> 0 | U12: =$D12*攻击分赃比!S12*开放指数!R12 -> 8.4 | V12: =$D12*攻击分赃比!T12*开放指数!S12 -> 0 | W12: =$D12*攻击分赃比!U12*开放指数!T12 -> 1.4 | X12: =攻击分赃比!V12*开放指数!U12 -> 0 | Y12: =攻击分赃比!W12*开放指数!V12 -> 0 | Z12: =攻击分赃比!X12*开放指数!W12 -> 0 | AA12: =攻击分赃比!Y12*开放指数!X12 -> 0 | AB12: =攻击分赃比!Z12*开放指数!Y12 -> 0 | AC12: =$D12*攻击分赃比!AB12*开放指数!Z12 -> 0 | AD12: =$D12*攻击分赃比!AC12*开放指数!AA12 -> 0 | AE12: =$D12*攻击分赃比!AD12*开放指数!AB12 -> 0 | AF12: =$D12*攻击分赃比!AE12*开放指数!AC12 -> 0 | AG12: =$D12*攻击分赃比!AF12*开放指数!AD12 -> 0 | AH12: =$D12*攻击分赃比!AG12*开放指数!AE12 -> 0 | AI12: =$D12*攻击分赃比!AH12*开放指数!AF12 -> 0 | AJ12: =$D12*攻击分赃比!AI12*开放指数!AG12 -> 0 | AK12: =$D12*攻击分赃比!AJ12*开放指数!AH12 -> 0 | AL12: =$D12*攻击分赃比!AL12*开放指数!AI12 -> 0 | AM12: =攻击分赃比!AM12*开放指数!AJ12 -> 0 | AN12: =攻击分赃比!AN12*开放指数!AK12 -> 0 | AO12: =攻击分赃比!AO12*开放指数!AL12 -> 0 | AP12: =攻击分赃比!AP12*开放指数!AM12 -> 0 | AQ12: =攻击分赃比!AQ12*开放指数!AN12 -> 0 | AR12: =$D12*攻击分赃比!AS12*开放指数!AO12 -> 5.6 | AS12: =D12+O12+AR12+AL12+AC12 -> 75.6 | AT12: =H12+I12+J12+K12+L12+M12+N12+S12*(1+AB12)+T12+U12+V12+W12+AG12+AH12+AI12+AJ12+AK12+AL12*(1+AQ12)+AR12 -> 239.4 | AW12: =H12+I12+J12+K12+L12+M12+N12 -> 126 | AX12: =S12*(1+AB12)+T12+U12+V12+W12 -> 107.8 | AY12: =AG12+AH12+AI12+AJ12+AK12 -> 0 | AZ12: =AL12*(1+AQ12) -> 0 | BA12: =AR12 -> 5.6 | BB12: =AT12/D12 -> 8.55
A13: 11 | B13: =B12 -> 2 | C13: =C12+B13 -> 30 | D13: =B13+D12 -> 30 | E13: =$D13*攻击分赃比!B13*开放指数!B13 -> 36 | F13: =$D13*攻击分赃比!C13*开放指数!C13 -> 45 | G13: =$D13*攻击分赃比!D13*开放指数!D13 -> 60 | H13: =$D13*攻击分赃比!E13*开放指数!E13 -> 75 | I13: =I12 -> 14 | J13: =$D13*攻击分赃比!G13*开放指数!G13 -> 9 | K13: =$D13*攻击分赃比!H13*开放指数!H13 -> 0 | L13: =$D13*攻击分赃比!I13*开放指数!I13 -> 0 | M13: =$D13*攻击分赃比!J13*开放指数!J13 -> 0 | N13: =$D13*攻击分赃比!K13*开放指数!K13 -> 36 | O13: =$D13*攻击分赃比!M13*开放指数!L13 -> 45 | P13: =$D13*攻击分赃比!N13*开放指数!M13 -> 60 | Q13: =$D13*攻击分赃比!O13*开放指数!N13 -> 75 | R13: =$D13*攻击分赃比!P13*开放指数!O13 -> 90 | S13: =$D13*攻击分赃比!Q13*开放指数!P13 -> 105 | T13: =$D13*攻击分赃比!R13*开放指数!Q13 -> 0 | U13: =$D13*攻击分赃比!S13*开放指数!R13 -> 9 | V13: =$D13*攻击分赃比!T13*开放指数!S13 -> 0 | W13: =$D13*攻击分赃比!U13*开放指数!T13 -> 1.5 | X13: =攻击分赃比!V13*开放指数!U13 -> 0 | Y13: =攻击分赃比!W13*开放指数!V13 -> 0 | Z13: =攻击分赃比!X13*开放指数!W13 -> 0 | AA13: =攻击分赃比!Y13*开放指数!X13 -> 0 | AB13: =攻击分赃比!Z13*开放指数!Y13 -> 0 | AC13: =$D13*攻击分赃比!AB13*开放指数!Z13 -> 0 | AD13: =$D13*攻击分赃比!AC13*开放指数!AA13 -> 0 | AE13: =$D13*攻击分赃比!AD13*开放指数!AB13 -> 0 | AF13: =$D13*攻击分赃比!AE13*开放指数!AC13 -> 0 | AG13: =$D13*攻击分赃比!AF13*开放指数!AD13 -> 0 | AH13: =$D13*攻击分赃比!AG13*开放指数!AE13 -> 0 | AI13: =$D13*攻击分赃比!AH13*开放指数!AF13 -> 0 | AJ13: =$D13*攻击分赃比!AI13*开放指数!AG13 -> 0 | AK13: =$D13*攻击分赃比!AJ13*开放指数!AH13 -> 0 | AL13: =$D13*攻击分赃比!AL13*开放指数!AI13 -> 0 | AM13: =攻击分赃比!AM13*开放指数!AJ13 -> 0 | AN13: =攻击分赃比!AN13*开放指数!AK13 -> 0 | AO13: =攻击分赃比!AO13*开放指数!AL13 -> 0 | AP13: =攻击分赃比!AP13*开放指数!AM13 -> 0 | AQ13: =攻击分赃比!AQ13*开放指数!AN13 -> 0 | AR13: =$D13*攻击分赃比!AS13*开放指数!AO13 -> 6 | AS13: =D13+O13+AR13+AL13+AC13 -> 81 | AT13: =H13+I13+J13+K13+L13+M13+N13+S13*(1+AB13)+T13+U13+V13+W13+AG13+AH13+AI13+AJ13+AK13+AL13*(1+AQ13)+AR13 -> 255.5 | AW13: =H13+I13+J13+K13+L13+M13+N13 -> 134 | AX13: =S13*(1+AB13)+T13+U13+V13+W13 -> 115.5 | AY13: =AG13+AH13+AI13+AJ13+AK13 -> 0 | AZ13: =AL13*(1+AQ13) -> 0 | BA13: =AR13 -> 6 | BB13: =AT13/D13 -> 8.5166667
A14: 12 | B14: =B13 -> 2 | C14: =C13+B14 -> 32 | D14: =B14+D13 -> 32 | E14: =$D14*攻击分赃比!B14*开放指数!B14 -> 38.4 | F14: =$D14*攻击分赃比!C14*开放指数!C14 -> 48 | G14: =$D14*攻击分赃比!D14*开放指数!D14 -> 64 | H14: =$D14*攻击分赃比!E14*开放指数!E14 -> 80 | I14: =I13 -> 14 | J14: =$D14*攻击分赃比!G14*开放指数!G14 -> 9.6 | K14: =$D14*攻击分赃比!H14*开放指数!H14 -> 0 | L14: =$D14*攻击分赃比!I14*开放指数!I14 -> 0 | M14: =$D14*攻击分赃比!J14*开放指数!J14 -> 0 | N14: =$D14*攻击分赃比!K14*开放指数!K14 -> 38.4 | O14: =$D14*攻击分赃比!M14*开放指数!L14 -> 48 | P14: =$D14*攻击分赃比!N14*开放指数!M14 -> 64 | Q14: =$D14*攻击分赃比!O14*开放指数!N14 -> 80 | R14: =$D14*攻击分赃比!P14*开放指数!O14 -> 96 | S14: =$D14*攻击分赃比!Q14*开放指数!P14 -> 112 | T14: =$D14*攻击分赃比!R14*开放指数!Q14 -> 0 | U14: =$D14*攻击分赃比!S14*开放指数!R14 -> 9.6 | V14: =$D14*攻击分赃比!T14*开放指数!S14 -> 0 | W14: =$D14*攻击分赃比!U14*开放指数!T14 -> 1.6 | X14: =攻击分赃比!V14*开放指数!U14 -> 0 | Y14: =攻击分赃比!W14*开放指数!V14 -> 0 | Z14: =攻击分赃比!X14*开放指数!W14 -> 0 | AA14: =攻击分赃比!Y14*开放指数!X14 -> 0 | AB14: =攻击分赃比!Z14*开放指数!Y14 -> 0 | AC14: =$D14*攻击分赃比!AB14*开放指数!Z14 -> 0 | AD14: =$D14*攻击分赃比!AC14*开放指数!AA14 -> 0 | AE14: =$D14*攻击分赃比!AD14*开放指数!AB14 -> 0 | AF14: =$D14*攻击分赃比!AE14*开放指数!AC14 -> 0 | AG14: =$D14*攻击分赃比!AF14*开放指数!AD14 -> 0 | AH14: =$D14*攻击分赃比!AG14*开放指数!AE14 -> 0 | AI14: =$D14*攻击分赃比!AH14*开放指数!AF14 -> 0 | AJ14: =$D14*攻击分赃比!AI14*开放指数!AG14 -> 0 | AK14: =$D14*攻击分赃比!AJ14*开放指数!AH14 -> 0 | AL14: =$D14*攻击分赃比!AL14*开放指数!AI14 -> 0 | AM14: =攻击分赃比!AM14*开放指数!AJ14 -> 0 | AN14: =攻击分赃比!AN14*开放指数!AK14 -> 0 | AO14: =攻击分赃比!AO14*开放指数!AL14 -> 0 | AP14: =攻击分赃比!AP14*开放指数!AM14 -> 0 | AQ14: =攻击分赃比!AQ14*开放指数!AN14 -> 0 | AR14: =$D14*攻击分赃比!AS14*开放指数!AO14 -> 6.4 | AS14: =D14+O14+AR14+AL14+AC14 -> 86.4 | AT14: =H14+I14+J14+K14+L14+M14+N14+S14*(1+AB14)+T14+U14+V14+W14+AG14+AH14+AI14+AJ14+AK14+AL14*(1+AQ14)+AR14 -> 271.6 | AW14: =H14+I14+J14+K14+L14+M14+N14 -> 142 | AX14: =S14*(1+AB14)+T14+U14+V14+W14 -> 123.2 | AY14: =AG14+AH14+AI14+AJ14+AK14 -> 0 | AZ14: =AL14*(1+AQ14) -> 0 | BA14: =AR14 -> 6.4 | BB14: =AT14/D14 -> 8.4875
A15: 13 | B15: =B14 -> 2 | C15: =C14+B15 -> 34 | D15: =B15+D14 -> 34 | E15: =$D15*攻击分赃比!B15*开放指数!B15 -> 40.8 | F15: =$D15*攻击分赃比!C15*开放指数!C15 -> 51 | G15: =$D15*攻击分赃比!D15*开放指数!D15 -> 68 | H15: =$D15*攻击分赃比!E15*开放指数!E15 -> 85 | I15: =I14 -> 14 | J15: =$D15*攻击分赃比!G15*开放指数!G15 -> 10.2 | K15: =$D15*攻击分赃比!H15*开放指数!H15 -> 0 | L15: =$D15*攻击分赃比!I15*开放指数!I15 -> 0 | M15: =$D15*攻击分赃比!J15*开放指数!J15 -> 0 | N15: =$D15*攻击分赃比!K15*开放指数!K15 -> 40.8 | O15: =$D15*攻击分赃比!M15*开放指数!L15 -> 51 | P15: =$D15*攻击分赃比!N15*开放指数!M15 -> 68 | Q15: =$D15*攻击分赃比!O15*开放指数!N15 -> 85 | R15: =$D15*攻击分赃比!P15*开放指数!O15 -> 102 | S15: =$D15*攻击分赃比!Q15*开放指数!P15 -> 119 | T15: =$D15*攻击分赃比!R15*开放指数!Q15 -> 0 | U15: =$D15*攻击分赃比!S15*开放指数!R15 -> 10.2 | V15: =$D15*攻击分赃比!T15*开放指数!S15 -> 0 | W15: =$D15*攻击分赃比!U15*开放指数!T15 -> 1.7 | X15: =攻击分赃比!V15*开放指数!U15 -> 0 | Y15: =攻击分赃比!W15*开放指数!V15 -> 0 | Z15: =攻击分赃比!X15*开放指数!W15 -> 0 | AA15: =攻击分赃比!Y15*开放指数!X15 -> 0 | AB15: =攻击分赃比!Z15*开放指数!Y15 -> 0 | AC15: =$D15*攻击分赃比!AB15*开放指数!Z15 -> 0 | AD15: =$D15*攻击分赃比!AC15*开放指数!AA15 -> 0 | AE15: =$D15*攻击分赃比!AD15*开放指数!AB15 -> 0 | AF15: =$D15*攻击分赃比!AE15*开放指数!AC15 -> 0 | AG15: =$D15*攻击分赃比!AF15*开放指数!AD15 -> 0 | AH15: =$D15*攻击分赃比!AG15*开放指数!AE15 -> 0 | AI15: =$D15*攻击分赃比!AH15*开放指数!AF15 -> 0 | AJ15: =$D15*攻击分赃比!AI15*开放指数!AG15 -> 0 | AK15: =$D15*攻击分赃比!AJ15*开放指数!AH15 -> 0 | AL15: =$D15*攻击分赃比!AL15*开放指数!AI15 -> 0 | AM15: =攻击分赃比!AM15*开放指数!AJ15 -> 0 | AN15: =攻击分赃比!AN15*开放指数!AK15 -> 0 | AO15: =攻击分赃比!AO15*开放指数!AL15 -> 0 | AP15: =攻击分赃比!AP15*开放指数!AM15 -> 0 | AQ15: =攻击分赃比!AQ15*开放指数!AN15 -> 0 | AR15: =$D15*攻击分赃比!AS15*开放指数!AO15 -> 6.8 | AS15: =D15+O15+AR15+AL15+AC15 -> 91.8 | AT15: =H15+I15+J15+K15+L15+M15+N15+S15*(1+AB15)+T15+U15+V15+W15+AG15+AH15+AI15+AJ15+AK15+AL15*(1+AQ15)+AR15 -> 287.7 | AW15: =H15+I15+J15+K15+L15+M15+N15 -> 150 | AX15: =S15*(1+AB15)+T15+U15+V15+W15 -> 130.9 | AY15: =AG15+AH15+AI15+AJ15+AK15 -> 0 | AZ15: =AL15*(1+AQ15) -> 0 | BA15: =AR15 -> 6.8 | BB15: =AT15/D15 -> 8.4617647
A16: 14 | B16: =B15 -> 2 | C16: =C15+B16 -> 36 | D16: =B16+D15 -> 36 | E16: =$D16*攻击分赃比!B16*开放指数!B16 -> 43.2 | F16: =$D16*攻击分赃比!C16*开放指数!C16 -> 54 | G16: =$D16*攻击分赃比!D16*开放指数!D16 -> 72 | H16: =$D16*攻击分赃比!E16*开放指数!E16 -> 90 | I16: =I15 -> 14 | J16: =$D16*攻击分赃比!G16*开放指数!G16 -> 10.8 | K16: =$D16*攻击分赃比!H16*开放指数!H16 -> 0 | L16: =$D16*攻击分赃比!I16*开放指数!I16 -> 0 | M16: =$D16*攻击分赃比!J16*开放指数!J16 -> 0 | N16: =$D16*攻击分赃比!K16*开放指数!K16 -> 43.2 | O16: =$D16*攻击分赃比!M16*开放指数!L16 -> 54 | P16: =$D16*攻击分赃比!N16*开放指数!M16 -> 72 | Q16: =$D16*攻击分赃比!O16*开放指数!N16 -> 90 | R16: =$D16*攻击分赃比!P16*开放指数!O16 -> 108 | S16: =$D16*攻击分赃比!Q16*开放指数!P16 -> 126 | T16: =$D16*攻击分赃比!R16*开放指数!Q16 -> 0 | U16: =$D16*攻击分赃比!S16*开放指数!R16 -> 10.8 | V16: =$D16*攻击分赃比!T16*开放指数!S16 -> 0 | W16: =$D16*攻击分赃比!U16*开放指数!T16 -> 1.8 | X16: =攻击分赃比!V16*开放指数!U16 -> 0 | Y16: =攻击分赃比!W16*开放指数!V16 -> 0 | Z16: =攻击分赃比!X16*开放指数!W16 -> 0 | AA16: =攻击分赃比!Y16*开放指数!X16 -> 0 | AB16: =攻击分赃比!Z16*开放指数!Y16 -> 0 | AC16: =$D16*攻击分赃比!AB16*开放指数!Z16 -> 0 | AD16: =$D16*攻击分赃比!AC16*开放指数!AA16 -> 0 | AE16: =$D16*攻击分赃比!AD16*开放指数!AB16 -> 0 | AF16: =$D16*攻击分赃比!AE16*开放指数!AC16 -> 0 | AG16: =$D16*攻击分赃比!AF16*开放指数!AD16 -> 0 | AH16: =$D16*攻击分赃比!AG16*开放指数!AE16 -> 0 | AI16: =$D16*攻击分赃比!AH16*开放指数!AF16 -> 0 | AJ16: =$D16*攻击分赃比!AI16*开放指数!AG16 -> 0 | AK16: =$D16*攻击分赃比!AJ16*开放指数!AH16 -> 0 | AL16: =$D16*攻击分赃比!AL16*开放指数!AI16 -> 0 | AM16: =攻击分赃比!AM16*开放指数!AJ16 -> 0 | AN16: =攻击分赃比!AN16*开放指数!AK16 -> 0 | AO16: =攻击分赃比!AO16*开放指数!AL16 -> 0 | AP16: =攻击分赃比!AP16*开放指数!AM16 -> 0 | AQ16: =攻击分赃比!AQ16*开放指数!AN16 -> 0 | AR16: =$D16*攻击分赃比!AS16*开放指数!AO16 -> 7.2 | AS16: =D16+O16+AR16+AL16+AC16 -> 97.2 | AT16: =H16+I16+J16+K16+L16+M16+N16+S16*(1+AB16)+T16+U16+V16+W16+AG16+AH16+AI16+AJ16+AK16+AL16*(1+AQ16)+AR16 -> 303.8 | AW16: =H16+I16+J16+K16+L16+M16+N16 -> 158 | AX16: =S16*(1+AB16)+T16+U16+V16+W16 -> 138.6 | AY16: =AG16+AH16+AI16+AJ16+AK16 -> 0 | AZ16: =AL16*(1+AQ16) -> 0 | BA16: =AR16 -> 7.2 | BB16: =AT16/D16 -> 8.4388889
A17: 15 | B17: =B16 -> 2 | C17: =C16+B17 -> 38 | D17: =B17+D16 -> 38 | E17: =$D17*攻击分赃比!B17*开放指数!B17 -> 45.6 | F17: =$D17*攻击分赃比!C17*开放指数!C17 -> 57 | G17: =$D17*攻击分赃比!D17*开放指数!D17 -> 76 | H17: =$D17*攻击分赃比!E17*开放指数!E17 -> 95 | I17: =$D17*攻击分赃比!F17*开放指数!F17 -> 19 | J17: =$D17*攻击分赃比!G17*开放指数!G17 -> 11.4 | K17: =$D17*攻击分赃比!H17*开放指数!H17 -> 22.8 | L17: =$D17*攻击分赃比!I17*开放指数!I17 -> 0 | ... N17: =$D17*攻击分赃比!K17*开放指数!K17 -> 45.6 | O17: =$D17*攻击分赃比!M17*开放指数!L17 -> 57 | P17: =$D17*攻击分赃比!N17*开放指数!M17 -> 76 | Q17: =$D17*攻击分赃比!O17*开放指数!N17 -> 95 | R17: =$D17*攻击分赃比!P17*开放指数!O17 -> 114 | S17: =$D17*攻击分赃比!Q17*开放指数!P17 -> 133 | T17: =$D17*攻击分赃比!R17*开放指数!Q17 -> 0 | U17: =$D17*攻击分赃比!S17*开放指数!R17 -> 11.4 | V17: =$D17*攻击分赃比!T17*开放指数!S17 -> 0 | W17: =$D17*攻击分赃比!U17*开放指数!T17 -> 1.9 | X17: =攻击分赃比!V17*开放指数!U17 -> 0 | Y17: =攻击分赃比!W17*开放指数!V17 -> 0 | Z17: =攻击分赃比!X17*开放指数!W17 -> 0 | AA17: =攻击分赃比!Y17*开放指数!X17 -> 0 | AB17: =攻击分赃比!Z17*开放指数!Y17 -> 0 | AC17: =$D17*攻击分赃比!AB17*开放指数!Z17 -> 38 | AD17: =$D17*攻击分赃比!AC17*开放指数!AA17 -> 45.6 | AE17: =$D17*攻击分赃比!AD17*开放指数!AB17 -> 57 | AF17: =$D17*攻击分赃比!AE17*开放指数!AC17 -> 76 | AG17: =$D17*攻击分赃比!AF17*开放指数!AD17 -> 95 | AH17: =$D17*攻击分赃比!AG17*开放指数!AE17 -> 0 | AI17: =$D17*攻击分赃比!AH17*开放指数!AF17 -> 7.6 | AJ17: =$D17*攻击分赃比!AI17*开放指数!AG17 -> 0 | AK17: =$D17*攻击分赃比!AJ17*开放指数!AH17 -> 1.14 | AL17: =$D17*攻击分赃比!AL17*开放指数!AI17 -> 0 | AM17: =攻击分赃比!AM17*开放指数!AJ17 -> 0 | AN17: =攻击分赃比!AN17*开放指数!AK17 -> 0 | AO17: =攻击分赃比!AO17*开放指数!AL17 -> 0 | AP17: =攻击分赃比!AP17*开放指数!AM17 -> 0 | AQ17: =攻击分赃比!AQ17*开放指数!AN17 -> 0 | AR17: =$D17*攻击分赃比!AS17*开放指数!AO17 -> 7.6 | AS17: =D17+O17+AR17+AL17+AC17 -> 140.6 | AT17: =H17+I17+J17+K17+L17+M17+N17+S17*(1+AB17)+T17+U17+V17+W17+AG17+AH17+AI17+AJ17+AK17+AL17*(1+AQ17)+AR17 -> 451.44 | AW17: =H17+I17+J17+K17+L17+M17+N17 -> 193.8 | AX17: =S17*(1+AB17)+T17+U17+V17+W17 -> 146.3 | AY17: =AG17+AH17+AI17+AJ17+AK17 -> 103.74 | AZ17: =AL17*(1+AQ17) -> 0 | BA17: =AR17 -> 7.6 | BB17: =AT17/D17 -> 11.88
A18: 16 | B18: =B17 -> 2 | C18: =C17+B18 -> 40 | D18: =B18+D17 -> 40 | E18: =$D18*攻击分赃比!B18*开放指数!B18 -> 48 | F18: =$D18*攻击分赃比!C18*开放指数!C18 -> 60 | G18: =$D18*攻击分赃比!D18*开放指数!D18 -> 80 | H18: =$D18*攻击分赃比!E18*开放指数!E18 -> 100 | I18: =I17 -> 19 | J18: =$D18*攻击分赃比!G18*开放指数!G18 -> 12 | K18: =$D18*攻击分赃比!H18*开放指数!H18 -> 24 | L18: =$D18*攻击分赃比!I18*开放指数!I18 -> 0 | M18: =$D18*攻击分赃比!J18*开放指数!J18 -> 0 | N18: =$D18*攻击分赃比!K18*开放指数!K18 -> 48 | O18: =$D18*攻击分赃比!M18*开放指数!L18 -> 60 | P18: =$D18*攻击分赃比!N18*开放指数!M18 -> 80 | Q18: =$D18*攻击分赃比!O18*开放指数!N18 -> 100 | R18: =$D18*攻击分赃比!P18*开放指数!O18 -> 120 | S18: =$D18*攻击分赃比!Q18*开放指数!P18 -> 140 | T18: =$D18*攻击分赃比!R18*开放指数!Q18 -> 0 | U18: =$D18*攻击分赃比!S18*开放指数!R18 -> 12 | V18: =$D18*攻击分赃比!T18*开放指数!S18 -> 0 | W18: =$D18*攻击分赃比!U18*开放指数!T18 -> 2 | X18: =攻击分赃比!V18*开放指数!U18 -> 0 | Y18: =攻击分赃比!W18*开放指数!V18 -> 0 | Z18: =攻击分赃比!X18*开放指数!W18 -> 0 | AA18: =攻击分赃比!Y18*开放指数!X18 -> 0 | AB18: =攻击分赃比!Z18*开放指数!Y18 -> 0 | AC18: =$D18*攻击分赃比!AB18*开放指数!Z18 -> 40 | AD18: =$D18*攻击分赃比!AC18*开放指数!AA18 -> 48 | AE18: =$D18*攻击分赃比!AD18*开放指数!AB18 -> 60 | AF18: =$D18*攻击分赃比!AE18*开放指数!AC18 -> 80 | AG18: =$D18*攻击分赃比!AF18*开放指数!AD18 -> 100 | AH18: =$D18*攻击分赃比!AG18*开放指数!AE18 -> 0 | AI18: =$D18*攻击分赃比!AH18*开放指数!AF18 -> 8 | AJ18: =$D18*攻击分赃比!AI18*开放指数!AG18 -> 0 | AK18: =$D18*攻击分赃比!AJ18*开放指数!AH18 -> 1.2 | AL18: =$D18*攻击分赃比!AL18*开放指数!AI18 -> 0 | AM18: =攻击分赃比!AM18*开放指数!AJ18 -> 0 | AN18: =攻击分赃比!AN18*开放指数!AK18 -> 0 | AO18: =攻击分赃比!AO18*开放指数!AL18 -> 0 | AP18: =攻击分赃比!AP18*开放指数!AM18 -> 0 | AQ18: =攻击分赃比!AQ18*开放指数!AN18 -> 0 | AR18: =$D18*攻击分赃比!AS18*开放指数!AO18 -> 8 | AS18: =D18+O18+AR18+AL18+AC18 -> 148 | AT18: =H18+I18+J18+K18+L18+M18+N18+S18*(1+AB18)+T18+U18+V18+W18+AG18+AH18+AI18+AJ18+AK18+AL18*(1+AQ18)+AR18 -> 474.2 | AW18: =H18+I18+J18+K18+L18+M18+N18 -> 203 | AX18: =S18*(1+AB18)+T18+U18+V18+W18 -> 154 | AY18: =AG18+AH18+AI18+AJ18+AK18 -> 109.2 | AZ18: =AL18*(1+AQ18) -> 0 | BA18: =AR18 -> 8 | BB18: =AT18/D18 -> 11.855
A19: 17 | B19: =B18 -> 2 | C19: =C18+B19 -> 42 | D19: =B19+D18 -> 42 | E19: =$D19*攻击分赃比!B19*开放指数!B19 -> 50.4 | F19: =$D19*攻击分赃比!C19*开放指数!C19 -> 63 | G19: =$D19*攻击分赃比!D19*开放指数!D19 -> 84 | H19: =$D19*攻击分赃比!E19*开放指数!E19 -> 105 | I19: =I18 -> 19 | J19: =$D19*攻击分赃比!G19*开放指数!G19 -> 12.6 | K19: =$D19*攻击分赃比!H19*开放指数!H19 -> 25.2 | L19: =$D19*攻击分赃比!I19*开放指数!I19 -> 0 | M19: =$D19*攻击分赃比!J19*开放指数!J19 -> 0 | N19: =$D19*攻击分赃比!K19*开放指数!K19 -> 50.4 | O19: =$D19*攻击分赃比!M19*开放指数!L19 -> 63 | P19: =$D19*攻击分赃比!N19*开放指数!M19 -> 84 | Q19: =$D19*攻击分赃比!O19*开放指数!N19 -> 105 | R19: =$D19*攻击分赃比!P19*开放指数!O19 -> 126 | S19: =$D19*攻击分赃比!Q19*开放指数!P19 -> 147 | T19: =$D19*攻击分赃比!R19*开放指数!Q19 -> 0 | U19: =$D19*攻击分赃比!S19*开放指数!R19 -> 12.6 | V19: =$D19*攻击分赃比!T19*开放指数!S19 -> 0 | W19: =$D19*攻击分赃比!U19*开放指数!T19 -> 2.1 | X19: =攻击分赃比!V19*开放指数!U19 -> 0 | Y19: =攻击分赃比!W19*开放指数!V19 -> 0 | Z19: =攻击分赃比!X19*开放指数!W19 -> 0 | AA19: =攻击分赃比!Y19*开放指数!X19 -> 0 | AB19: =攻击分赃比!Z19*开放指数!Y19 -> 0 | AC19: =$D19*攻击分赃比!AB19*开放指数!Z19 -> 42 | AD19: =$D19*攻击分赃比!AC19*开放指数!AA19 -> 50.4 | AE19: =$D19*攻击分赃比!AD19*开放指数!AB19 -> 63 | AF19: =$D19*攻击分赃比!AE19*开放指数!AC19 -> 84 | AG19: =$D19*攻击分赃比!AF19*开放指数!AD19 -> 105 | AH19: =$D19*攻击分赃比!AG19*开放指数!AE19 -> 0 | AI19: =$D19*攻击分赃比!AH19*开放指数!AF19 -> 8.4 | AJ19: =$D19*攻击分赃比!AI19*开放指数!AG19 -> 0 | AK19: =$D19*攻击分赃比!AJ19*开放指数!AH19 -> 1.26 | AL19: =$D19*攻击分赃比!AL19*开放指数!AI19 -> 0 | AM19: =攻击分赃比!AM19*开放指数!AJ19 -> 0 | AN19: =攻击分赃比!AN19*开放指数!AK19 -> 0 | AO19: =攻击分赃比!AO19*开放指数!AL19 -> 0 | AP19: =攻击分赃比!AP19*开放指数!AM19 -> 0 | AQ19: =攻击分赃比!AQ19*开放指数!AN19 -> 0 | AR19: =$D19*攻击分赃比!AS19*开放指数!AO19 -> 8.4 | AS19: =D19+O19+AR19+AL19+AC19 -> 155.4 | AT19: =H19+I19+J19+K19+L19+M19+N19+S19*(1+AB19)+T19+U19+V19+W19+AG19+AH19+AI19+AJ19+AK19+AL19*(1+AQ19)+AR19 -> 496.96 | AW19: =H19+I19+J19+K19+L19+M19+N19 -> 212.2 | AX19: =S19*(1+AB19)+T19+U19+V19+W19 -> 161.7 | AY19: =AG19+AH19+AI19+AJ19+AK19 -> 114.66 | AZ19: =AL19*(1+AQ19) -> 0 | BA19: =AR19 -> 8.4 | BB19: =AT19/D19 -> 11.832381
A20: 18 | B20: =B19 -> 2 | C20: =C19+B20 -> 44 | D20: =B20+D19 -> 44 | E20: =$D20*攻击分赃比!B20*开放指数!B20 -> 52.8 | F20: =$D20*攻击分赃比!C20*开放指数!C20 -> 66 | G20: =$D20*攻击分赃比!D20*开放指数!D20 -> 88 | H20: =$D20*攻击分赃比!E20*开放指数!E20 -> 110 | I20: =I19 -> 19 | J20: =$D20*攻击分赃比!G20*开放指数!G20 -> 13.2 | K20: =$D20*攻击分赃比!H20*开放指数!H20 -> 26.4 | L20: =$D20*攻击分赃比!I20*开放指数!I20 -> 0 | M20: =$D20*攻击分赃比!J20*开放指数!J20 -> 0 | N20: =$D20*攻击分赃比!K20*开放指数!K20 -> 52.8 | O20: =$D20*攻击分赃比!M20*开放指数!L20 -> 66 | P20: =$D20*攻击分赃比!N20*开放指数!M20 -> 88 | Q20: =$D20*攻击分赃比!O20*开放指数!N20 -> 110 | R20: =$D20*攻击分赃比!P20*开放指数!O20 -> 132 | S20: =$D20*攻击分赃比!Q20*开放指数!P20 -> 154 | T20: =$D20*攻击分赃比!R20*开放指数!Q20 -> 0 | U20: =$D20*攻击分赃比!S20*开放指数!R20 -> 13.2 | V20: =$D20*攻击分赃比!T20*开放指数!S20 -> 0 | W20: =$D20*攻击分赃比!U20*开放指数!T20 -> 2.2 | X20: =攻击分赃比!V20*开放指数!U20 -> 0 | Y20: =攻击分赃比!W20*开放指数!V20 -> 0 | Z20: =攻击分赃比!X20*开放指数!W20 -> 0 | AA20: =攻击分赃比!Y20*开放指数!X20 -> 0 | AB20: =攻击分赃比!Z20*开放指数!Y20 -> 0 | AC20: =$D20*攻击分赃比!AB20*开放指数!Z20 -> 44 | AD20: =$D20*攻击分赃比!AC20*开放指数!AA20 -> 52.8 | AE20: =$D20*攻击分赃比!AD20*开放指数!AB20 -> 66 | AF20: =$D20*攻击分赃比!AE20*开放指数!AC20 -> 88 | AG20: =$D20*攻击分赃比!AF20*开放指数!AD20 -> 110 | AH20: =$D20*攻击分赃比!AG20*开放指数!AE20 -> 0 | AI20: =$D20*攻击分赃比!AH20*开放指数!AF20 -> 8.8 | AJ20: =$D20*攻击分赃比!AI20*开放指数!AG20 -> 0 | AK20: =$D20*攻击分赃比!AJ20*开放指数!AH20 -> 1.32 | AL20: =$D20*攻击分赃比!AL20*开放指数!AI20 -> 0 | AM20: =攻击分赃比!AM20*开放指数!AJ20 -> 0 | AN20: =攻击分赃比!AN20*开放指数!AK20 -> 0 | AO20: =攻击分赃比!AO20*开放指数!AL20 -> 0 | AP20: =攻击分赃比!AP20*开放指数!AM20 -> 0 | AQ20: =攻击分赃比!AQ20*开放指数!AN20 -> 0 | AR20: =$D20*攻击分赃比!AS20*开放指数!AO20 -> 8.8 | AS20: =D20+O20+AR20+AL20+AC20 -> 162.8 | AT20: =H20+I20+J20+K20+L20+M20+N20+S20*(1+AB20)+T20+U20+V20+W20+AG20+AH20+AI20+AJ20+AK20+AL20*(1+AQ20)+AR20 -> 519.72 | AW20: =H20+I20+J20+K20+L20+M20+N20 -> 221.4 | AX20: =S20*(1+AB20)+T20+U20+V20+W20 -> 169.4 | AY20: =AG20+AH20+AI20+AJ20+AK20 -> 120.12 | AZ20: =AL20*(1+AQ20) -> 0 | BA20: =AR20 -> 8.8 | BB20: =AT20/D20 -> 11.811818
A21: 19 | B21: =B20 -> 2 | C21: =C20+B21 -> 46 | D21: =B21+D20 -> 46 | E21: =$D21*攻击分赃比!B21*开放指数!B21 -> 55.2 | F21: =$D21*攻击分赃比!C21*开放指数!C21 -> 69 | G21: =$D21*攻击分赃比!D21*开放指数!D21 -> 92 | H21: =$D21*攻击分赃比!E21*开放指数!E21 -> 115 | I21: =I20 -> 19 | J21: =$D21*攻击分赃比!G21*开放指数!G21 -> 13.8 | K21: =$D21*攻击分赃比!H21*开放指数!H21 -> 27.6 | L21: =$D21*攻击分赃比!I21*开放指数!I21 -> 0 | M21: =$D21*攻击分赃比!J21*开放指数!J21 -> 0 | N21: =$D21*攻击分赃比!K21*开放指数!K21 -> 55.2 | O21: =$D21*攻击分赃比!M21*开放指数!L21 -> 69 | P21: =$D21*攻击分赃比!N21*开放指数!M21 -> 92 | Q21: =$D21*攻击分赃比!O21*开放指数!N21 -> 115 | R21: =$D21*攻击分赃比!P21*开放指数!O21 -> 138 | S21: =$D21*攻击分赃比!Q21*开放指数!P21 -> 161 | T21: =$D21*攻击分赃比!R21*开放指数!Q21 -> 0 | U21: =$D21*攻击分赃比!S21*开放指数!R21 -> 13.8 | V21: =$D21*攻击分赃比!T21*开放指数!S21 -> 0 | W21: =$D21*攻击分赃比!U21*开放指数!T21 -> 2.3 | X21: =攻击分赃比!V21*开放指数!U21 -> 0 | Y21: =攻击分赃比!W21*开放指数!V21 -> 0 | Z21: =攻击分赃比!X21*开放指数!W21 -> 0 | AA21: =攻击分赃比!Y21*开放指数!X21 -> 0 | AB21: =攻击分赃比!Z21*开放指数!Y21 -> 0 | AC21: =$D21*攻击分赃比!AB21*开放指数!Z21 -> 46 | AD21: =$D21*攻击分赃比!AC21*开放指数!AA21 -> 55.2 | AE21: =$D21*攻击分赃比!AD21*开放指数!AB21 -> 69 | AF21: =$D21*攻击分赃比!AE21*开放指数!AC21 -> 92 | AG21: =$D21*攻击分赃比!AF21*开放指数!AD21 -> 115 | AH21: =$D21*攻击分赃比!AG21*开放指数!AE21 -> 0 | AI21: =$D21*攻击分赃比!AH21*开放指数!AF21 -> 9.2 | AJ21: =$D21*攻击分赃比!AI21*开放指数!AG21 -> 0 | AK21: =$D21*攻击分赃比!AJ21*开放指数!AH21 -> 1.38 | AL21: =$D21*攻击分赃比!AL21*开放指数!AI21 -> 0 | AM21: =攻击分赃比!AM21*开放指数!AJ21 -> 0 | AN21: =攻击分赃比!AN21*开放指数!AK21 -> 0 | AO21: =攻击分赃比!AO21*开放指数!AL21 -> 0 | AP21: =攻击分赃比!AP21*开放指数!AM21 -> 0 | AQ21: =攻击分赃比!AQ21*开放指数!AN21 -> 0 | AR21: =$D21*攻击分赃比!AS21*开放指数!AO21 -> 9.2 | AS21: =D21+O21+AR21+AL21+AC21 -> 170.2 | AT21: =H21+I21+J21+K21+L21+M21+N21+S21*(1+AB21)+T21+U21+V21+W21+AG21+AH21+AI21+AJ21+AK21+AL21*(1+AQ21)+AR21 -> 542.48 | AW21: =H21+I21+J21+K21+L21+M21+N21 -> 230.6 | AX21: =S21*(1+AB21)+T21+U21+V21+W21 -> 177.1 | AY21: =AG21+AH21+AI21+AJ21+AK21 -> 125.58 | AZ21: =AL21*(1+AQ21) -> 0 | BA21: =AR21 -> 9.2 | BB21: =AT21/D21 -> 11.793043
A22: 20 | B22: =B21 -> 2 | C22: =C21+B22 -> 48 | D22: =B22+D21 -> 48 | E22: =$D22*攻击分赃比!B22*开放指数!B22 -> 57.6 | F22: =$D22*攻击分赃比!C22*开放指数!C22 -> 72 | G22: =$D22*攻击分赃比!D22*开放指数!D22 -> 96 | H22: =$D22*攻击分赃比!E22*开放指数!E22 -> 120 | I22: =$D22*攻击分赃比!F22*开放指数!F22 -> 24 | J22: =$D22*攻击分赃比!G22*开放指数!G22 -> 14.4 | K22: =$D22*攻击分赃比!H22*开放指数!H22 -> 28.8 | L22: =$D22*攻击分赃比!I22*开放指数!I22 -> 0 | ... N22: =$D22*攻击分赃比!K22*开放指数!K22 -> 57.6 | O22: =$D22*攻击分赃比!M22*开放指数!L22 -> 72 | P22: =$D22*攻击分赃比!N22*开放指数!M22 -> 96 | Q22: =$D22*攻击分赃比!O22*开放指数!N22 -> 120 | R22: =$D22*攻击分赃比!P22*开放指数!O22 -> 144 | S22: =$D22*攻击分赃比!Q22*开放指数!P22 -> 168 | T22: =$D22*攻击分赃比!R22*开放指数!Q22 -> 0 | U22: =$D22*攻击分赃比!S22*开放指数!R22 -> 14.4 | V22: =$D22*攻击分赃比!T22*开放指数!S22 -> 0 | W22: =$D22*攻击分赃比!U22*开放指数!T22 -> 2.4 | X22: =攻击分赃比!V22*开放指数!U22 -> 0 | Y22: =攻击分赃比!W22*开放指数!V22 -> 0 | Z22: =攻击分赃比!X22*开放指数!W22 -> 0 | AA22: =攻击分赃比!Y22*开放指数!X22 -> 0 | AB22: =攻击分赃比!Z22*开放指数!Y22 -> 0 | AC22: =$D22*攻击分赃比!AB22*开放指数!Z22 -> 48 | AD22: =$D22*攻击分赃比!AC22*开放指数!AA22 -> 57.6 | AE22: =$D22*攻击分赃比!AD22*开放指数!AB22 -> 72 | AF22: =$D22*攻击分赃比!AE22*开放指数!AC22 -> 96 | AG22: =$D22*攻击分赃比!AF22*开放指数!AD22 -> 120 | AH22: =$D22*攻击分赃比!AG22*开放指数!AE22 -> 0 | AI22: =$D22*攻击分赃比!AH22*开放指数!AF22 -> 9.6 | AJ22: =$D22*攻击分赃比!AI22*开放指数!AG22 -> 0 | AK22: =$D22*攻击分赃比!AJ22*开放指数!AH22 -> 1.44 | AL22: =$D22*攻击分赃比!AL22*开放指数!AI22 -> 0 | AM22: =攻击分赃比!AM22*开放指数!AJ22 -> 0 | AN22: =攻击分赃比!AN22*开放指数!AK22 -> 0 | AO22: =攻击分赃比!AO22*开放指数!AL22 -> 0 | AP22: =攻击分赃比!AP22*开放指数!AM22 -> 0 | AQ22: =攻击分赃比!AQ22*开放指数!AN22 -> 0 | AR22: =$D22*攻击分赃比!AS22*开放指数!AO22 -> 9.6 | AS22: =D22+O22+AR22+AL22+AC22 -> 177.6 | AT22: =H22+I22+J22+K22+L22+M22+N22+S22*(1+AB22)+T22+U22+V22+W22+AG22+AH22+AI22+AJ22+AK22+AL22*(1+AQ22)+AR22 -> 570.24 | AW22: =H22+I22+J22+K22+L22+M22+N22 -> 244.8 | AX22: =S22*(1+AB22)+T22+U22+V22+W22 -> 184.8 | AY22: =AG22+AH22+AI22+AJ22+AK22 -> 131.04 | AZ22: =AL22*(1+AQ22) -> 0 | BA22: =AR22 -> 9.6 | BB22: =AT22/D22 -> 11.88
A23: 21 | B23: =B22 -> 2 | C23: =C22+B23 -> 50 | D23: =B23+D22 -> 50 | E23: =$D23*攻击分赃比!B23*开放指数!B23 -> 60 | F23: =$D23*攻击分赃比!C23*开放指数!C23 -> 75 | G23: =$D23*攻击分赃比!D23*开放指数!D23 -> 100 | H23: =$D23*攻击分赃比!E23*开放指数!E23 -> 125 | I23: =I22 -> 24 | J23: =$D23*攻击分赃比!G23*开放指数!G23 -> 15 | K23: =$D23*攻击分赃比!H23*开放指数!H23 -> 30 | L23: =$D23*攻击分赃比!I23*开放指数!I23 -> 0 | M23: =$D23*攻击分赃比!J23*开放指数!J23 -> 0 | N23: =$D23*攻击分赃比!K23*开放指数!K23 -> 60 | O23: =$D23*攻击分赃比!M23*开放指数!L23 -> 75 | P23: =$D23*攻击分赃比!N23*开放指数!M23 -> 100 | Q23: =$D23*攻击分赃比!O23*开放指数!N23 -> 125 | R23: =$D23*攻击分赃比!P23*开放指数!O23 -> 150 | S23: =$D23*攻击分赃比!Q23*开放指数!P23 -> 175 | T23: =$D23*攻击分赃比!R23*开放指数!Q23 -> 0 | U23: =$D23*攻击分赃比!S23*开放指数!R23 -> 15 | V23: =$D23*攻击分赃比!T23*开放指数!S23 -> 0 | W23: =$D23*攻击分赃比!U23*开放指数!T23 -> 2.5 | X23: =攻击分赃比!V23*开放指数!U23 -> 0 | Y23: =攻击分赃比!W23*开放指数!V23 -> 0 | Z23: =攻击分赃比!X23*开放指数!W23 -> 0 | AA23: =攻击分赃比!Y23*开放指数!X23 -> 0 | AB23: =攻击分赃比!Z23*开放指数!Y23 -> 0 | AC23: =$D23*攻击分赃比!AB23*开放指数!Z23 -> 50 | AD23: =$D23*攻击分赃比!AC23*开放指数!AA23 -> 60 | AE23: =$D23*攻击分赃比!AD23*开放指数!AB23 -> 75 | AF23: =$D23*攻击分赃比!AE23*开放指数!AC23 -> 100 | AG23: =$D23*攻击分赃比!AF23*开放指数!AD23 -> 125 | AH23: =$D23*攻击分赃比!AG23*开放指数!AE23 -> 0 | AI23: =$D23*攻击分赃比!AH23*开放指数!AF23 -> 10 | AJ23: =$D23*攻击分赃比!AI23*开放指数!AG23 -> 0 | AK23: =$D23*攻击分赃比!AJ23*开放指数!AH23 -> 1.5 | AL23: =$D23*攻击分赃比!AL23*开放指数!AI23 -> 0 | AM23: =攻击分赃比!AM23*开放指数!AJ23 -> 0 | AN23: =攻击分赃比!AN23*开放指数!AK23 -> 0 | AO23: =攻击分赃比!AO23*开放指数!AL23 -> 0 | AP23: =攻击分赃比!AP23*开放指数!AM23 -> 0 | AQ23: =攻击分赃比!AQ23*开放指数!AN23 -> 0 | AR23: =$D23*攻击分赃比!AS23*开放指数!AO23 -> 10 | AS23: =D23+O23+AR23+AL23+AC23 -> 185 | AT23: =H23+I23+J23+K23+L23+M23+N23+S23*(1+AB23)+T23+U23+V23+W23+AG23+AH23+AI23+AJ23+AK23+AL23*(1+AQ23)+AR23 -> 593 | AW23: =H23+I23+J23+K23+L23+M23+N23 -> 254 | AX23: =S23*(1+AB23)+T23+U23+V23+W23 -> 192.5 | AY23: =AG23+AH23+AI23+AJ23+AK23 -> 136.5 | AZ23: =AL23*(1+AQ23) -> 0 | BA23: =AR23 -> 10 | BB23: =AT23/D23 -> 11.86
A24: 22 | B24: =B23 -> 2 | C24: =C23+B24 -> 52 | D24: =B24+D23 -> 52 | E24: =$D24*攻击分赃比!B24*开放指数!B24 -> 62.4 | F24: =$D24*攻击分赃比!C24*开放指数!C24 -> 78 | G24: =$D24*攻击分赃比!D24*开放指数!D24 -> 104 | H24: =$D24*攻击分赃比!E24*开放指数!E24 -> 130 | I24: =I23 -> 24 | J24: =$D24*攻击分赃比!G24*开放指数!G24 -> 15.6 | K24: =$D24*攻击分赃比!H24*开放指数!H24 -> 31.2 | L24: =$D24*攻击分赃比!I24*开放指数!I24 -> 0 | M24: =$D24*攻击分赃比!J24*开放指数!J24 -> 0 | N24: =$D24*攻击分赃比!K24*开放指数!K24 -> 62.4 | O24: =$D24*攻击分赃比!M24*开放指数!L24 -> 78 | P24: =$D24*攻击分赃比!N24*开放指数!M24 -> 104 | Q24: =$D24*攻击分赃比!O24*开放指数!N24 -> 130 | R24: =$D24*攻击分赃比!P24*开放指数!O24 -> 156 | S24: =$D24*攻击分赃比!Q24*开放指数!P24 -> 182 | T24: =$D24*攻击分赃比!R24*开放指数!Q24 -> 0 | U24: =$D24*攻击分赃比!S24*开放指数!R24 -> 15.6 | V24: =$D24*攻击分赃比!T24*开放指数!S24 -> 0 | W24: =$D24*攻击分赃比!U24*开放指数!T24 -> 2.6 | X24: =攻击分赃比!V24*开放指数!U24 -> 0 | Y24: =攻击分赃比!W24*开放指数!V24 -> 0 | Z24: =攻击分赃比!X24*开放指数!W24 -> 0 | AA24: =攻击分赃比!Y24*开放指数!X24 -> 0 | AB24: =攻击分赃比!Z24*开放指数!Y24 -> 0 | AC24: =$D24*攻击分赃比!AB24*开放指数!Z24 -> 52 | AD24: =$D24*攻击分赃比!AC24*开放指数!AA24 -> 62.4 | AE24: =$D24*攻击分赃比!AD24*开放指数!AB24 -> 78 | AF24: =$D24*攻击分赃比!AE24*开放指数!AC24 -> 104 | AG24: =$D24*攻击分赃比!AF24*开放指数!AD24 -> 130 | AH24: =$D24*攻击分赃比!AG24*开放指数!AE24 -> 0 | AI24: =$D24*攻击分赃比!AH24*开放指数!AF24 -> 10.4 | AJ24: =$D24*攻击分赃比!AI24*开放指数!AG24 -> 0 | AK24: =$D24*攻击分赃比!AJ24*开放指数!AH24 -> 1.56 | AL24: =$D24*攻击分赃比!AL24*开放指数!AI24 -> 0 | AM24: =攻击分赃比!AM24*开放指数!AJ24 -> 0 | AN24: =攻击分赃比!AN24*开放指数!AK24 -> 0 | AO24: =攻击分赃比!AO24*开放指数!AL24 -> 0 | AP24: =攻击分赃比!AP24*开放指数!AM24 -> 0 | AQ24: =攻击分赃比!AQ24*开放指数!AN24 -> 0 | AR24: =$D24*攻击分赃比!AS24*开放指数!AO24 -> 10.4 | AS24: =D24+O24+AR24+AL24+AC24 -> 192.4 | AT24: =H24+I24+J24+K24+L24+M24+N24+S24*(1+AB24)+T24+U24+V24+W24+AG24+AH24+AI24+AJ24+AK24+AL24*(1+AQ24)+AR24 -> 615.76 | AW24: =H24+I24+J24+K24+L24+M24+N24 -> 263.2 | AX24: =S24*(1+AB24)+T24+U24+V24+W24 -> 200.2 | AY24: =AG24+AH24+AI24+AJ24+AK24 -> 141.96 | AZ24: =AL24*(1+AQ24) -> 0 | BA24: =AR24 -> 10.4 | BB24: =AT24/D24 -> 11.841538
A25: 23 | B25: =B24 -> 2 | C25: =C24+B25 -> 54 | D25: =B25+D24 -> 54 | E25: =$D25*攻击分赃比!B25*开放指数!B25 -> 64.8 | F25: =$D25*攻击分赃比!C25*开放指数!C25 -> 81 | G25: =$D25*攻击分赃比!D25*开放指数!D25 -> 108 | H25: =$D25*攻击分赃比!E25*开放指数!E25 -> 135 | I25: =I24 -> 24 | J25: =$D25*攻击分赃比!G25*开放指数!G25 -> 16.2 | K25: =$D25*攻击分赃比!H25*开放指数!H25 -> 32.4 | L25: =$D25*攻击分赃比!I25*开放指数!I25 -> 0 | M25: =$D25*攻击分赃比!J25*开放指数!J25 -> 0 | N25: =$D25*攻击分赃比!K25*开放指数!K25 -> 64.8 | O25: =$D25*攻击分赃比!M25*开放指数!L25 -> 81 | P25: =$D25*攻击分赃比!N25*开放指数!M25 -> 108 | Q25: =$D25*攻击分赃比!O25*开放指数!N25 -> 135 | R25: =$D25*攻击分赃比!P25*开放指数!O25 -> 162 | S25: =$D25*攻击分赃比!Q25*开放指数!P25 -> 189 | T25: =$D25*攻击分赃比!R25*开放指数!Q25 -> 0 | U25: =$D25*攻击分赃比!S25*开放指数!R25 -> 16.2 | V25: =$D25*攻击分赃比!T25*开放指数!S25 -> 0 | W25: =$D25*攻击分赃比!U25*开放指数!T25 -> 2.7 | X25: =攻击分赃比!V25*开放指数!U25 -> 0 | Y25: =攻击分赃比!W25*开放指数!V25 -> 0 | Z25: =攻击分赃比!X25*开放指数!W25 -> 0 | AA25: =攻击分赃比!Y25*开放指数!X25 -> 0 | AB25: =攻击分赃比!Z25*开放指数!Y25 -> 0 | AC25: =$D25*攻击分赃比!AB25*开放指数!Z25 -> 54 | AD25: =$D25*攻击分赃比!AC25*开放指数!AA25 -> 64.8 | AE25: =$D25*攻击分赃比!AD25*开放指数!AB25 -> 81 | AF25: =$D25*攻击分赃比!AE25*开放指数!AC25 -> 108 | AG25: =$D25*攻击分赃比!AF25*开放指数!AD25 -> 135 | AH25: =$D25*攻击分赃比!AG25*开放指数!AE25 -> 0 | AI25: =$D25*攻击分赃比!AH25*开放指数!AF25 -> 10.8 | AJ25: =$D25*攻击分赃比!AI25*开放指数!AG25 -> 0 | AK25: =$D25*攻击分赃比!AJ25*开放指数!AH25 -> 1.62 | AL25: =$D25*攻击分赃比!AL25*开放指数!AI25 -> 0 | AM25: =攻击分赃比!AM25*开放指数!AJ25 -> 0 | AN25: =攻击分赃比!AN25*开放指数!AK25 -> 0 | AO25: =攻击分赃比!AO25*开放指数!AL25 -> 0 | AP25: =攻击分赃比!AP25*开放指数!AM25 -> 0 | AQ25: =攻击分赃比!AQ25*开放指数!AN25 -> 0 | AR25: =$D25*攻击分赃比!AS25*开放指数!AO25 -> 10.8 | AS25: =D25+O25+AR25+AL25+AC25 -> 199.8 | AT25: =H25+I25+J25+K25+L25+M25+N25+S25*(1+AB25)+T25+U25+V25+W25+AG25+AH25+AI25+AJ25+AK25+AL25*(1+AQ25)+AR25 -> 638.52 | AW25: =H25+I25+J25+K25+L25+M25+N25 -> 272.4 | AX25: =S25*(1+AB25)+T25+U25+V25+W25 -> 207.9 | AY25: =AG25+AH25+AI25+AJ25+AK25 -> 147.42 | AZ25: =AL25*(1+AQ25) -> 0 | BA25: =AR25 -> 10.8 | BB25: =AT25/D25 -> 11.824444
A26: 24 | B26: =B25 -> 2 | C26: =C25+B26 -> 56 | D26: =B26+D25 -> 56 | E26: =$D26*攻击分赃比!B26*开放指数!B26 -> 67.2 | F26: =$D26*攻击分赃比!C26*开放指数!C26 -> 84 | G26: =$D26*攻击分赃比!D26*开放指数!D26 -> 112 | H26: =$D26*攻击分赃比!E26*开放指数!E26 -> 140 | I26: =I25 -> 24 | J26: =$D26*攻击分赃比!G26*开放指数!G26 -> 16.8 | K26: =$D26*攻击分赃比!H26*开放指数!H26 -> 33.6 | L26: =$D26*攻击分赃比!I26*开放指数!I26 -> 0 | M26: =$D26*攻击分赃比!J26*开放指数!J26 -> 0 | N26: =$D26*攻击分赃比!K26*开放指数!K26 -> 67.2 | O26: =$D26*攻击分赃比!M26*开放指数!L26 -> 84 | P26: =$D26*攻击分赃比!N26*开放指数!M26 -> 112 | Q26: =$D26*攻击分赃比!O26*开放指数!N26 -> 140 | R26: =$D26*攻击分赃比!P26*开放指数!O26 -> 168 | S26: =$D26*攻击分赃比!Q26*开放指数!P26 -> 196 | T26: =$D26*攻击分赃比!R26*开放指数!Q26 -> 0 | U26: =$D26*攻击分赃比!S26*开放指数!R26 -> 16.8 | V26: =$D26*攻击分赃比!T26*开放指数!S26 -> 0 | W26: =$D26*攻击分赃比!U26*开放指数!T26 -> 2.8 | X26: =攻击分赃比!V26*开放指数!U26 -> 0 | Y26: =攻击分赃比!W26*开放指数!V26 -> 0 | Z26: =攻击分赃比!X26*开放指数!W26 -> 0 | AA26: =攻击分赃比!Y26*开放指数!X26 -> 0 | AB26: =攻击分赃比!Z26*开放指数!Y26 -> 0 | AC26: =$D26*攻击分赃比!AB26*开放指数!Z26 -> 56 | AD26: =$D26*攻击分赃比!AC26*开放指数!AA26 -> 67.2 | AE26: =$D26*攻击分赃比!AD26*开放指数!AB26 -> 84 | AF26: =$D26*攻击分赃比!AE26*开放指数!AC26 -> 112 | AG26: =$D26*攻击分赃比!AF26*开放指数!AD26 -> 140 | AH26: =$D26*攻击分赃比!AG26*开放指数!AE26 -> 0 | AI26: =$D26*攻击分赃比!AH26*开放指数!AF26 -> 11.2 | AJ26: =$D26*攻击分赃比!AI26*开放指数!AG26 -> 0 | AK26: =$D26*攻击分赃比!AJ26*开放指数!AH26 -> 1.68 | AL26: =$D26*攻击分赃比!AL26*开放指数!AI26 -> 0 | AM26: =攻击分赃比!AM26*开放指数!AJ26 -> 0 | AN26: =攻击分赃比!AN26*开放指数!AK26 -> 0 | AO26: =攻击分赃比!AO26*开放指数!AL26 -> 0 | AP26: =攻击分赃比!AP26*开放指数!AM26 -> 0 | AQ26: =攻击分赃比!AQ26*开放指数!AN26 -> 0 | AR26: =$D26*攻击分赃比!AS26*开放指数!AO26 -> 11.2 | AS26: =D26+O26+AR26+AL26+AC26 -> 207.2 | AT26: =H26+I26+J26+K26+L26+M26+N26+S26*(1+AB26)+T26+U26+V26+W26+AG26+AH26+AI26+AJ26+AK26+AL26*(1+AQ26)+AR26 -> 661.28 | AW26: =H26+I26+J26+K26+L26+M26+N26 -> 281.6 | AX26: =S26*(1+AB26)+T26+U26+V26+W26 -> 215.6 | AY26: =AG26+AH26+AI26+AJ26+AK26 -> 152.88 | AZ26: =AL26*(1+AQ26) -> 0 | BA26: =AR26 -> 11.2 | BB26: =AT26/D26 -> 11.808571
A27: 25 | B27: =B26 -> 2 | C27: =C26+B27 -> 58 | D27: =B27+D26 -> 58 | E27: =$D27*攻击分赃比!B27*开放指数!B27 -> 69.6 | F27: =$D27*攻击分赃比!C27*开放指数!C27 -> 87 | G27: =$D27*攻击分赃比!D27*开放指数!D27 -> 116 | H27: =$D27*攻击分赃比!E27*开放指数!E27 -> 145 | I27: =$D27*攻击分赃比!F27*开放指数!F27 -> 29 | J27: =$D27*攻击分赃比!G27*开放指数!G27 -> 17.4 | K27: =$D27*攻击分赃比!H27*开放指数!H27 -> 34.8 | L27: =$D27*攻击分赃比!I27*开放指数!I27 -> 0 | ... N27: =$D27*攻击分赃比!K27*开放指数!K27 -> 69.6 | O27: =$D27*攻击分赃比!M27*开放指数!L27 -> 87 | P27: =$D27*攻击分赃比!N27*开放指数!M27 -> 116 | Q27: =$D27*攻击分赃比!O27*开放指数!N27 -> 145 | R27: =$D27*攻击分赃比!P27*开放指数!O27 -> 174 | S27: =$D27*攻击分赃比!Q27*开放指数!P27 -> 203 | T27: =$D27*攻击分赃比!R27*开放指数!Q27 -> 0 | U27: =$D27*攻击分赃比!S27*开放指数!R27 -> 17.4 | V27: =$D27*攻击分赃比!T27*开放指数!S27 -> 0 | W27: =$D27*攻击分赃比!U27*开放指数!T27 -> 2.9 | X27: =攻击分赃比!V27*开放指数!U27 -> 0 | Y27: =攻击分赃比!W27*开放指数!V27 -> 0 | Z27: =攻击分赃比!X27*开放指数!W27 -> 0 | AA27: =攻击分赃比!Y27*开放指数!X27 -> 0 | AB27: =攻击分赃比!Z27*开放指数!Y27 -> 0 | AC27: =$D27*攻击分赃比!AB27*开放指数!Z27 -> 58 | AD27: =$D27*攻击分赃比!AC27*开放指数!AA27 -> 69.6 | AE27: =$D27*攻击分赃比!AD27*开放指数!AB27 -> 87 | AF27: =$D27*攻击分赃比!AE27*开放指数!AC27 -> 116 | AG27: =$D27*攻击分赃比!AF27*开放指数!AD27 -> 145 | AH27: =$D27*攻击分赃比!AG27*开放指数!AE27 -> 0 | AI27: =$D27*攻击分赃比!AH27*开放指数!AF27 -> 11.6 | AJ27: =$D27*攻击分赃比!AI27*开放指数!AG27 -> 0 | AK27: =$D27*攻击分赃比!AJ27*开放指数!AH27 -> 1.74 | AL27: =$D27*攻击分赃比!AL27*开放指数!AI27 -> 0 | AM27: =攻击分赃比!AM27*开放指数!AJ27 -> 0 | AN27: =攻击分赃比!AN27*开放指数!AK27 -> 0 | AO27: =攻击分赃比!AO27*开放指数!AL27 -> 0 | AP27: =攻击分赃比!AP27*开放指数!AM27 -> 0 | AQ27: =攻击分赃比!AQ27*开放指数!AN27 -> 0 | AR27: =$D27*攻击分赃比!AS27*开放指数!AO27 -> 11.6 | AS27: =D27+O27+AR27+AL27+AC27 -> 214.6 | AT27: =H27+I27+J27+K27+L27+M27+N27+S27*(1+AB27)+T27+U27+V27+W27+AG27+AH27+AI27+AJ27+AK27+AL27*(1+AQ27)+AR27 -> 689.04 | AW27: =H27+I27+J27+K27+L27+M27+N27 -> 295.8 | AX27: =S27*(1+AB27)+T27+U27+V27+W27 -> 223.3 | AY27: =AG27+AH27+AI27+AJ27+AK27 -> 158.34 | AZ27: =AL27*(1+AQ27) -> 0 | BA27: =AR27 -> 11.6 | BB27: =AT27/D27 -> 11.88
A28: 26 | B28: =B27 -> 2 | C28: =C27+B28 -> 60 | D28: =B28+D27 -> 60 | E28: =$D28*攻击分赃比!B28*开放指数!B28 -> 72 | F28: =$D28*攻击分赃比!C28*开放指数!C28 -> 90 | G28: =$D28*攻击分赃比!D28*开放指数!D28 -> 120 | H28: =$D28*攻击分赃比!E28*开放指数!E28 -> 150 | I28: =I27 -> 29 | J28: =$D28*攻击分赃比!G28*开放指数!G28 -> 18 | K28: =$D28*攻击分赃比!H28*开放指数!H28 -> 36 | L28: =$D28*攻击分赃比!I28*开放指数!I28 -> 0 | M28: =$D28*攻击分赃比!J28*开放指数!J28 -> 0 | N28: =$D28*攻击分赃比!K28*开放指数!K28 -> 72 | O28: =$D28*攻击分赃比!M28*开放指数!L28 -> 90 | P28: =$D28*攻击分赃比!N28*开放指数!M28 -> 120 | Q28: =$D28*攻击分赃比!O28*开放指数!N28 -> 150 | R28: =$D28*攻击分赃比!P28*开放指数!O28 -> 180 | S28: =$D28*攻击分赃比!Q28*开放指数!P28 -> 210 | T28: =$D28*攻击分赃比!R28*开放指数!Q28 -> 0 | U28: =$D28*攻击分赃比!S28*开放指数!R28 -> 18 | V28: =$D28*攻击分赃比!T28*开放指数!S28 -> 0 | W28: =$D28*攻击分赃比!U28*开放指数!T28 -> 3 | X28: =攻击分赃比!V28*开放指数!U28 -> 0 | Y28: =攻击分赃比!W28*开放指数!V28 -> 0 | Z28: =攻击分赃比!X28*开放指数!W28 -> 0 | AA28: =攻击分赃比!Y28*开放指数!X28 -> 0 | AB28: =攻击分赃比!Z28*开放指数!Y28 -> 0 | AC28: =$D28*攻击分赃比!AB28*开放指数!Z28 -> 60 | AD28: =$D28*攻击分赃比!AC28*开放指数!AA28 -> 72 | AE28: =$D28*攻击分赃比!AD28*开放指数!AB28 -> 90 | AF28: =$D28*攻击分赃比!AE28*开放指数!AC28 -> 120 | AG28: =$D28*攻击分赃比!AF28*开放指数!AD28 -> 150 | AH28: =$D28*攻击分赃比!AG28*开放指数!AE28 -> 0 | AI28: =$D28*攻击分赃比!AH28*开放指数!AF28 -> 12 | AJ28: =$D28*攻击分赃比!AI28*开放指数!AG28 -> 0 | AK28: =$D28*攻击分赃比!AJ28*开放指数!AH28 -> 1.8 | AL28: =$D28*攻击分赃比!AL28*开放指数!AI28 -> 0 | AM28: =攻击分赃比!AM28*开放指数!AJ28 -> 0 | AN28: =攻击分赃比!AN28*开放指数!AK28 -> 0 | AO28: =攻击分赃比!AO28*开放指数!AL28 -> 0 | AP28: =攻击分赃比!AP28*开放指数!AM28 -> 0 | AQ28: =攻击分赃比!AQ28*开放指数!AN28 -> 0 | AR28: =$D28*攻击分赃比!AS28*开放指数!AO28 -> 12 | AS28: =D28+O28+AR28+AL28+AC28 -> 222 | AT28: =H28+I28+J28+K28+L28+M28+N28+S28*(1+AB28)+T28+U28+V28+W28+AG28+AH28+AI28+AJ28+AK28+AL28*(1+AQ28)+AR28 -> 711.8 | AW28: =H28+I28+J28+K28+L28+M28+N28 -> 305 | AX28: =S28*(1+AB28)+T28+U28+V28+W28 -> 231 | AY28: =AG28+AH28+AI28+AJ28+AK28 -> 163.8 | AZ28: =AL28*(1+AQ28) -> 0 | BA28: =AR28 -> 12 | BB28: =AT28/D28 -> 11.863333
A29: 27 | B29: =B28 -> 2 | C29: =C28+B29 -> 62 | D29: =B29+D28 -> 62 | E29: =$D29*攻击分赃比!B29*开放指数!B29 -> 74.4 | F29: =$D29*攻击分赃比!C29*开放指数!C29 -> 93 | G29: =$D29*攻击分赃比!D29*开放指数!D29 -> 124 | H29: =$D29*攻击分赃比!E29*开放指数!E29 -> 155 | I29: =I28 -> 29 | J29: =$D29*攻击分赃比!G29*开放指数!G29 -> 18.6 | K29: =$D29*攻击分赃比!H29*开放指数!H29 -> 37.2 | L29: =$D29*攻击分赃比!I29*开放指数!I29 -> 0 | M29: =$D29*攻击分赃比!J29*开放指数!J29 -> 0 | N29: =$D29*攻击分赃比!K29*开放指数!K29 -> 74.4 | O29: =$D29*攻击分赃比!M29*开放指数!L29 -> 93 | P29: =$D29*攻击分赃比!N29*开放指数!M29 -> 124 | Q29: =$D29*攻击分赃比!O29*开放指数!N29 -> 155 | R29: =$D29*攻击分赃比!P29*开放指数!O29 -> 186 | S29: =$D29*攻击分赃比!Q29*开放指数!P29 -> 217 | T29: =$D29*攻击分赃比!R29*开放指数!Q29 -> 0 | U29: =$D29*攻击分赃比!S29*开放指数!R29 -> 18.6 | V29: =$D29*攻击分赃比!T29*开放指数!S29 -> 0 | W29: =$D29*攻击分赃比!U29*开放指数!T29 -> 3.1 | X29: =攻击分赃比!V29*开放指数!U29 -> 0 | Y29: =攻击分赃比!W29*开放指数!V29 -> 0 | Z29: =攻击分赃比!X29*开放指数!W29 -> 0 | AA29: =攻击分赃比!Y29*开放指数!X29 -> 0 | AB29: =攻击分赃比!Z29*开放指数!Y29 -> 0 | AC29: =$D29*攻击分赃比!AB29*开放指数!Z29 -> 62 | AD29: =$D29*攻击分赃比!AC29*开放指数!AA29 -> 74.4 | AE29: =$D29*攻击分赃比!AD29*开放指数!AB29 -> 93 | AF29: =$D29*攻击分赃比!AE29*开放指数!AC29 -> 124 | AG29: =$D29*攻击分赃比!AF29*开放指数!AD29 -> 155 | AH29: =$D29*攻击分赃比!AG29*开放指数!AE29 -> 0 | AI29: =$D29*攻击分赃比!AH29*开放指数!AF29 -> 12.4 | AJ29: =$D29*攻击分赃比!AI29*开放指数!AG29 -> 0 | AK29: =$D29*攻击分赃比!AJ29*开放指数!AH29 -> 1.86 | AL29: =$D29*攻击分赃比!AL29*开放指数!AI29 -> 0 | AM29: =攻击分赃比!AM29*开放指数!AJ29 -> 0 | AN29: =攻击分赃比!AN29*开放指数!AK29 -> 0 | AO29: =攻击分赃比!AO29*开放指数!AL29 -> 0 | AP29: =攻击分赃比!AP29*开放指数!AM29 -> 0 | AQ29: =攻击分赃比!AQ29*开放指数!AN29 -> 0 | AR29: =$D29*攻击分赃比!AS29*开放指数!AO29 -> 12.4 | AS29: =D29+O29+AR29+AL29+AC29 -> 229.4 | AT29: =H29+I29+J29+K29+L29+M29+N29+S29*(1+AB29)+T29+U29+V29+W29+AG29+AH29+AI29+AJ29+AK29+AL29*(1+AQ29)+AR29 -> 734.56 | AW29: =H29+I29+J29+K29+L29+M29+N29 -> 314.2 | AX29: =S29*(1+AB29)+T29+U29+V29+W29 -> 238.7 | AY29: =AG29+AH29+AI29+AJ29+AK29 -> 169.26 | AZ29: =AL29*(1+AQ29) -> 0 | BA29: =AR29 -> 12.4 | BB29: =AT29/D29 -> 11.847742
A30: 28 | B30: =B29 -> 2 | C30: =C29+B30 -> 64 | D30: =B30+D29 -> 64 | E30: =$D30*攻击分赃比!B30*开放指数!B30 -> 76.8 | F30: =$D30*攻击分赃比!C30*开放指数!C30 -> 96 | G30: =$D30*攻击分赃比!D30*开放指数!D30 -> 128 | H30: =$D30*攻击分赃比!E30*开放指数!E30 -> 160 | I30: =I29 -> 29 | J30: =$D30*攻击分赃比!G30*开放指数!G30 -> 19.2 | K30: =$D30*攻击分赃比!H30*开放指数!H30 -> 38.4 | L30: =$D30*攻击分赃比!I30*开放指数!I30 -> 0 | M30: =$D30*攻击分赃比!J30*开放指数!J30 -> 0 | N30: =$D30*攻击分赃比!K30*开放指数!K30 -> 76.8 | O30: =$D30*攻击分赃比!M30*开放指数!L30 -> 96 | P30: =$D30*攻击分赃比!N30*开放指数!M30 -> 128 | Q30: =$D30*攻击分赃比!O30*开放指数!N30 -> 160 | R30: =$D30*攻击分赃比!P30*开放指数!O30 -> 192 | S30: =$D30*攻击分赃比!Q30*开放指数!P30 -> 224 | T30: =$D30*攻击分赃比!R30*开放指数!Q30 -> 0 | U30: =$D30*攻击分赃比!S30*开放指数!R30 -> 19.2 | V30: =$D30*攻击分赃比!T30*开放指数!S30 -> 0 | W30: =$D30*攻击分赃比!U30*开放指数!T30 -> 3.2 | X30: =攻击分赃比!V30*开放指数!U30 -> 0 | Y30: =攻击分赃比!W30*开放指数!V30 -> 0 | Z30: =攻击分赃比!X30*开放指数!W30 -> 0 | AA30: =攻击分赃比!Y30*开放指数!X30 -> 0 | AB30: =攻击分赃比!Z30*开放指数!Y30 -> 0 | AC30: =$D30*攻击分赃比!AB30*开放指数!Z30 -> 64 | AD30: =$D30*攻击分赃比!AC30*开放指数!AA30 -> 76.8 | AE30: =$D30*攻击分赃比!AD30*开放指数!AB30 -> 96 | AF30: =$D30*攻击分赃比!AE30*开放指数!AC30 -> 128 | AG30: =$D30*攻击分赃比!AF30*开放指数!AD30 -> 160 | AH30: =$D30*攻击分赃比!AG30*开放指数!AE30 -> 0 | AI30: =$D30*攻击分赃比!AH30*开放指数!AF30 -> 12.8 | AJ30: =$D30*攻击分赃比!AI30*开放指数!AG30 -> 0 | AK30: =$D30*攻击分赃比!AJ30*开放指数!AH30 -> 1.92 | AL30: =$D30*攻击分赃比!AL30*开放指数!AI30 -> 0 | AM30: =攻击分赃比!AM30*开放指数!AJ30 -> 0 | AN30: =攻击分赃比!AN30*开放指数!AK30 -> 0 | AO30: =攻击分赃比!AO30*开放指数!AL30 -> 0 | AP30: =攻击分赃比!AP30*开放指数!AM30 -> 0 | AQ30: =攻击分赃比!AQ30*开放指数!AN30 -> 0 | AR30: =$D30*攻击分赃比!AS30*开放指数!AO30 -> 12.8 | AS30: =D30+O30+AR30+AL30+AC30 -> 236.8 | AT30: =H30+I30+J30+K30+L30+M30+N30+S30*(1+AB30)+T30+U30+V30+W30+AG30+AH30+AI30+AJ30+AK30+AL30*(1+AQ30)+AR30 -> 757.32 | AW30: =H30+I30+J30+K30+L30+M30+N30 -> 323.4 | AX30: =S30*(1+AB30)+T30+U30+V30+W30 -> 246.4 | AY30: =AG30+AH30+AI30+AJ30+AK30 -> 174.72 | AZ30: =AL30*(1+AQ30) -> 0 | BA30: =AR30 -> 12.8 | BB30: =AT30/D30 -> 11.833125
A31: 29 | B31: =B30 -> 2 | C31: =C30+B31 -> 66 | D31: =B31+D30 -> 66 | E31: =$D31*攻击分赃比!B31*开放指数!B31 -> 79.2 | F31: =$D31*攻击分赃比!C31*开放指数!C31 -> 99 | G31: =$D31*攻击分赃比!D31*开放指数!D31 -> 132 | H31: =$D31*攻击分赃比!E31*开放指数!E31 -> 165 | I31: =I30 -> 29 | J31: =$D31*攻击分赃比!G31*开放指数!G31 -> 19.8 | K31: =$D31*攻击分赃比!H31*开放指数!H31 -> 39.6 | L31: =$D31*攻击分赃比!I31*开放指数!I31 -> 0 | M31: =$D31*攻击分赃比!J31*开放指数!J31 -> 0 | N31: =$D31*攻击分赃比!K31*开放指数!K31 -> 79.2 | O31: =$D31*攻击分赃比!M31*开放指数!L31 -> 99 | P31: =$D31*攻击分赃比!N31*开放指数!M31 -> 132 | Q31: =$D31*攻击分赃比!O31*开放指数!N31 -> 165 | R31: =$D31*攻击分赃比!P31*开放指数!O31 -> 198 | S31: =$D31*攻击分赃比!Q31*开放指数!P31 -> 231 | T31: =$D31*攻击分赃比!R31*开放指数!Q31 -> 0 | U31: =$D31*攻击分赃比!S31*开放指数!R31 -> 19.8 | V31: =$D31*攻击分赃比!T31*开放指数!S31 -> 0 | W31: =$D31*攻击分赃比!U31*开放指数!T31 -> 3.3 | X31: =攻击分赃比!V31*开放指数!U31 -> 0 | Y31: =攻击分赃比!W31*开放指数!V31 -> 0 | Z31: =攻击分赃比!X31*开放指数!W31 -> 0 | AA31: =攻击分赃比!Y31*开放指数!X31 -> 0 | AB31: =攻击分赃比!Z31*开放指数!Y31 -> 0 | AC31: =$D31*攻击分赃比!AB31*开放指数!Z31 -> 66 | AD31: =$D31*攻击分赃比!AC31*开放指数!AA31 -> 79.2 | AE31: =$D31*攻击分赃比!AD31*开放指数!AB31 -> 99 | AF31: =$D31*攻击分赃比!AE31*开放指数!AC31 -> 132 | AG31: =$D31*攻击分赃比!AF31*开放指数!AD31 -> 165 | AH31: =$D31*攻击分赃比!AG31*开放指数!AE31 -> 0 | AI31: =$D31*攻击分赃比!AH31*开放指数!AF31 -> 13.2 | AJ31: =$D31*攻击分赃比!AI31*开放指数!AG31 -> 0 | AK31: =$D31*攻击分赃比!AJ31*开放指数!AH31 -> 1.98 | AL31: =$D31*攻击分赃比!AL31*开放指数!AI31 -> 0 | AM31: =攻击分赃比!AM31*开放指数!AJ31 -> 0 | AN31: =攻击分赃比!AN31*开放指数!AK31 -> 0 | AO31: =攻击分赃比!AO31*开放指数!AL31 -> 0 | AP31: =攻击分赃比!AP31*开放指数!AM31 -> 0 | AQ31: =攻击分赃比!AQ31*开放指数!AN31 -> 0 | AR31: =$D31*攻击分赃比!AS31*开放指数!AO31 -> 13.2 | AS31: =D31+O31+AR31+AL31+AC31 -> 244.2 | AT31: =H31+I31+J31+K31+L31+M31+N31+S31*(1+AB31)+T31+U31+V31+W31+AG31+AH31+AI31+AJ31+AK31+AL31*(1+AQ31)+AR31 -> 780.08 | AW31: =H31+I31+J31+K31+L31+M31+N31 -> 332.6 | AX31: =S31*(1+AB31)+T31+U31+V31+W31 -> 254.1 | AY31: =AG31+AH31+AI31+AJ31+AK31 -> 180.18 | AZ31: =AL31*(1+AQ31) -> 0 | BA31: =AR31 -> 13.2 | BB31: =AT31/D31 -> 11.819394
A32: 30 | B32: =B31 -> 2 | C32: =C31+B32 -> 68 | D32: =B32+D31 -> 68 | E32: =$D32*攻击分赃比!B32*开放指数!B32 -> 81.6 | F32: =$D32*攻击分赃比!C32*开放指数!C32 -> 102 | G32: =$D32*攻击分赃比!D32*开放指数!D32 -> 136 | H32: =$D32*攻击分赃比!E32*开放指数!E32 -> 170 | I32: =$D32*攻击分赃比!F32*开放指数!F32 -> 34 | J32: =$D32*攻击分赃比!G32*开放指数!G32 -> 20.4 | K32: =$D32*攻击分赃比!H32*开放指数!H32 -> 40.8 | L32: =$D32*攻击分赃比!I32*开放指数!I32 -> 0 | ... N32: =$D32*攻击分赃比!K32*开放指数!K32 -> 81.6 | O32: =$D32*攻击分赃比!M32*开放指数!L32 -> 102 | P32: =$D32*攻击分赃比!N32*开放指数!M32 -> 136 | Q32: =$D32*攻击分赃比!O32*开放指数!N32 -> 170 | R32: =$D32*攻击分赃比!P32*开放指数!O32 -> 204 | S32: =$D32*攻击分赃比!Q32*开放指数!P32 -> 238 | T32: =$D32*攻击分赃比!R32*开放指数!Q32 -> 51 | U32: =$D32*攻击分赃比!S32*开放指数!R32 -> 20.4 | V32: =$D32*攻击分赃比!T32*开放指数!S32 -> 20.4 | W32: =$D32*攻击分赃比!U32*开放指数!T32 -> 3.4 | X32: =攻击分赃比!V32*开放指数!U32 -> 0 | Y32: =攻击分赃比!W32*开放指数!V32 -> 0 | Z32: =攻击分赃比!X32*开放指数!W32 -> 0 | AA32: =攻击分赃比!Y32*开放指数!X32 -> 0 | AB32: =攻击分赃比!Z32*开放指数!Y32 -> 0 | AC32: =$D32*攻击分赃比!AB32*开放指数!Z32 -> 68 | AD32: =$D32*攻击分赃比!AC32*开放指数!AA32 -> 81.6 | AE32: =$D32*攻击分赃比!AD32*开放指数!AB32 -> 102 | AF32: =$D32*攻击分赃比!AE32*开放指数!AC32 -> 136 | AG32: =$D32*攻击分赃比!AF32*开放指数!AD32 -> 170 | AH32: =$D32*攻击分赃比!AG32*开放指数!AE32 -> 0 | AI32: =$D32*攻击分赃比!AH32*开放指数!AF32 -> 13.6 | AJ32: =$D32*攻击分赃比!AI32*开放指数!AG32 -> 0 | AK32: =$D32*攻击分赃比!AJ32*开放指数!AH32 -> 2.04 | AL32: =$D32*攻击分赃比!AL32*开放指数!AI32 -> 0 | AM32: =攻击分赃比!AM32*开放指数!AJ32 -> 0 | AN32: =攻击分赃比!AN32*开放指数!AK32 -> 0 | AO32: =攻击分赃比!AO32*开放指数!AL32 -> 0 | AP32: =攻击分赃比!AP32*开放指数!AM32 -> 0 | AQ32: =攻击分赃比!AQ32*开放指数!AN32 -> 0 | AR32: =$D32*攻击分赃比!AS32*开放指数!AO32 -> 13.6 | AS32: =D32+O32+AR32+AL32+AC32 -> 251.6 | AT32: =H32+I32+J32+K32+L32+M32+N32+S32*(1+AB32)+T32+U32+V32+W32+AG32+AH32+AI32+AJ32+AK32+AL32*(1+AQ32)+AR32 -> 879.24 | AW32: =H32+I32+J32+K32+L32+M32+N32 -> 346.8 | AX32: =S32*(1+AB32)+T32+U32+V32+W32 -> 333.2 | AY32: =AG32+AH32+AI32+AJ32+AK32 -> 185.64 | AZ32: =AL32*(1+AQ32) -> 0 | BA32: =AR32 -> 13.6 | BB32: =AT32/D32 -> 12.93
A33: 31 | B33: =B32 -> 2 | C33: =C32+B33 -> 70 | D33: =B33+D32 -> 70 | E33: =$D33*攻击分赃比!B33*开放指数!B33 -> 84 | F33: =$D33*攻击分赃比!C33*开放指数!C33 -> 105 | G33: =$D33*攻击分赃比!D33*开放指数!D33 -> 140 | H33: =$D33*攻击分赃比!E33*开放指数!E33 -> 175 | I33: =I32 -> 34 | J33: =$D33*攻击分赃比!G33*开放指数!G33 -> 21 | K33: =$D33*攻击分赃比!H33*开放指数!H33 -> 42 | L33: =$D33*攻击分赃比!I33*开放指数!I33 -> 0 | M33: =$D33*攻击分赃比!J33*开放指数!J33 -> 0 | N33: =$D33*攻击分赃比!K33*开放指数!K33 -> 84 | O33: =$D33*攻击分赃比!M33*开放指数!L33 -> 105 | P33: =$D33*攻击分赃比!N33*开放指数!M33 -> 140 | Q33: =$D33*攻击分赃比!O33*开放指数!N33 -> 175 | R33: =$D33*攻击分赃比!P33*开放指数!O33 -> 210 | S33: =$D33*攻击分赃比!Q33*开放指数!P33 -> 245 | T33: =$D33*攻击分赃比!R33*开放指数!Q33 -> 52.5 | U33: =$D33*攻击分赃比!S33*开放指数!R33 -> 21 | V33: =$D33*攻击分赃比!T33*开放指数!S33 -> 21 | W33: =$D33*攻击分赃比!U33*开放指数!T33 -> 3.5 | X33: =攻击分赃比!V33*开放指数!U33 -> 0 | Y33: =攻击分赃比!W33*开放指数!V33 -> 0 | Z33: =攻击分赃比!X33*开放指数!W33 -> 0 | AA33: =攻击分赃比!Y33*开放指数!X33 -> 0 | AB33: =攻击分赃比!Z33*开放指数!Y33 -> 0 | AC33: =$D33*攻击分赃比!AB33*开放指数!Z33 -> 70 | AD33: =$D33*攻击分赃比!AC33*开放指数!AA33 -> 84 | AE33: =$D33*攻击分赃比!AD33*开放指数!AB33 -> 105 | AF33: =$D33*攻击分赃比!AE33*开放指数!AC33 -> 140 | AG33: =$D33*攻击分赃比!AF33*开放指数!AD33 -> 175 | AH33: =$D33*攻击分赃比!AG33*开放指数!AE33 -> 0 | AI33: =$D33*攻击分赃比!AH33*开放指数!AF33 -> 14 | AJ33: =$D33*攻击分赃比!AI33*开放指数!AG33 -> 0 | AK33: =$D33*攻击分赃比!AJ33*开放指数!AH33 -> 2.1 | AL33: =$D33*攻击分赃比!AL33*开放指数!AI33 -> 0 | AM33: =攻击分赃比!AM33*开放指数!AJ33 -> 0 | AN33: =攻击分赃比!AN33*开放指数!AK33 -> 0 | AO33: =攻击分赃比!AO33*开放指数!AL33 -> 0 | AP33: =攻击分赃比!AP33*开放指数!AM33 -> 0 | AQ33: =攻击分赃比!AQ33*开放指数!AN33 -> 0 | AR33: =$D33*攻击分赃比!AS33*开放指数!AO33 -> 14 | AS33: =D33+O33+AR33+AL33+AC33 -> 259 | AT33: =H33+I33+J33+K33+L33+M33+N33+S33*(1+AB33)+T33+U33+V33+W33+AG33+AH33+AI33+AJ33+AK33+AL33*(1+AQ33)+AR33 -> 904.1 | AW33: =H33+I33+J33+K33+L33+M33+N33 -> 356 | AX33: =S33*(1+AB33)+T33+U33+V33+W33 -> 343 | AY33: =AG33+AH33+AI33+AJ33+AK33 -> 191.1 | AZ33: =AL33*(1+AQ33) -> 0 | BA33: =AR33 -> 14 | BB33: =AT33/D33 -> 12.915714
A34: 32 | B34: =B33 -> 2 | C34: =C33+B34 -> 72 | D34: =B34+D33 -> 72 | E34: =$D34*攻击分赃比!B34*开放指数!B34 -> 86.4 | F34: =$D34*攻击分赃比!C34*开放指数!C34 -> 108 | G34: =$D34*攻击分赃比!D34*开放指数!D34 -> 144 | H34: =$D34*攻击分赃比!E34*开放指数!E34 -> 180 | I34: =I33 -> 34 | J34: =$D34*攻击分赃比!G34*开放指数!G34 -> 21.6 | K34: =$D34*攻击分赃比!H34*开放指数!H34 -> 43.2 | L34: =$D34*攻击分赃比!I34*开放指数!I34 -> 0 | M34: =$D34*攻击分赃比!J34*开放指数!J34 -> 0 | N34: =$D34*攻击分赃比!K34*开放指数!K34 -> 86.4 | O34: =$D34*攻击分赃比!M34*开放指数!L34 -> 108 | P34: =$D34*攻击分赃比!N34*开放指数!M34 -> 144 | Q34: =$D34*攻击分赃比!O34*开放指数!N34 -> 180 | R34: =$D34*攻击分赃比!P34*开放指数!O34 -> 216 | S34: =$D34*攻击分赃比!Q34*开放指数!P34 -> 252 | T34: =$D34*攻击分赃比!R34*开放指数!Q34 -> 54 | U34: =$D34*攻击分赃比!S34*开放指数!R34 -> 21.6 | V34: =$D34*攻击分赃比!T34*开放指数!S34 -> 21.6 | W34: =$D34*攻击分赃比!U34*开放指数!T34 -> 3.6 | X34: =攻击分赃比!V34*开放指数!U34 -> 0 | Y34: =攻击分赃比!W34*开放指数!V34 -> 0 | Z34: =攻击分赃比!X34*开放指数!W34 -> 0 | AA34: =攻击分赃比!Y34*开放指数!X34 -> 0 | AB34: =攻击分赃比!Z34*开放指数!Y34 -> 0 | AC34: =$D34*攻击分赃比!AB34*开放指数!Z34 -> 72 | AD34: =$D34*攻击分赃比!AC34*开放指数!AA34 -> 86.4 | AE34: =$D34*攻击分赃比!AD34*开放指数!AB34 -> 108 | AF34: =$D34*攻击分赃比!AE34*开放指数!AC34 -> 144 | AG34: =$D34*攻击分赃比!AF34*开放指数!AD34 -> 180 | AH34: =$D34*攻击分赃比!AG34*开放指数!AE34 -> 0 | AI34: =$D34*攻击分赃比!AH34*开放指数!AF34 -> 14.4 | AJ34: =$D34*攻击分赃比!AI34*开放指数!AG34 -> 0 | AK34: =$D34*攻击分赃比!AJ34*开放指数!AH34 -> 2.16 | AL34: =$D34*攻击分赃比!AL34*开放指数!AI34 -> 0 | AM34: =攻击分赃比!AM34*开放指数!AJ34 -> 0 | AN34: =攻击分赃比!AN34*开放指数!AK34 -> 0 | AO34: =攻击分赃比!AO34*开放指数!AL34 -> 0 | AP34: =攻击分赃比!AP34*开放指数!AM34 -> 0 | AQ34: =攻击分赃比!AQ34*开放指数!AN34 -> 0 | AR34: =$D34*攻击分赃比!AS34*开放指数!AO34 -> 14.4 | AS34: =D34+O34+AR34+AL34+AC34 -> 266.4 | AT34: =H34+I34+J34+K34+L34+M34+N34+S34*(1+AB34)+T34+U34+V34+W34+AG34+AH34+AI34+AJ34+AK34+AL34*(1+AQ34)+AR34 -> 928.96 | AW34: =H34+I34+J34+K34+L34+M34+N34 -> 365.2 | AX34: =S34*(1+AB34)+T34+U34+V34+W34 -> 352.8 | AY34: =AG34+AH34+AI34+AJ34+AK34 -> 196.56 | AZ34: =AL34*(1+AQ34) -> 0 | BA34: =AR34 -> 14.4 | BB34: =AT34/D34 -> 12.902222
A35: 33 | B35: =B34 -> 2 | C35: =C34+B35 -> 74 | D35: =B35+D34 -> 74 | E35: =$D35*攻击分赃比!B35*开放指数!B35 -> 88.8 | F35: =$D35*攻击分赃比!C35*开放指数!C35 -> 111 | G35: =$D35*攻击分赃比!D35*开放指数!D35 -> 148 | H35: =$D35*攻击分赃比!E35*开放指数!E35 -> 185 | I35: =I34 -> 34 | J35: =$D35*攻击分赃比!G35*开放指数!G35 -> 22.2 | K35: =$D35*攻击分赃比!H35*开放指数!H35 -> 44.4 | L35: =$D35*攻击分赃比!I35*开放指数!I35 -> 0 | M35: =$D35*攻击分赃比!J35*开放指数!J35 -> 0 | N35: =$D35*攻击分赃比!K35*开放指数!K35 -> 88.8 | O35: =$D35*攻击分赃比!M35*开放指数!L35 -> 111 | P35: =$D35*攻击分赃比!N35*开放指数!M35 -> 148 | Q35: =$D35*攻击分赃比!O35*开放指数!N35 -> 185 | R35: =$D35*攻击分赃比!P35*开放指数!O35 -> 222 | S35: =$D35*攻击分赃比!Q35*开放指数!P35 -> 259 | T35: =$D35*攻击分赃比!R35*开放指数!Q35 -> 55.5 | U35: =$D35*攻击分赃比!S35*开放指数!R35 -> 22.2 | V35: =$D35*攻击分赃比!T35*开放指数!S35 -> 22.2 | W35: =$D35*攻击分赃比!U35*开放指数!T35 -> 3.7 | X35: =攻击分赃比!V35*开放指数!U35 -> 0 | Y35: =攻击分赃比!W35*开放指数!V35 -> 0 | Z35: =攻击分赃比!X35*开放指数!W35 -> 0 | AA35: =攻击分赃比!Y35*开放指数!X35 -> 0 | AB35: =攻击分赃比!Z35*开放指数!Y35 -> 0 | AC35: =$D35*攻击分赃比!AB35*开放指数!Z35 -> 74 | AD35: =$D35*攻击分赃比!AC35*开放指数!AA35 -> 88.8 | AE35: =$D35*攻击分赃比!AD35*开放指数!AB35 -> 111 | AF35: =$D35*攻击分赃比!AE35*开放指数!AC35 -> 148 | AG35: =$D35*攻击分赃比!AF35*开放指数!AD35 -> 185 | AH35: =$D35*攻击分赃比!AG35*开放指数!AE35 -> 0 | AI35: =$D35*攻击分赃比!AH35*开放指数!AF35 -> 14.8 | AJ35: =$D35*攻击分赃比!AI35*开放指数!AG35 -> 0 | AK35: =$D35*攻击分赃比!AJ35*开放指数!AH35 -> 2.22 | AL35: =$D35*攻击分赃比!AL35*开放指数!AI35 -> 0 | AM35: =攻击分赃比!AM35*开放指数!AJ35 -> 0 | AN35: =攻击分赃比!AN35*开放指数!AK35 -> 0 | AO35: =攻击分赃比!AO35*开放指数!AL35 -> 0 | AP35: =攻击分赃比!AP35*开放指数!AM35 -> 0 | AQ35: =攻击分赃比!AQ35*开放指数!AN35 -> 0 | AR35: =$D35*攻击分赃比!AS35*开放指数!AO35 -> 14.8 | AS35: =D35+O35+AR35+AL35+AC35 -> 273.8 | AT35: =H35+I35+J35+K35+L35+M35+N35+S35*(1+AB35)+T35+U35+V35+W35+AG35+AH35+AI35+AJ35+AK35+AL35*(1+AQ35)+AR35 -> 953.82 | AW35: =H35+I35+J35+K35+L35+M35+N35 -> 374.4 | AX35: =S35*(1+AB35)+T35+U35+V35+W35 -> 362.6 | AY35: =AG35+AH35+AI35+AJ35+AK35 -> 202.02 | AZ35: =AL35*(1+AQ35) -> 0 | BA35: =AR35 -> 14.8 | BB35: =AT35/D35 -> 12.889459
A36: 34 | B36: =B35 -> 2 | C36: =C35+B36 -> 76 | D36: =B36+D35 -> 76 | E36: =$D36*攻击分赃比!B36*开放指数!B36 -> 91.2 | F36: =$D36*攻击分赃比!C36*开放指数!C36 -> 114 | G36: =$D36*攻击分赃比!D36*开放指数!D36 -> 152 | H36: =$D36*攻击分赃比!E36*开放指数!E36 -> 190 | I36: =I35 -> 34 | J36: =$D36*攻击分赃比!G36*开放指数!G36 -> 22.8 | K36: =$D36*攻击分赃比!H36*开放指数!H36 -> 45.6 | L36: =$D36*攻击分赃比!I36*开放指数!I36 -> 0 | M36: =$D36*攻击分赃比!J36*开放指数!J36 -> 0 | N36: =$D36*攻击分赃比!K36*开放指数!K36 -> 91.2 | O36: =$D36*攻击分赃比!M36*开放指数!L36 -> 114 | P36: =$D36*攻击分赃比!N36*开放指数!M36 -> 152 | Q36: =$D36*攻击分赃比!O36*开放指数!N36 -> 190 | R36: =$D36*攻击分赃比!P36*开放指数!O36 -> 228 | S36: =$D36*攻击分赃比!Q36*开放指数!P36 -> 266 | T36: =$D36*攻击分赃比!R36*开放指数!Q36 -> 57 | U36: =$D36*攻击分赃比!S36*开放指数!R36 -> 22.8 | V36: =$D36*攻击分赃比!T36*开放指数!S36 -> 22.8 | W36: =$D36*攻击分赃比!U36*开放指数!T36 -> 3.8 | X36: =攻击分赃比!V36*开放指数!U36 -> 0 | Y36: =攻击分赃比!W36*开放指数!V36 -> 0 | Z36: =攻击分赃比!X36*开放指数!W36 -> 0 | AA36: =攻击分赃比!Y36*开放指数!X36 -> 0 | AB36: =攻击分赃比!Z36*开放指数!Y36 -> 0 | AC36: =$D36*攻击分赃比!AB36*开放指数!Z36 -> 76 | AD36: =$D36*攻击分赃比!AC36*开放指数!AA36 -> 91.2 | AE36: =$D36*攻击分赃比!AD36*开放指数!AB36 -> 114 | AF36: =$D36*攻击分赃比!AE36*开放指数!AC36 -> 152 | AG36: =$D36*攻击分赃比!AF36*开放指数!AD36 -> 190 | AH36: =$D36*攻击分赃比!AG36*开放指数!AE36 -> 0 | AI36: =$D36*攻击分赃比!AH36*开放指数!AF36 -> 15.2 | AJ36: =$D36*攻击分赃比!AI36*开放指数!AG36 -> 0 | AK36: =$D36*攻击分赃比!AJ36*开放指数!AH36 -> 2.28 | AL36: =$D36*攻击分赃比!AL36*开放指数!AI36 -> 0 | AM36: =攻击分赃比!AM36*开放指数!AJ36 -> 0 | AN36: =攻击分赃比!AN36*开放指数!AK36 -> 0 | AO36: =攻击分赃比!AO36*开放指数!AL36 -> 0 | AP36: =攻击分赃比!AP36*开放指数!AM36 -> 0 | AQ36: =攻击分赃比!AQ36*开放指数!AN36 -> 0 | AR36: =$D36*攻击分赃比!AS36*开放指数!AO36 -> 15.2 | AS36: =D36+O36+AR36+AL36+AC36 -> 281.2 | AT36: =H36+I36+J36+K36+L36+M36+N36+S36*(1+AB36)+T36+U36+V36+W36+AG36+AH36+AI36+AJ36+AK36+AL36*(1+AQ36)+AR36 -> 978.68 | AW36: =H36+I36+J36+K36+L36+M36+N36 -> 383.6 | AX36: =S36*(1+AB36)+T36+U36+V36+W36 -> 372.4 | AY36: =AG36+AH36+AI36+AJ36+AK36 -> 207.48 | AZ36: =AL36*(1+AQ36) -> 0 | BA36: =AR36 -> 15.2 | BB36: =AT36/D36 -> 12.877368
A37: 35 | B37: =B36 -> 2 | C37: =C36+B37 -> 78 | D37: =B37+D36 -> 78 | E37: =$D37*攻击分赃比!B37*开放指数!B37 -> 93.6 | F37: =$D37*攻击分赃比!C37*开放指数!C37 -> 117 | G37: =$D37*攻击分赃比!D37*开放指数!D37 -> 156 | H37: =$D37*攻击分赃比!E37*开放指数!E37 -> 195 | I37: =$D37*攻击分赃比!F37*开放指数!F37 -> 39 | J37: =$D37*攻击分赃比!G37*开放指数!G37 -> 23.4 | K37: =$D37*攻击分赃比!H37*开放指数!H37 -> 46.8 | L37: =$D37*攻击分赃比!I37*开放指数!I37 -> 0 | ... N37: =$D37*攻击分赃比!K37*开放指数!K37 -> 93.6 | O37: =$D37*攻击分赃比!M37*开放指数!L37 -> 117 | P37: =$D37*攻击分赃比!N37*开放指数!M37 -> 156 | Q37: =$D37*攻击分赃比!O37*开放指数!N37 -> 195 | R37: =$D37*攻击分赃比!P37*开放指数!O37 -> 234 | S37: =$D37*攻击分赃比!Q37*开放指数!P37 -> 273 | T37: =$D37*攻击分赃比!R37*开放指数!Q37 -> 58.5 | U37: =$D37*攻击分赃比!S37*开放指数!R37 -> 23.4 | V37: =$D37*攻击分赃比!T37*开放指数!S37 -> 23.4 | W37: =$D37*攻击分赃比!U37*开放指数!T37 -> 3.9 | X37: =攻击分赃比!V37*开放指数!U37 -> 0 | Y37: =攻击分赃比!W37*开放指数!V37 -> 0 | Z37: =攻击分赃比!X37*开放指数!W37 -> 0 | AA37: =攻击分赃比!Y37*开放指数!X37 -> 0 | AB37: =攻击分赃比!Z37*开放指数!Y37 -> 0 | AC37: =$D37*攻击分赃比!AB37*开放指数!Z37 -> 78 | AD37: =$D37*攻击分赃比!AC37*开放指数!AA37 -> 93.6 | AE37: =$D37*攻击分赃比!AD37*开放指数!AB37 -> 117 | AF37: =$D37*攻击分赃比!AE37*开放指数!AC37 -> 156 | AG37: =$D37*攻击分赃比!AF37*开放指数!AD37 -> 195 | AH37: =$D37*攻击分赃比!AG37*开放指数!AE37 -> 0 | AI37: =$D37*攻击分赃比!AH37*开放指数!AF37 -> 15.6 | AJ37: =$D37*攻击分赃比!AI37*开放指数!AG37 -> 0 | AK37: =$D37*攻击分赃比!AJ37*开放指数!AH37 -> 2.34 | AL37: =$D37*攻击分赃比!AL37*开放指数!AI37 -> 0 | AM37: =攻击分赃比!AM37*开放指数!AJ37 -> 0 | AN37: =攻击分赃比!AN37*开放指数!AK37 -> 0 | AO37: =攻击分赃比!AO37*开放指数!AL37 -> 0 | AP37: =攻击分赃比!AP37*开放指数!AM37 -> 0 | AQ37: =攻击分赃比!AQ37*开放指数!AN37 -> 0 | AR37: =$D37*攻击分赃比!AS37*开放指数!AO37 -> 15.6 | AS37: =D37+O37+AR37+AL37+AC37 -> 288.6 | AT37: =H37+I37+J37+K37+L37+M37+N37+S37*(1+AB37)+T37+U37+V37+W37+AG37+AH37+AI37+AJ37+AK37+AL37*(1+AQ37)+AR37 -> 1008.54 | AW37: =H37+I37+J37+K37+L37+M37+N37 -> 397.8 | AX37: =S37*(1+AB37)+T37+U37+V37+W37 -> 382.2 | AY37: =AG37+AH37+AI37+AJ37+AK37 -> 212.94 | AZ37: =AL37*(1+AQ37) -> 0 | BA37: =AR37 -> 15.6 | BB37: =AT37/D37 -> 12.93
A38: 36 | B38: =B37 -> 2 | C38: =C37+B38 -> 80 | D38: =B38+D37 -> 80 | E38: =$D38*攻击分赃比!B38*开放指数!B38 -> 96 | F38: =$D38*攻击分赃比!C38*开放指数!C38 -> 120 | G38: =$D38*攻击分赃比!D38*开放指数!D38 -> 160 | H38: =$D38*攻击分赃比!E38*开放指数!E38 -> 200 | I38: =I37 -> 39 | J38: =$D38*攻击分赃比!G38*开放指数!G38 -> 24 | K38: =$D38*攻击分赃比!H38*开放指数!H38 -> 48 | L38: =$D38*攻击分赃比!I38*开放指数!I38 -> 0 | M38: =$D38*攻击分赃比!J38*开放指数!J38 -> 0 | N38: =$D38*攻击分赃比!K38*开放指数!K38 -> 96 | O38: =$D38*攻击分赃比!M38*开放指数!L38 -> 120 | P38: =$D38*攻击分赃比!N38*开放指数!M38 -> 160 | Q38: =$D38*攻击分赃比!O38*开放指数!N38 -> 200 | R38: =$D38*攻击分赃比!P38*开放指数!O38 -> 240 | S38: =$D38*攻击分赃比!Q38*开放指数!P38 -> 280 | T38: =$D38*攻击分赃比!R38*开放指数!Q38 -> 60 | U38: =$D38*攻击分赃比!S38*开放指数!R38 -> 24 | V38: =$D38*攻击分赃比!T38*开放指数!S38 -> 24 | W38: =$D38*攻击分赃比!U38*开放指数!T38 -> 4 | X38: =攻击分赃比!V38*开放指数!U38 -> 0 | Y38: =攻击分赃比!W38*开放指数!V38 -> 0 | Z38: =攻击分赃比!X38*开放指数!W38 -> 0 | AA38: =攻击分赃比!Y38*开放指数!X38 -> 0 | AB38: =攻击分赃比!Z38*开放指数!Y38 -> 0 | AC38: =$D38*攻击分赃比!AB38*开放指数!Z38 -> 80 | AD38: =$D38*攻击分赃比!AC38*开放指数!AA38 -> 96 | AE38: =$D38*攻击分赃比!AD38*开放指数!AB38 -> 120 | AF38: =$D38*攻击分赃比!AE38*开放指数!AC38 -> 160 | AG38: =$D38*攻击分赃比!AF38*开放指数!AD38 -> 200 | AH38: =$D38*攻击分赃比!AG38*开放指数!AE38 -> 0 | AI38: =$D38*攻击分赃比!AH38*开放指数!AF38 -> 16 | AJ38: =$D38*攻击分赃比!AI38*开放指数!AG38 -> 0 | AK38: =$D38*攻击分赃比!AJ38*开放指数!AH38 -> 2.4 | AL38: =$D38*攻击分赃比!AL38*开放指数!AI38 -> 0 | AM38: =攻击分赃比!AM38*开放指数!AJ38 -> 0 | AN38: =攻击分赃比!AN38*开放指数!AK38 -> 0 | AO38: =攻击分赃比!AO38*开放指数!AL38 -> 0 | AP38: =攻击分赃比!AP38*开放指数!AM38 -> 0 | AQ38: =攻击分赃比!AQ38*开放指数!AN38 -> 0 | AR38: =$D38*攻击分赃比!AS38*开放指数!AO38 -> 16 | AS38: =D38+O38+AR38+AL38+AC38 -> 296 | AT38: =H38+I38+J38+K38+L38+M38+N38+S38*(1+AB38)+T38+U38+V38+W38+AG38+AH38+AI38+AJ38+AK38+AL38*(1+AQ38)+AR38 -> 1033.4 | AW38: =H38+I38+J38+K38+L38+M38+N38 -> 407 | AX38: =S38*(1+AB38)+T38+U38+V38+W38 -> 392 | AY38: =AG38+AH38+AI38+AJ38+AK38 -> 218.4 | AZ38: =AL38*(1+AQ38) -> 0 | BA38: =AR38 -> 16 | BB38: =AT38/D38 -> 12.9175
A39: 37 | B39: =B38 -> 2 | C39: =C38+B39 -> 82 | D39: =B39+D38 -> 82 | E39: =$D39*攻击分赃比!B39*开放指数!B39 -> 98.4 | F39: =$D39*攻击分赃比!C39*开放指数!C39 -> 123 | G39: =$D39*攻击分赃比!D39*开放指数!D39 -> 164 | H39: =$D39*攻击分赃比!E39*开放指数!E39 -> 205 | I39: =I38 -> 39 | J39: =$D39*攻击分赃比!G39*开放指数!G39 -> 24.6 | K39: =$D39*攻击分赃比!H39*开放指数!H39 -> 49.2 | L39: =$D39*攻击分赃比!I39*开放指数!I39 -> 0 | M39: =$D39*攻击分赃比!J39*开放指数!J39 -> 0 | N39: =$D39*攻击分赃比!K39*开放指数!K39 -> 98.4 | O39: =$D39*攻击分赃比!M39*开放指数!L39 -> 123 | P39: =$D39*攻击分赃比!N39*开放指数!M39 -> 164 | Q39: =$D39*攻击分赃比!O39*开放指数!N39 -> 205 | R39: =$D39*攻击分赃比!P39*开放指数!O39 -> 246 | S39: =$D39*攻击分赃比!Q39*开放指数!P39 -> 287 | T39: =$D39*攻击分赃比!R39*开放指数!Q39 -> 61.5 | U39: =$D39*攻击分赃比!S39*开放指数!R39 -> 24.6 | V39: =$D39*攻击分赃比!T39*开放指数!S39 -> 24.6 | W39: =$D39*攻击分赃比!U39*开放指数!T39 -> 4.1 | X39: =攻击分赃比!V39*开放指数!U39 -> 0 | Y39: =攻击分赃比!W39*开放指数!V39 -> 0 | Z39: =攻击分赃比!X39*开放指数!W39 -> 0 | AA39: =攻击分赃比!Y39*开放指数!X39 -> 0 | AB39: =攻击分赃比!Z39*开放指数!Y39 -> 0 | AC39: =$D39*攻击分赃比!AB39*开放指数!Z39 -> 82 | AD39: =$D39*攻击分赃比!AC39*开放指数!AA39 -> 98.4 | AE39: =$D39*攻击分赃比!AD39*开放指数!AB39 -> 123 | AF39: =$D39*攻击分赃比!AE39*开放指数!AC39 -> 164 | AG39: =$D39*攻击分赃比!AF39*开放指数!AD39 -> 205 | AH39: =$D39*攻击分赃比!AG39*开放指数!AE39 -> 0 | AI39: =$D39*攻击分赃比!AH39*开放指数!AF39 -> 16.4 | AJ39: =$D39*攻击分赃比!AI39*开放指数!AG39 -> 0 | AK39: =$D39*攻击分赃比!AJ39*开放指数!AH39 -> 2.46 | AL39: =$D39*攻击分赃比!AL39*开放指数!AI39 -> 0 | AM39: =攻击分赃比!AM39*开放指数!AJ39 -> 0 | AN39: =攻击分赃比!AN39*开放指数!AK39 -> 0 | AO39: =攻击分赃比!AO39*开放指数!AL39 -> 0 | AP39: =攻击分赃比!AP39*开放指数!AM39 -> 0 | AQ39: =攻击分赃比!AQ39*开放指数!AN39 -> 0 | AR39: =$D39*攻击分赃比!AS39*开放指数!AO39 -> 16.4 | AS39: =D39+O39+AR39+AL39+AC39 -> 303.4 | AT39: =H39+I39+J39+K39+L39+M39+N39+S39*(1+AB39)+T39+U39+V39+W39+AG39+AH39+AI39+AJ39+AK39+AL39*(1+AQ39)+AR39 -> 1058.26 | AW39: =H39+I39+J39+K39+L39+M39+N39 -> 416.2 | AX39: =S39*(1+AB39)+T39+U39+V39+W39 -> 401.8 | AY39: =AG39+AH39+AI39+AJ39+AK39 -> 223.86 | AZ39: =AL39*(1+AQ39) -> 0 | BA39: =AR39 -> 16.4 | BB39: =AT39/D39 -> 12.90561
A40: 38 | B40: =B39 -> 2 | C40: =C39+B40 -> 84 | D40: =B40+D39 -> 84 | E40: =$D40*攻击分赃比!B40*开放指数!B40 -> 100.8 | F40: =$D40*攻击分赃比!C40*开放指数!C40 -> 126 | G40: =$D40*攻击分赃比!D40*开放指数!D40 -> 168 | H40: =$D40*攻击分赃比!E40*开放指数!E40 -> 210 | I40: =I39 -> 39 | J40: =$D40*攻击分赃比!G40*开放指数!G40 -> 25.2 | K40: =$D40*攻击分赃比!H40*开放指数!H40 -> 50.4 | L40: =$D40*攻击分赃比!I40*开放指数!I40 -> 0 | M40: =$D40*攻击分赃比!J40*开放指数!J40 -> 0 | N40: =$D40*攻击分赃比!K40*开放指数!K40 -> 100.8 | O40: =$D40*攻击分赃比!M40*开放指数!L40 -> 126 | P40: =$D40*攻击分赃比!N40*开放指数!M40 -> 168 | Q40: =$D40*攻击分赃比!O40*开放指数!N40 -> 210 | R40: =$D40*攻击分赃比!P40*开放指数!O40 -> 252 | S40: =$D40*攻击分赃比!Q40*开放指数!P40 -> 294 | T40: =$D40*攻击分赃比!R40*开放指数!Q40 -> 63 | U40: =$D40*攻击分赃比!S40*开放指数!R40 -> 25.2 | V40: =$D40*攻击分赃比!T40*开放指数!S40 -> 25.2 | W40: =$D40*攻击分赃比!U40*开放指数!T40 -> 4.2 | X40: =攻击分赃比!V40*开放指数!U40 -> 0 | Y40: =攻击分赃比!W40*开放指数!V40 -> 0 | Z40: =攻击分赃比!X40*开放指数!W40 -> 0 | AA40: =攻击分赃比!Y40*开放指数!X40 -> 0 | AB40: =攻击分赃比!Z40*开放指数!Y40 -> 0 | AC40: =$D40*攻击分赃比!AB40*开放指数!Z40 -> 84 | AD40: =$D40*攻击分赃比!AC40*开放指数!AA40 -> 100.8 | AE40: =$D40*攻击分赃比!AD40*开放指数!AB40 -> 126 | AF40: =$D40*攻击分赃比!AE40*开放指数!AC40 -> 168 | AG40: =$D40*攻击分赃比!AF40*开放指数!AD40 -> 210 | AH40: =$D40*攻击分赃比!AG40*开放指数!AE40 -> 0 | AI40: =$D40*攻击分赃比!AH40*开放指数!AF40 -> 16.8 | AJ40: =$D40*攻击分赃比!AI40*开放指数!AG40 -> 0 | AK40: =$D40*攻击分赃比!AJ40*开放指数!AH40 -> 2.52 | AL40: =$D40*攻击分赃比!AL40*开放指数!AI40 -> 0 | AM40: =攻击分赃比!AM40*开放指数!AJ40 -> 0 | AN40: =攻击分赃比!AN40*开放指数!AK40 -> 0 | AO40: =攻击分赃比!AO40*开放指数!AL40 -> 0 | AP40: =攻击分赃比!AP40*开放指数!AM40 -> 0 | AQ40: =攻击分赃比!AQ40*开放指数!AN40 -> 0 | AR40: =$D40*攻击分赃比!AS40*开放指数!AO40 -> 16.8 | AS40: =D40+O40+AR40+AL40+AC40 -> 310.8 | AT40: =H40+I40+J40+K40+L40+M40+N40+S40*(1+AB40)+T40+U40+V40+W40+AG40+AH40+AI40+AJ40+AK40+AL40*(1+AQ40)+AR40 -> 1083.12 | AW40: =H40+I40+J40+K40+L40+M40+N40 -> 425.4 | AX40: =S40*(1+AB40)+T40+U40+V40+W40 -> 411.6 | AY40: =AG40+AH40+AI40+AJ40+AK40 -> 229.32 | AZ40: =AL40*(1+AQ40) -> 0 | BA40: =AR40 -> 16.8 | BB40: =AT40/D40 -> 12.894286
A41: 39 | B41: =B40 -> 2 | C41: =C40+B41 -> 86 | D41: =B41+D40 -> 86 | E41: =$D41*攻击分赃比!B41*开放指数!B41 -> 103.2 | F41: =$D41*攻击分赃比!C41*开放指数!C41 -> 129 | G41: =$D41*攻击分赃比!D41*开放指数!D41 -> 172 | H41: =$D41*攻击分赃比!E41*开放指数!E41 -> 215 | I41: =I40 -> 39 | J41: =$D41*攻击分赃比!G41*开放指数!G41 -> 25.8 | K41: =$D41*攻击分赃比!H41*开放指数!H41 -> 51.6 | L41: =$D41*攻击分赃比!I41*开放指数!I41 -> 0 | M41: =$D41*攻击分赃比!J41*开放指数!J41 -> 0 | N41: =$D41*攻击分赃比!K41*开放指数!K41 -> 103.2 | O41: =$D41*攻击分赃比!M41*开放指数!L41 -> 129 | P41: =$D41*攻击分赃比!N41*开放指数!M41 -> 172 | Q41: =$D41*攻击分赃比!O41*开放指数!N41 -> 215 | R41: =$D41*攻击分赃比!P41*开放指数!O41 -> 258 | S41: =$D41*攻击分赃比!Q41*开放指数!P41 -> 301 | T41: =$D41*攻击分赃比!R41*开放指数!Q41 -> 64.5 | U41: =$D41*攻击分赃比!S41*开放指数!R41 -> 25.8 | V41: =$D41*攻击分赃比!T41*开放指数!S41 -> 25.8 | W41: =$D41*攻击分赃比!U41*开放指数!T41 -> 4.3 | X41: =攻击分赃比!V41*开放指数!U41 -> 0 | Y41: =攻击分赃比!W41*开放指数!V41 -> 0 | Z41: =攻击分赃比!X41*开放指数!W41 -> 0 | AA41: =攻击分赃比!Y41*开放指数!X41 -> 0 | AB41: =攻击分赃比!Z41*开放指数!Y41 -> 0 | AC41: =$D41*攻击分赃比!AB41*开放指数!Z41 -> 86 | AD41: =$D41*攻击分赃比!AC41*开放指数!AA41 -> 103.2 | AE41: =$D41*攻击分赃比!AD41*开放指数!AB41 -> 129 | AF41: =$D41*攻击分赃比!AE41*开放指数!AC41 -> 172 | AG41: =$D41*攻击分赃比!AF41*开放指数!AD41 -> 215 | AH41: =$D41*攻击分赃比!AG41*开放指数!AE41 -> 0 | AI41: =$D41*攻击分赃比!AH41*开放指数!AF41 -> 17.2 | AJ41: =$D41*攻击分赃比!AI41*开放指数!AG41 -> 0 | AK41: =$D41*攻击分赃比!AJ41*开放指数!AH41 -> 2.58 | AL41: =$D41*攻击分赃比!AL41*开放指数!AI41 -> 0 | AM41: =攻击分赃比!AM41*开放指数!AJ41 -> 0 | AN41: =攻击分赃比!AN41*开放指数!AK41 -> 0 | AO41: =攻击分赃比!AO41*开放指数!AL41 -> 0 | AP41: =攻击分赃比!AP41*开放指数!AM41 -> 0 | AQ41: =攻击分赃比!AQ41*开放指数!AN41 -> 0 | AR41: =$D41*攻击分赃比!AS41*开放指数!AO41 -> 17.2 | AS41: =D41+O41+AR41+AL41+AC41 -> 318.2 | AT41: =H41+I41+J41+K41+L41+M41+N41+S41*(1+AB41)+T41+U41+V41+W41+AG41+AH41+AI41+AJ41+AK41+AL41*(1+AQ41)+AR41 -> 1107.98 | AW41: =H41+I41+J41+K41+L41+M41+N41 -> 434.6 | AX41: =S41*(1+AB41)+T41+U41+V41+W41 -> 421.4 | AY41: =AG41+AH41+AI41+AJ41+AK41 -> 234.78 | AZ41: =AL41*(1+AQ41) -> 0 | BA41: =AR41 -> 17.2 | BB41: =AT41/D41 -> 12.883488
A42: 40 | B42: =B41 -> 2 | C42: =C41+B42 -> 88 | D42: =B42+D41 -> 88 | E42: =$D42*攻击分赃比!B42*开放指数!B42 -> 105.6 | F42: =$D42*攻击分赃比!C42*开放指数!C42 -> 132 | G42: =$D42*攻击分赃比!D42*开放指数!D42 -> 176 | H42: =$D42*攻击分赃比!E42*开放指数!E42 -> 220 | I42: =$D42*攻击分赃比!F42*开放指数!F42 -> 44 | J42: =$D42*攻击分赃比!G42*开放指数!G42 -> 26.4 | K42: =$D42*攻击分赃比!H42*开放指数!H42 -> 52.8 | L42: =$D42*攻击分赃比!I42*开放指数!I42 -> 0 | ... N42: =$D42*攻击分赃比!K42*开放指数!K42 -> 105.6 | O42: =$D42*攻击分赃比!M42*开放指数!L42 -> 132 | P42: =$D42*攻击分赃比!N42*开放指数!M42 -> 176 | Q42: =$D42*攻击分赃比!O42*开放指数!N42 -> 220 | R42: =$D42*攻击分赃比!P42*开放指数!O42 -> 264 | S42: =$D42*攻击分赃比!Q42*开放指数!P42 -> 308 | T42: =$D42*攻击分赃比!R42*开放指数!Q42 -> 66 | U42: =$D42*攻击分赃比!S42*开放指数!R42 -> 26.4 | V42: =$D42*攻击分赃比!T42*开放指数!S42 -> 26.4 | W42: =$D42*攻击分赃比!U42*开放指数!T42 -> 4.4 | X42: =攻击分赃比!V42*开放指数!U42 -> 0 | Y42: =攻击分赃比!W42*开放指数!V42 -> 0 | Z42: =攻击分赃比!X42*开放指数!W42 -> 0 | AA42: =攻击分赃比!Y42*开放指数!X42 -> 0 | AB42: =攻击分赃比!Z42*开放指数!Y42 -> 0 | AC42: =$D42*攻击分赃比!AB42*开放指数!Z42 -> 88 | AD42: =$D42*攻击分赃比!AC42*开放指数!AA42 -> 105.6 | AE42: =$D42*攻击分赃比!AD42*开放指数!AB42 -> 132 | AF42: =$D42*攻击分赃比!AE42*开放指数!AC42 -> 176 | AG42: =$D42*攻击分赃比!AF42*开放指数!AD42 -> 220 | AH42: =$D42*攻击分赃比!AG42*开放指数!AE42 -> 44 | AI42: =$D42*攻击分赃比!AH42*开放指数!AF42 -> 17.6 | AJ42: =$D42*攻击分赃比!AI42*开放指数!AG42 -> 17.6 | AK42: =$D42*攻击分赃比!AJ42*开放指数!AH42 -> 2.64 | AL42: =$D42*攻击分赃比!AL42*开放指数!AI42 -> 0 | AM42: =攻击分赃比!AM42*开放指数!AJ42 -> 0 | AN42: =攻击分赃比!AN42*开放指数!AK42 -> 0 | AO42: =攻击分赃比!AO42*开放指数!AL42 -> 0 | AP42: =攻击分赃比!AP42*开放指数!AM42 -> 0 | AQ42: =攻击分赃比!AQ42*开放指数!AN42 -> 0 | AR42: =$D42*攻击分赃比!AS42*开放指数!AO42 -> 17.6 | AS42: =D42+O42+AR42+AL42+AC42 -> 325.6 | AT42: =H42+I42+J42+K42+L42+M42+N42+S42*(1+AB42)+T42+U42+V42+W42+AG42+AH42+AI42+AJ42+AK42+AL42*(1+AQ42)+AR42 -> 1199.44 | AW42: =H42+I42+J42+K42+L42+M42+N42 -> 448.8 | AX42: =S42*(1+AB42)+T42+U42+V42+W42 -> 431.2 | AY42: =AG42+AH42+AI42+AJ42+AK42 -> 301.84 | AZ42: =AL42*(1+AQ42) -> 0 | BA42: =AR42 -> 17.6 | BB42: =AT42/D42 -> 13.63
A43: 41 | B43: =B42 -> 2 | C43: =C42+B43 -> 90 | D43: =B43+D42 -> 90 | E43: =$D43*攻击分赃比!B43*开放指数!B43 -> 108 | F43: =$D43*攻击分赃比!C43*开放指数!C43 -> 135 | G43: =$D43*攻击分赃比!D43*开放指数!D43 -> 180 | H43: =$D43*攻击分赃比!E43*开放指数!E43 -> 225 | I43: =I42 -> 44 | J43: =$D43*攻击分赃比!G43*开放指数!G43 -> 27 | K43: =$D43*攻击分赃比!H43*开放指数!H43 -> 54 | L43: =$D43*攻击分赃比!I43*开放指数!I43 -> 0 | M43: =$D43*攻击分赃比!J43*开放指数!J43 -> 0 | N43: =$D43*攻击分赃比!K43*开放指数!K43 -> 108 | O43: =$D43*攻击分赃比!M43*开放指数!L43 -> 135 | P43: =$D43*攻击分赃比!N43*开放指数!M43 -> 180 | Q43: =$D43*攻击分赃比!O43*开放指数!N43 -> 225 | R43: =$D43*攻击分赃比!P43*开放指数!O43 -> 270 | S43: =$D43*攻击分赃比!Q43*开放指数!P43 -> 315 | T43: =$D43*攻击分赃比!R43*开放指数!Q43 -> 67.5 | U43: =$D43*攻击分赃比!S43*开放指数!R43 -> 27 | V43: =$D43*攻击分赃比!T43*开放指数!S43 -> 27 | W43: =$D43*攻击分赃比!U43*开放指数!T43 -> 4.5 | X43: =攻击分赃比!V43*开放指数!U43 -> 0 | Y43: =攻击分赃比!W43*开放指数!V43 -> 0 | Z43: =攻击分赃比!X43*开放指数!W43 -> 0 | AA43: =攻击分赃比!Y43*开放指数!X43 -> 0 | AB43: =攻击分赃比!Z43*开放指数!Y43 -> 0 | AC43: =$D43*攻击分赃比!AB43*开放指数!Z43 -> 90 | AD43: =$D43*攻击分赃比!AC43*开放指数!AA43 -> 108 | AE43: =$D43*攻击分赃比!AD43*开放指数!AB43 -> 135 | AF43: =$D43*攻击分赃比!AE43*开放指数!AC43 -> 180 | AG43: =$D43*攻击分赃比!AF43*开放指数!AD43 -> 225 | AH43: =$D43*攻击分赃比!AG43*开放指数!AE43 -> 45 | AI43: =$D43*攻击分赃比!AH43*开放指数!AF43 -> 18 | AJ43: =$D43*攻击分赃比!AI43*开放指数!AG43 -> 18 | AK43: =$D43*攻击分赃比!AJ43*开放指数!AH43 -> 2.7 | AL43: =$D43*攻击分赃比!AL43*开放指数!AI43 -> 0 | AM43: =攻击分赃比!AM43*开放指数!AJ43 -> 0 | AN43: =攻击分赃比!AN43*开放指数!AK43 -> 0 | AO43: =攻击分赃比!AO43*开放指数!AL43 -> 0 | AP43: =攻击分赃比!AP43*开放指数!AM43 -> 0 | AQ43: =攻击分赃比!AQ43*开放指数!AN43 -> 0 | AR43: =$D43*攻击分赃比!AS43*开放指数!AO43 -> 18 | AS43: =D43+O43+AR43+AL43+AC43 -> 333 | AT43: =H43+I43+J43+K43+L43+M43+N43+S43*(1+AB43)+T43+U43+V43+W43+AG43+AH43+AI43+AJ43+AK43+AL43*(1+AQ43)+AR43 -> 1225.7 | AW43: =H43+I43+J43+K43+L43+M43+N43 -> 458 | AX43: =S43*(1+AB43)+T43+U43+V43+W43 -> 441 | AY43: =AG43+AH43+AI43+AJ43+AK43 -> 308.7 | AZ43: =AL43*(1+AQ43) -> 0 | BA43: =AR43 -> 18 | BB43: =AT43/D43 -> 13.618889
A44: 42 | B44: =B43 -> 2 | C44: =C43+B44 -> 92 | D44: =B44+D43 -> 92 | E44: =$D44*攻击分赃比!B44*开放指数!B44 -> 110.4 | F44: =$D44*攻击分赃比!C44*开放指数!C44 -> 138 | G44: =$D44*攻击分赃比!D44*开放指数!D44 -> 184 | H44: =$D44*攻击分赃比!E44*开放指数!E44 -> 230 | I44: =I43 -> 44 | J44: =$D44*攻击分赃比!G44*开放指数!G44 -> 27.6 | K44: =$D44*攻击分赃比!H44*开放指数!H44 -> 55.2 | L44: =$D44*攻击分赃比!I44*开放指数!I44 -> 0 | M44: =$D44*攻击分赃比!J44*开放指数!J44 -> 0 | N44: =$D44*攻击分赃比!K44*开放指数!K44 -> 110.4 | O44: =$D44*攻击分赃比!M44*开放指数!L44 -> 138 | P44: =$D44*攻击分赃比!N44*开放指数!M44 -> 184 | Q44: =$D44*攻击分赃比!O44*开放指数!N44 -> 230 | R44: =$D44*攻击分赃比!P44*开放指数!O44 -> 276 | S44: =$D44*攻击分赃比!Q44*开放指数!P44 -> 322 | T44: =$D44*攻击分赃比!R44*开放指数!Q44 -> 69 | U44: =$D44*攻击分赃比!S44*开放指数!R44 -> 27.6 | V44: =$D44*攻击分赃比!T44*开放指数!S44 -> 27.6 | W44: =$D44*攻击分赃比!U44*开放指数!T44 -> 4.6 | X44: =攻击分赃比!V44*开放指数!U44 -> 0 | Y44: =攻击分赃比!W44*开放指数!V44 -> 0 | Z44: =攻击分赃比!X44*开放指数!W44 -> 0 | AA44: =攻击分赃比!Y44*开放指数!X44 -> 0 | AB44: =攻击分赃比!Z44*开放指数!Y44 -> 0 | AC44: =$D44*攻击分赃比!AB44*开放指数!Z44 -> 92 | AD44: =$D44*攻击分赃比!AC44*开放指数!AA44 -> 110.4 | AE44: =$D44*攻击分赃比!AD44*开放指数!AB44 -> 138 | AF44: =$D44*攻击分赃比!AE44*开放指数!AC44 -> 184 | AG44: =$D44*攻击分赃比!AF44*开放指数!AD44 -> 230 | AH44: =$D44*攻击分赃比!AG44*开放指数!AE44 -> 46 | AI44: =$D44*攻击分赃比!AH44*开放指数!AF44 -> 18.4 | AJ44: =$D44*攻击分赃比!AI44*开放指数!AG44 -> 18.4 | AK44: =$D44*攻击分赃比!AJ44*开放指数!AH44 -> 2.76 | AL44: =$D44*攻击分赃比!AL44*开放指数!AI44 -> 0 | AM44: =攻击分赃比!AM44*开放指数!AJ44 -> 0 | AN44: =攻击分赃比!AN44*开放指数!AK44 -> 0 | AO44: =攻击分赃比!AO44*开放指数!AL44 -> 0 | AP44: =攻击分赃比!AP44*开放指数!AM44 -> 0 | AQ44: =攻击分赃比!AQ44*开放指数!AN44 -> 0 | AR44: =$D44*攻击分赃比!AS44*开放指数!AO44 -> 18.4 | AS44: =D44+O44+AR44+AL44+AC44 -> 340.4 | AT44: =H44+I44+J44+K44+L44+M44+N44+S44*(1+AB44)+T44+U44+V44+W44+AG44+AH44+AI44+AJ44+AK44+AL44*(1+AQ44)+AR44 -> 1251.96 | AW44: =H44+I44+J44+K44+L44+M44+N44 -> 467.2 | AX44: =S44*(1+AB44)+T44+U44+V44+W44 -> 450.8 | AY44: =AG44+AH44+AI44+AJ44+AK44 -> 315.56 | AZ44: =AL44*(1+AQ44) -> 0 | BA44: =AR44 -> 18.4 | BB44: =AT44/D44 -> 13.608261
A45: 43 | B45: =B44 -> 2 | C45: =C44+B45 -> 94 | D45: =B45+D44 -> 94 | E45: =$D45*攻击分赃比!B45*开放指数!B45 -> 112.8 | F45: =$D45*攻击分赃比!C45*开放指数!C45 -> 141 | G45: =$D45*攻击分赃比!D45*开放指数!D45 -> 188 | H45: =$D45*攻击分赃比!E45*开放指数!E45 -> 235 | I45: =I44 -> 44 | J45: =$D45*攻击分赃比!G45*开放指数!G45 -> 28.2 | K45: =$D45*攻击分赃比!H45*开放指数!H45 -> 56.4 | L45: =$D45*攻击分赃比!I45*开放指数!I45 -> 0 | M45: =$D45*攻击分赃比!J45*开放指数!J45 -> 0 | N45: =$D45*攻击分赃比!K45*开放指数!K45 -> 112.8 | O45: =$D45*攻击分赃比!M45*开放指数!L45 -> 141 | P45: =$D45*攻击分赃比!N45*开放指数!M45 -> 188 | Q45: =$D45*攻击分赃比!O45*开放指数!N45 -> 235 | R45: =$D45*攻击分赃比!P45*开放指数!O45 -> 282 | S45: =$D45*攻击分赃比!Q45*开放指数!P45 -> 329 | T45: =$D45*攻击分赃比!R45*开放指数!Q45 -> 70.5 | U45: =$D45*攻击分赃比!S45*开放指数!R45 -> 28.2 | V45: =$D45*攻击分赃比!T45*开放指数!S45 -> 28.2 | W45: =$D45*攻击分赃比!U45*开放指数!T45 -> 4.7 | X45: =攻击分赃比!V45*开放指数!U45 -> 0 | Y45: =攻击分赃比!W45*开放指数!V45 -> 0 | Z45: =攻击分赃比!X45*开放指数!W45 -> 0 | AA45: =攻击分赃比!Y45*开放指数!X45 -> 0 | AB45: =攻击分赃比!Z45*开放指数!Y45 -> 0 | AC45: =$D45*攻击分赃比!AB45*开放指数!Z45 -> 94 | AD45: =$D45*攻击分赃比!AC45*开放指数!AA45 -> 112.8 | AE45: =$D45*攻击分赃比!AD45*开放指数!AB45 -> 141 | AF45: =$D45*攻击分赃比!AE45*开放指数!AC45 -> 188 | AG45: =$D45*攻击分赃比!AF45*开放指数!AD45 -> 235 | AH45: =$D45*攻击分赃比!AG45*开放指数!AE45 -> 47 | AI45: =$D45*攻击分赃比!AH45*开放指数!AF45 -> 18.8 | AJ45: =$D45*攻击分赃比!AI45*开放指数!AG45 -> 18.8 | AK45: =$D45*攻击分赃比!AJ45*开放指数!AH45 -> 2.82 | AL45: =$D45*攻击分赃比!AL45*开放指数!AI45 -> 0 | AM45: =攻击分赃比!AM45*开放指数!AJ45 -> 0 | AN45: =攻击分赃比!AN45*开放指数!AK45 -> 0 | AO45: =攻击分赃比!AO45*开放指数!AL45 -> 0 | AP45: =攻击分赃比!AP45*开放指数!AM45 -> 0 | AQ45: =攻击分赃比!AQ45*开放指数!AN45 -> 0 | AR45: =$D45*攻击分赃比!AS45*开放指数!AO45 -> 18.8 | AS45: =D45+O45+AR45+AL45+AC45 -> 347.8 | AT45: =H45+I45+J45+K45+L45+M45+N45+S45*(1+AB45)+T45+U45+V45+W45+AG45+AH45+AI45+AJ45+AK45+AL45*(1+AQ45)+AR45 -> 1278.22 | AW45: =H45+I45+J45+K45+L45+M45+N45 -> 476.4 | AX45: =S45*(1+AB45)+T45+U45+V45+W45 -> 460.6 | AY45: =AG45+AH45+AI45+AJ45+AK45 -> 322.42 | AZ45: =AL45*(1+AQ45) -> 0 | BA45: =AR45 -> 18.8 | BB45: =AT45/D45 -> 13.598085
A46: 44 | B46: =B45 -> 2 | C46: =C45+B46 -> 96 | D46: =B46+D45 -> 96 | E46: =$D46*攻击分赃比!B46*开放指数!B46 -> 115.2 | F46: =$D46*攻击分赃比!C46*开放指数!C46 -> 144 | G46: =$D46*攻击分赃比!D46*开放指数!D46 -> 192 | H46: =$D46*攻击分赃比!E46*开放指数!E46 -> 240 | I46: =I45 -> 44 | J46: =$D46*攻击分赃比!G46*开放指数!G46 -> 28.8 | K46: =$D46*攻击分赃比!H46*开放指数!H46 -> 57.6 | L46: =$D46*攻击分赃比!I46*开放指数!I46 -> 0 | M46: =$D46*攻击分赃比!J46*开放指数!J46 -> 0 | N46: =$D46*攻击分赃比!K46*开放指数!K46 -> 115.2 | O46: =$D46*攻击分赃比!M46*开放指数!L46 -> 144 | P46: =$D46*攻击分赃比!N46*开放指数!M46 -> 192 | Q46: =$D46*攻击分赃比!O46*开放指数!N46 -> 240 | R46: =$D46*攻击分赃比!P46*开放指数!O46 -> 288 | S46: =$D46*攻击分赃比!Q46*开放指数!P46 -> 336 | T46: =$D46*攻击分赃比!R46*开放指数!Q46 -> 72 | U46: =$D46*攻击分赃比!S46*开放指数!R46 -> 28.8 | V46: =$D46*攻击分赃比!T46*开放指数!S46 -> 28.8 | W46: =$D46*攻击分赃比!U46*开放指数!T46 -> 4.8 | X46: =攻击分赃比!V46*开放指数!U46 -> 0 | Y46: =攻击分赃比!W46*开放指数!V46 -> 0 | Z46: =攻击分赃比!X46*开放指数!W46 -> 0 | AA46: =攻击分赃比!Y46*开放指数!X46 -> 0 | AB46: =攻击分赃比!Z46*开放指数!Y46 -> 0 | AC46: =$D46*攻击分赃比!AB46*开放指数!Z46 -> 96 | AD46: =$D46*攻击分赃比!AC46*开放指数!AA46 -> 115.2 | AE46: =$D46*攻击分赃比!AD46*开放指数!AB46 -> 144 | AF46: =$D46*攻击分赃比!AE46*开放指数!AC46 -> 192 | AG46: =$D46*攻击分赃比!AF46*开放指数!AD46 -> 240 | AH46: =$D46*攻击分赃比!AG46*开放指数!AE46 -> 48 | AI46: =$D46*攻击分赃比!AH46*开放指数!AF46 -> 19.2 | AJ46: =$D46*攻击分赃比!AI46*开放指数!AG46 -> 19.2 | AK46: =$D46*攻击分赃比!AJ46*开放指数!AH46 -> 2.88 | AL46: =$D46*攻击分赃比!AL46*开放指数!AI46 -> 0 | AM46: =攻击分赃比!AM46*开放指数!AJ46 -> 0 | AN46: =攻击分赃比!AN46*开放指数!AK46 -> 0 | AO46: =攻击分赃比!AO46*开放指数!AL46 -> 0 | AP46: =攻击分赃比!AP46*开放指数!AM46 -> 0 | AQ46: =攻击分赃比!AQ46*开放指数!AN46 -> 0 | AR46: =$D46*攻击分赃比!AS46*开放指数!AO46 -> 19.2 | AS46: =D46+O46+AR46+AL46+AC46 -> 355.2 | AT46: =H46+I46+J46+K46+L46+M46+N46+S46*(1+AB46)+T46+U46+V46+W46+AG46+AH46+AI46+AJ46+AK46+AL46*(1+AQ46)+AR46 -> 1304.48 | AW46: =H46+I46+J46+K46+L46+M46+N46 -> 485.6 | AX46: =S46*(1+AB46)+T46+U46+V46+W46 -> 470.4 | AY46: =AG46+AH46+AI46+AJ46+AK46 -> 329.28 | AZ46: =AL46*(1+AQ46) -> 0 | BA46: =AR46 -> 19.2 | BB46: =AT46/D46 -> 13.588333
A47: 45 | B47: =B46 -> 2 | C47: =C46+B47 -> 98 | D47: =B47+D46 -> 98 | E47: =$D47*攻击分赃比!B47*开放指数!B47 -> 117.6 | F47: =$D47*攻击分赃比!C47*开放指数!C47 -> 147 | G47: =$D47*攻击分赃比!D47*开放指数!D47 -> 196 | H47: =$D47*攻击分赃比!E47*开放指数!E47 -> 245 | I47: =$D47*攻击分赃比!F47*开放指数!F47 -> 49 | J47: =$D47*攻击分赃比!G47*开放指数!G47 -> 29.4 | K47: =$D47*攻击分赃比!H47*开放指数!H47 -> 58.8 | L47: =$D47*攻击分赃比!I47*开放指数!I47 -> 0 | ... N47: =$D47*攻击分赃比!K47*开放指数!K47 -> 117.6 | O47: =$D47*攻击分赃比!M47*开放指数!L47 -> 147 | P47: =$D47*攻击分赃比!N47*开放指数!M47 -> 196 | Q47: =$D47*攻击分赃比!O47*开放指数!N47 -> 245 | R47: =$D47*攻击分赃比!P47*开放指数!O47 -> 294 | S47: =$D47*攻击分赃比!Q47*开放指数!P47 -> 343 | T47: =$D47*攻击分赃比!R47*开放指数!Q47 -> 73.5 | U47: =$D47*攻击分赃比!S47*开放指数!R47 -> 29.4 | V47: =$D47*攻击分赃比!T47*开放指数!S47 -> 29.4 | W47: =$D47*攻击分赃比!U47*开放指数!T47 -> 4.9 | X47: =攻击分赃比!V47*开放指数!U47 -> 0 | Y47: =攻击分赃比!W47*开放指数!V47 -> 0 | Z47: =攻击分赃比!X47*开放指数!W47 -> 0 | AA47: =攻击分赃比!Y47*开放指数!X47 -> 0 | AB47: =攻击分赃比!Z47*开放指数!Y47 -> 0 | AC47: =$D47*攻击分赃比!AB47*开放指数!Z47 -> 98 | AD47: =$D47*攻击分赃比!AC47*开放指数!AA47 -> 117.6 | AE47: =$D47*攻击分赃比!AD47*开放指数!AB47 -> 147 | AF47: =$D47*攻击分赃比!AE47*开放指数!AC47 -> 196 | AG47: =$D47*攻击分赃比!AF47*开放指数!AD47 -> 245 | AH47: =$D47*攻击分赃比!AG47*开放指数!AE47 -> 49 | AI47: =$D47*攻击分赃比!AH47*开放指数!AF47 -> 19.6 | AJ47: =$D47*攻击分赃比!AI47*开放指数!AG47 -> 19.6 | AK47: =$D47*攻击分赃比!AJ47*开放指数!AH47 -> 2.94 | AL47: =$D47*攻击分赃比!AL47*开放指数!AI47 -> 0 | AM47: =攻击分赃比!AM47*开放指数!AJ47 -> 0 | AN47: =攻击分赃比!AN47*开放指数!AK47 -> 0 | AO47: =攻击分赃比!AO47*开放指数!AL47 -> 0 | AP47: =攻击分赃比!AP47*开放指数!AM47 -> 0 | AQ47: =攻击分赃比!AQ47*开放指数!AN47 -> 0 | AR47: =$D47*攻击分赃比!AS47*开放指数!AO47 -> 19.6 | AS47: =D47+O47+AR47+AL47+AC47 -> 362.6 | AT47: =H47+I47+J47+K47+L47+M47+N47+S47*(1+AB47)+T47+U47+V47+W47+AG47+AH47+AI47+AJ47+AK47+AL47*(1+AQ47)+AR47 -> 1335.74 | AW47: =H47+I47+J47+K47+L47+M47+N47 -> 499.8 | AX47: =S47*(1+AB47)+T47+U47+V47+W47 -> 480.2 | AY47: =AG47+AH47+AI47+AJ47+AK47 -> 336.14 | AZ47: =AL47*(1+AQ47) -> 0 | BA47: =AR47 -> 19.6 | BB47: =AT47/D47 -> 13.63
A48: 46 | B48: =B47 -> 2 | C48: =C47+B48 -> 100 | D48: =B48+D47 -> 100 | E48: =$D48*攻击分赃比!B48*开放指数!B48 -> 120 | F48: =$D48*攻击分赃比!C48*开放指数!C48 -> 150 | G48: =$D48*攻击分赃比!D48*开放指数!D48 -> 200 | H48: =$D48*攻击分赃比!E48*开放指数!E48 -> 250 | I48: =I47 -> 49 | J48: =$D48*攻击分赃比!G48*开放指数!G48 -> 30 | K48: =$D48*攻击分赃比!H48*开放指数!H48 -> 60 | L48: =$D48*攻击分赃比!I48*开放指数!I48 -> 0 | M48: =$D48*攻击分赃比!J48*开放指数!J48 -> 0 | N48: =$D48*攻击分赃比!K48*开放指数!K48 -> 120 | O48: =$D48*攻击分赃比!M48*开放指数!L48 -> 150 | P48: =$D48*攻击分赃比!N48*开放指数!M48 -> 200 | Q48: =$D48*攻击分赃比!O48*开放指数!N48 -> 250 | R48: =$D48*攻击分赃比!P48*开放指数!O48 -> 300 | S48: =$D48*攻击分赃比!Q48*开放指数!P48 -> 350 | T48: =$D48*攻击分赃比!R48*开放指数!Q48 -> 75 | U48: =$D48*攻击分赃比!S48*开放指数!R48 -> 30 | V48: =$D48*攻击分赃比!T48*开放指数!S48 -> 30 | W48: =$D48*攻击分赃比!U48*开放指数!T48 -> 5 | X48: =攻击分赃比!V48*开放指数!U48 -> 0 | Y48: =攻击分赃比!W48*开放指数!V48 -> 0 | Z48: =攻击分赃比!X48*开放指数!W48 -> 0 | AA48: =攻击分赃比!Y48*开放指数!X48 -> 0 | AB48: =攻击分赃比!Z48*开放指数!Y48 -> 0 | AC48: =$D48*攻击分赃比!AB48*开放指数!Z48 -> 100 | AD48: =$D48*攻击分赃比!AC48*开放指数!AA48 -> 120 | AE48: =$D48*攻击分赃比!AD48*开放指数!AB48 -> 150 | AF48: =$D48*攻击分赃比!AE48*开放指数!AC48 -> 200 | AG48: =$D48*攻击分赃比!AF48*开放指数!AD48 -> 250 | AH48: =$D48*攻击分赃比!AG48*开放指数!AE48 -> 50 | AI48: =$D48*攻击分赃比!AH48*开放指数!AF48 -> 20 | AJ48: =$D48*攻击分赃比!AI48*开放指数!AG48 -> 20 | AK48: =$D48*攻击分赃比!AJ48*开放指数!AH48 -> 3 | AL48: =$D48*攻击分赃比!AL48*开放指数!AI48 -> 0 | AM48: =攻击分赃比!AM48*开放指数!AJ48 -> 0 | AN48: =攻击分赃比!AN48*开放指数!AK48 -> 0 | AO48: =攻击分赃比!AO48*开放指数!AL48 -> 0 | AP48: =攻击分赃比!AP48*开放指数!AM48 -> 0 | AQ48: =攻击分赃比!AQ48*开放指数!AN48 -> 0 | AR48: =$D48*攻击分赃比!AS48*开放指数!AO48 -> 20 | AS48: =D48+O48+AR48+AL48+AC48 -> 370 | AT48: =H48+I48+J48+K48+L48+M48+N48+S48*(1+AB48)+T48+U48+V48+W48+AG48+AH48+AI48+AJ48+AK48+AL48*(1+AQ48)+AR48 -> 1362 | AW48: =H48+I48+J48+K48+L48+M48+N48 -> 509 | AX48: =S48*(1+AB48)+T48+U48+V48+W48 -> 490 | AY48: =AG48+AH48+AI48+AJ48+AK48 -> 343 | AZ48: =AL48*(1+AQ48) -> 0 | BA48: =AR48 -> 20 | BB48: =AT48/D48 -> 13.62
A49: 47 | B49: =B48 -> 2 | C49: =C48+B49 -> 102 | D49: =B49+D48 -> 102 | E49: =$D49*攻击分赃比!B49*开放指数!B49 -> 122.4 | F49: =$D49*攻击分赃比!C49*开放指数!C49 -> 153 | G49: =$D49*攻击分赃比!D49*开放指数!D49 -> 204 | H49: =$D49*攻击分赃比!E49*开放指数!E49 -> 255 | I49: =I48 -> 49 | J49: =$D49*攻击分赃比!G49*开放指数!G49 -> 30.6 | K49: =$D49*攻击分赃比!H49*开放指数!H49 -> 61.2 | L49: =$D49*攻击分赃比!I49*开放指数!I49 -> 0 | M49: =$D49*攻击分赃比!J49*开放指数!J49 -> 0 | N49: =$D49*攻击分赃比!K49*开放指数!K49 -> 122.4 | O49: =$D49*攻击分赃比!M49*开放指数!L49 -> 153 | P49: =$D49*攻击分赃比!N49*开放指数!M49 -> 204 | Q49: =$D49*攻击分赃比!O49*开放指数!N49 -> 255 | R49: =$D49*攻击分赃比!P49*开放指数!O49 -> 306 | S49: =$D49*攻击分赃比!Q49*开放指数!P49 -> 357 | T49: =$D49*攻击分赃比!R49*开放指数!Q49 -> 76.5 | U49: =$D49*攻击分赃比!S49*开放指数!R49 -> 30.6 | V49: =$D49*攻击分赃比!T49*开放指数!S49 -> 30.6 | W49: =$D49*攻击分赃比!U49*开放指数!T49 -> 5.1 | X49: =攻击分赃比!V49*开放指数!U49 -> 0 | Y49: =攻击分赃比!W49*开放指数!V49 -> 0 | Z49: =攻击分赃比!X49*开放指数!W49 -> 0 | AA49: =攻击分赃比!Y49*开放指数!X49 -> 0 | AB49: =攻击分赃比!Z49*开放指数!Y49 -> 0 | AC49: =$D49*攻击分赃比!AB49*开放指数!Z49 -> 102 | AD49: =$D49*攻击分赃比!AC49*开放指数!AA49 -> 122.4 | AE49: =$D49*攻击分赃比!AD49*开放指数!AB49 -> 153 | AF49: =$D49*攻击分赃比!AE49*开放指数!AC49 -> 204 | AG49: =$D49*攻击分赃比!AF49*开放指数!AD49 -> 255 | AH49: =$D49*攻击分赃比!AG49*开放指数!AE49 -> 51 | AI49: =$D49*攻击分赃比!AH49*开放指数!AF49 -> 20.4 | AJ49: =$D49*攻击分赃比!AI49*开放指数!AG49 -> 20.4 | AK49: =$D49*攻击分赃比!AJ49*开放指数!AH49 -> 3.06 | AL49: =$D49*攻击分赃比!AL49*开放指数!AI49 -> 0 | AM49: =攻击分赃比!AM49*开放指数!AJ49 -> 0 | AN49: =攻击分赃比!AN49*开放指数!AK49 -> 0 | AO49: =攻击分赃比!AO49*开放指数!AL49 -> 0 | AP49: =攻击分赃比!AP49*开放指数!AM49 -> 0 | AQ49: =攻击分赃比!AQ49*开放指数!AN49 -> 0 | AR49: =$D49*攻击分赃比!AS49*开放指数!AO49 -> 20.4 | AS49: =D49+O49+AR49+AL49+AC49 -> 377.4 | AT49: =H49+I49+J49+K49+L49+M49+N49+S49*(1+AB49)+T49+U49+V49+W49+AG49+AH49+AI49+AJ49+AK49+AL49*(1+AQ49)+AR49 -> 1388.26 | AW49: =H49+I49+J49+K49+L49+M49+N49 -> 518.2 | AX49: =S49*(1+AB49)+T49+U49+V49+W49 -> 499.8 | AY49: =AG49+AH49+AI49+AJ49+AK49 -> 349.86 | AZ49: =AL49*(1+AQ49) -> 0 | BA49: =AR49 -> 20.4 | BB49: =AT49/D49 -> 13.610392
A50: 48 | B50: =B49 -> 2 | C50: =C49+B50 -> 104 | D50: =B50+D49 -> 104 | E50: =$D50*攻击分赃比!B50*开放指数!B50 -> 124.8 | F50: =$D50*攻击分赃比!C50*开放指数!C50 -> 156 | G50: =$D50*攻击分赃比!D50*开放指数!D50 -> 208 | H50: =$D50*攻击分赃比!E50*开放指数!E50 -> 260 | I50: =I49 -> 49 | J50: =$D50*攻击分赃比!G50*开放指数!G50 -> 31.2 | K50: =$D50*攻击分赃比!H50*开放指数!H50 -> 62.4 | L50: =$D50*攻击分赃比!I50*开放指数!I50 -> 0 | M50: =$D50*攻击分赃比!J50*开放指数!J50 -> 0 | N50: =$D50*攻击分赃比!K50*开放指数!K50 -> 124.8 | O50: =$D50*攻击分赃比!M50*开放指数!L50 -> 156 | P50: =$D50*攻击分赃比!N50*开放指数!M50 -> 208 | Q50: =$D50*攻击分赃比!O50*开放指数!N50 -> 260 | R50: =$D50*攻击分赃比!P50*开放指数!O50 -> 312 | S50: =$D50*攻击分赃比!Q50*开放指数!P50 -> 364 | T50: =$D50*攻击分赃比!R50*开放指数!Q50 -> 78 | U50: =$D50*攻击分赃比!S50*开放指数!R50 -> 31.2 | V50: =$D50*攻击分赃比!T50*开放指数!S50 -> 31.2 | W50: =$D50*攻击分赃比!U50*开放指数!T50 -> 5.2 | X50: =攻击分赃比!V50*开放指数!U50 -> 0 | Y50: =攻击分赃比!W50*开放指数!V50 -> 0 | Z50: =攻击分赃比!X50*开放指数!W50 -> 0 | AA50: =攻击分赃比!Y50*开放指数!X50 -> 0 | AB50: =攻击分赃比!Z50*开放指数!Y50 -> 0 | AC50: =$D50*攻击分赃比!AB50*开放指数!Z50 -> 104 | AD50: =$D50*攻击分赃比!AC50*开放指数!AA50 -> 124.8 | AE50: =$D50*攻击分赃比!AD50*开放指数!AB50 -> 156 | AF50: =$D50*攻击分赃比!AE50*开放指数!AC50 -> 208 | AG50: =$D50*攻击分赃比!AF50*开放指数!AD50 -> 260 | AH50: =$D50*攻击分赃比!AG50*开放指数!AE50 -> 52 | AI50: =$D50*攻击分赃比!AH50*开放指数!AF50 -> 20.8 | AJ50: =$D50*攻击分赃比!AI50*开放指数!AG50 -> 20.8 | AK50: =$D50*攻击分赃比!AJ50*开放指数!AH50 -> 3.12 | AL50: =$D50*攻击分赃比!AL50*开放指数!AI50 -> 0 | AM50: =攻击分赃比!AM50*开放指数!AJ50 -> 0 | AN50: =攻击分赃比!AN50*开放指数!AK50 -> 0 | AO50: =攻击分赃比!AO50*开放指数!AL50 -> 0 | AP50: =攻击分赃比!AP50*开放指数!AM50 -> 0 | AQ50: =攻击分赃比!AQ50*开放指数!AN50 -> 0 | AR50: =$D50*攻击分赃比!AS50*开放指数!AO50 -> 20.8 | AS50: =D50+O50+AR50+AL50+AC50 -> 384.8 | AT50: =H50+I50+J50+K50+L50+M50+N50+S50*(1+AB50)+T50+U50+V50+W50+AG50+AH50+AI50+AJ50+AK50+AL50*(1+AQ50)+AR50 -> 1414.52 | AW50: =H50+I50+J50+K50+L50+M50+N50 -> 527.4 | AX50: =S50*(1+AB50)+T50+U50+V50+W50 -> 509.6 | AY50: =AG50+AH50+AI50+AJ50+AK50 -> 356.72 | AZ50: =AL50*(1+AQ50) -> 0 | BA50: =AR50 -> 20.8 | BB50: =AT50/D50 -> 13.601154
A51: 49 | B51: =B50 -> 2 | C51: =C50+B51 -> 106 | D51: =B51+D50 -> 106 | E51: =$D51*攻击分赃比!B51*开放指数!B51 -> 127.2 | F51: =$D51*攻击分赃比!C51*开放指数!C51 -> 159 | G51: =$D51*攻击分赃比!D51*开放指数!D51 -> 212 | H51: =$D51*攻击分赃比!E51*开放指数!E51 -> 265 | I51: =I50 -> 49 | J51: =$D51*攻击分赃比!G51*开放指数!G51 -> 31.8 | K51: =$D51*攻击分赃比!H51*开放指数!H51 -> 63.6 | L51: =$D51*攻击分赃比!I51*开放指数!I51 -> 0 | M51: =$D51*攻击分赃比!J51*开放指数!J51 -> 0 | N51: =$D51*攻击分赃比!K51*开放指数!K51 -> 127.2 | O51: =$D51*攻击分赃比!M51*开放指数!L51 -> 159 | P51: =$D51*攻击分赃比!N51*开放指数!M51 -> 212 | Q51: =$D51*攻击分赃比!O51*开放指数!N51 -> 265 | R51: =$D51*攻击分赃比!P51*开放指数!O51 -> 318 | S51: =$D51*攻击分赃比!Q51*开放指数!P51 -> 371 | T51: =$D51*攻击分赃比!R51*开放指数!Q51 -> 79.5 | U51: =$D51*攻击分赃比!S51*开放指数!R51 -> 31.8 | V51: =$D51*攻击分赃比!T51*开放指数!S51 -> 31.8 | W51: =$D51*攻击分赃比!U51*开放指数!T51 -> 5.3 | X51: =攻击分赃比!V51*开放指数!U51 -> 0 | Y51: =攻击分赃比!W51*开放指数!V51 -> 0 | Z51: =攻击分赃比!X51*开放指数!W51 -> 0 | AA51: =攻击分赃比!Y51*开放指数!X51 -> 0 | AB51: =攻击分赃比!Z51*开放指数!Y51 -> 0 | AC51: =$D51*攻击分赃比!AB51*开放指数!Z51 -> 106 | AD51: =$D51*攻击分赃比!AC51*开放指数!AA51 -> 127.2 | AE51: =$D51*攻击分赃比!AD51*开放指数!AB51 -> 159 | AF51: =$D51*攻击分赃比!AE51*开放指数!AC51 -> 212 | AG51: =$D51*攻击分赃比!AF51*开放指数!AD51 -> 265 | AH51: =$D51*攻击分赃比!AG51*开放指数!AE51 -> 53 | AI51: =$D51*攻击分赃比!AH51*开放指数!AF51 -> 21.2 | AJ51: =$D51*攻击分赃比!AI51*开放指数!AG51 -> 21.2 | AK51: =$D51*攻击分赃比!AJ51*开放指数!AH51 -> 3.18 | AL51: =$D51*攻击分赃比!AL51*开放指数!AI51 -> 0 | AM51: =攻击分赃比!AM51*开放指数!AJ51 -> 0 | AN51: =攻击分赃比!AN51*开放指数!AK51 -> 0 | AO51: =攻击分赃比!AO51*开放指数!AL51 -> 0 | AP51: =攻击分赃比!AP51*开放指数!AM51 -> 0 | AQ51: =攻击分赃比!AQ51*开放指数!AN51 -> 0 | AR51: =$D51*攻击分赃比!AS51*开放指数!AO51 -> 21.2 | AS51: =D51+O51+AR51+AL51+AC51 -> 392.2 | AT51: =H51+I51+J51+K51+L51+M51+N51+S51*(1+AB51)+T51+U51+V51+W51+AG51+AH51+AI51+AJ51+AK51+AL51*(1+AQ51)+AR51 -> 1440.78 | AW51: =H51+I51+J51+K51+L51+M51+N51 -> 536.6 | AX51: =S51*(1+AB51)+T51+U51+V51+W51 -> 519.4 | AY51: =AG51+AH51+AI51+AJ51+AK51 -> 363.58 | AZ51: =AL51*(1+AQ51) -> 0 | BA51: =AR51 -> 21.2 | BB51: =AT51/D51 -> 13.592264
A52: 50 | B52: =B51 -> 2 | C52: =C51+B52 -> 108 | D52: =B52+D51 -> 108 | E52: =$D52*攻击分赃比!B52*开放指数!B52 -> 129.6 | F52: =$D52*攻击分赃比!C52*开放指数!C52 -> 162 | G52: =$D52*攻击分赃比!D52*开放指数!D52 -> 216 | H52: =$D52*攻击分赃比!E52*开放指数!E52 -> 270 | I52: =$D52*攻击分赃比!F52*开放指数!F52 -> 54 | J52: =$D52*攻击分赃比!G52*开放指数!G52 -> 32.4 | K52: =$D52*攻击分赃比!H52*开放指数!H52 -> 64.8 | L52: =$D52*攻击分赃比!I52*开放指数!I52 -> 0 | ... N52: =$D52*攻击分赃比!K52*开放指数!K52 -> 129.6 | O52: =$D52*攻击分赃比!M52*开放指数!L52 -> 162 | P52: =$D52*攻击分赃比!N52*开放指数!M52 -> 216 | Q52: =$D52*攻击分赃比!O52*开放指数!N52 -> 270 | R52: =$D52*攻击分赃比!P52*开放指数!O52 -> 324 | S52: =$D52*攻击分赃比!Q52*开放指数!P52 -> 378 | T52: =$D52*攻击分赃比!R52*开放指数!Q52 -> 81 | U52: =$D52*攻击分赃比!S52*开放指数!R52 -> 32.4 | V52: =$D52*攻击分赃比!T52*开放指数!S52 -> 32.4 | W52: =$D52*攻击分赃比!U52*开放指数!T52 -> 5.4 | X52: =攻击分赃比!V52*开放指数!U52 -> 0 | Y52: =攻击分赃比!W52*开放指数!V52 -> 0 | Z52: =攻击分赃比!X52*开放指数!W52 -> 0 | AA52: =攻击分赃比!Y52*开放指数!X52 -> 0 | AB52: =攻击分赃比!Z52*开放指数!Y52 -> 0 | AC52: =$D52*攻击分赃比!AB52*开放指数!Z52 -> 108 | AD52: =$D52*攻击分赃比!AC52*开放指数!AA52 -> 129.6 | AE52: =$D52*攻击分赃比!AD52*开放指数!AB52 -> 162 | AF52: =$D52*攻击分赃比!AE52*开放指数!AC52 -> 216 | AG52: =$D52*攻击分赃比!AF52*开放指数!AD52 -> 270 | AH52: =$D52*攻击分赃比!AG52*开放指数!AE52 -> 54 | AI52: =$D52*攻击分赃比!AH52*开放指数!AF52 -> 21.6 | AJ52: =$D52*攻击分赃比!AI52*开放指数!AG52 -> 21.6 | AK52: =$D52*攻击分赃比!AJ52*开放指数!AH52 -> 3.24 | AL52: =$D52*攻击分赃比!AL52*开放指数!AI52 -> 0 | AM52: =攻击分赃比!AM52*开放指数!AJ52 -> 0 | AN52: =攻击分赃比!AN52*开放指数!AK52 -> 0 | AO52: =攻击分赃比!AO52*开放指数!AL52 -> 0 | AP52: =攻击分赃比!AP52*开放指数!AM52 -> 0 | AQ52: =攻击分赃比!AQ52*开放指数!AN52 -> 0 | AR52: =$D52*攻击分赃比!AS52*开放指数!AO52 -> 21.6 | AS52: =D52+O52+AR52+AL52+AC52 -> 399.6 | AT52: =H52+I52+J52+K52+L52+M52+N52+S52*(1+AB52)+T52+U52+V52+W52+AG52+AH52+AI52+AJ52+AK52+AL52*(1+AQ52)+AR52 -> 1558.44 | AW52: =H52+I52+J52+K52+L52+M52+N52 -> 637.2 | AX52: =S52*(1+AB52)+T52+U52+V52+W52 -> 529.2 | AY52: =AG52+AH52+AI52+AJ52+AK52 -> 370.44 | AZ52: =AL52*(1+AQ52) -> 0 | BA52: =AR52 -> 21.6 | BB52: =AT52/D52 -> 14.43
A53: 51 | B53: =B52 -> 2 | C53: =C52+B53 -> 110 | D53: =B53+D52 -> 110 | E53: =$D53*攻击分赃比!B53*开放指数!B53 -> 132 | F53: =$D53*攻击分赃比!C53*开放指数!C53 -> 165 | G53: =$D53*攻击分赃比!D53*开放指数!D53 -> 220 | H53: =$D53*攻击分赃比!E53*开放指数!E53 -> 275 | I53: =I52 -> 54 | J53: =$D53*攻击分赃比!G53*开放指数!G53 -> 33 | K53: =$D53*攻击分赃比!H53*开放指数!H53 -> 66 | L53: =$D53*攻击分赃比!I53*开放指数!I53 -> 0 | M53: =$D53*攻击分赃比!J53*开放指数!J53 -> 88 | N53: =$D53*攻击分赃比!K53*开放指数!K53 -> 132 | O53: =$D53*攻击分赃比!M53*开放指数!L53 -> 165 | P53: =$D53*攻击分赃比!N53*开放指数!M53 -> 220 | Q53: =$D53*攻击分赃比!O53*开放指数!N53 -> 275 | R53: =$D53*攻击分赃比!P53*开放指数!O53 -> 330 | S53: =$D53*攻击分赃比!Q53*开放指数!P53 -> 385 | T53: =$D53*攻击分赃比!R53*开放指数!Q53 -> 82.5 | U53: =$D53*攻击分赃比!S53*开放指数!R53 -> 33 | V53: =$D53*攻击分赃比!T53*开放指数!S53 -> 33 | W53: =$D53*攻击分赃比!U53*开放指数!T53 -> 5.5 | X53: =攻击分赃比!V53*开放指数!U53 -> 0 | Y53: =攻击分赃比!W53*开放指数!V53 -> 0 | Z53: =攻击分赃比!X53*开放指数!W53 -> 0 | AA53: =攻击分赃比!Y53*开放指数!X53 -> 0 | AB53: =攻击分赃比!Z53*开放指数!Y53 -> 0 | AC53: =$D53*攻击分赃比!AB53*开放指数!Z53 -> 110 | AD53: =$D53*攻击分赃比!AC53*开放指数!AA53 -> 132 | AE53: =$D53*攻击分赃比!AD53*开放指数!AB53 -> 165 | AF53: =$D53*攻击分赃比!AE53*开放指数!AC53 -> 220 | AG53: =$D53*攻击分赃比!AF53*开放指数!AD53 -> 275 | AH53: =$D53*攻击分赃比!AG53*开放指数!AE53 -> 55 | AI53: =$D53*攻击分赃比!AH53*开放指数!AF53 -> 22 | AJ53: =$D53*攻击分赃比!AI53*开放指数!AG53 -> 22 | AK53: =$D53*攻击分赃比!AJ53*开放指数!AH53 -> 3.3 | AL53: =$D53*攻击分赃比!AL53*开放指数!AI53 -> 0 | AM53: =攻击分赃比!AM53*开放指数!AJ53 -> 0 | AN53: =攻击分赃比!AN53*开放指数!AK53 -> 0 | AO53: =攻击分赃比!AO53*开放指数!AL53 -> 0 | AP53: =攻击分赃比!AP53*开放指数!AM53 -> 0 | AQ53: =攻击分赃比!AQ53*开放指数!AN53 -> 0 | AR53: =$D53*攻击分赃比!AS53*开放指数!AO53 -> 22 | AS53: =D53+O53+AR53+AL53+AC53 -> 407 | AT53: =H53+I53+J53+K53+L53+M53+N53+S53*(1+AB53)+T53+U53+V53+W53+AG53+AH53+AI53+AJ53+AK53+AL53*(1+AQ53)+AR53 -> 1586.3 | AW53: =H53+I53+J53+K53+L53+M53+N53 -> 648 | AX53: =S53*(1+AB53)+T53+U53+V53+W53 -> 539 | AY53: =AG53+AH53+AI53+AJ53+AK53 -> 377.3 | AZ53: =AL53*(1+AQ53) -> 0 | BA53: =AR53 -> 22 | BB53: =AT53/D53 -> 14.420909
A54: 52 | B54: =B53 -> 2 | C54: =C53+B54 -> 112 | D54: =B54+D53 -> 112 | E54: =$D54*攻击分赃比!B54*开放指数!B54 -> 134.4 | F54: =$D54*攻击分赃比!C54*开放指数!C54 -> 168 | G54: =$D54*攻击分赃比!D54*开放指数!D54 -> 224 | H54: =$D54*攻击分赃比!E54*开放指数!E54 -> 280 | I54: =I53 -> 54 | J54: =$D54*攻击分赃比!G54*开放指数!G54 -> 33.6 | K54: =$D54*攻击分赃比!H54*开放指数!H54 -> 67.2 | L54: =$D54*攻击分赃比!I54*开放指数!I54 -> 0 | M54: =$D54*攻击分赃比!J54*开放指数!J54 -> 89.6 | N54: =$D54*攻击分赃比!K54*开放指数!K54 -> 134.4 | O54: =$D54*攻击分赃比!M54*开放指数!L54 -> 168 | P54: =$D54*攻击分赃比!N54*开放指数!M54 -> 224 | Q54: =$D54*攻击分赃比!O54*开放指数!N54 -> 280 | R54: =$D54*攻击分赃比!P54*开放指数!O54 -> 336 | S54: =$D54*攻击分赃比!Q54*开放指数!P54 -> 392 | T54: =$D54*攻击分赃比!R54*开放指数!Q54 -> 84 | U54: =$D54*攻击分赃比!S54*开放指数!R54 -> 33.6 | V54: =$D54*攻击分赃比!T54*开放指数!S54 -> 33.6 | W54: =$D54*攻击分赃比!U54*开放指数!T54 -> 5.6 | X54: =攻击分赃比!V54*开放指数!U54 -> 0 | Y54: =攻击分赃比!W54*开放指数!V54 -> 0 | Z54: =攻击分赃比!X54*开放指数!W54 -> 0 | AA54: =攻击分赃比!Y54*开放指数!X54 -> 0 | AB54: =攻击分赃比!Z54*开放指数!Y54 -> 0 | AC54: =$D54*攻击分赃比!AB54*开放指数!Z54 -> 112 | AD54: =$D54*攻击分赃比!AC54*开放指数!AA54 -> 134.4 | AE54: =$D54*攻击分赃比!AD54*开放指数!AB54 -> 168 | AF54: =$D54*攻击分赃比!AE54*开放指数!AC54 -> 224 | AG54: =$D54*攻击分赃比!AF54*开放指数!AD54 -> 280 | AH54: =$D54*攻击分赃比!AG54*开放指数!AE54 -> 56 | AI54: =$D54*攻击分赃比!AH54*开放指数!AF54 -> 22.4 | AJ54: =$D54*攻击分赃比!AI54*开放指数!AG54 -> 22.4 | AK54: =$D54*攻击分赃比!AJ54*开放指数!AH54 -> 3.36 | AL54: =$D54*攻击分赃比!AL54*开放指数!AI54 -> 0 | AM54: =攻击分赃比!AM54*开放指数!AJ54 -> 0 | AN54: =攻击分赃比!AN54*开放指数!AK54 -> 0 | AO54: =攻击分赃比!AO54*开放指数!AL54 -> 0 | AP54: =攻击分赃比!AP54*开放指数!AM54 -> 0 | AQ54: =攻击分赃比!AQ54*开放指数!AN54 -> 0 | AR54: =$D54*攻击分赃比!AS54*开放指数!AO54 -> 22.4 | AS54: =D54+O54+AR54+AL54+AC54 -> 414.4 | AT54: =H54+I54+J54+K54+L54+M54+N54+S54*(1+AB54)+T54+U54+V54+W54+AG54+AH54+AI54+AJ54+AK54+AL54*(1+AQ54)+AR54 -> 1614.16 | AW54: =H54+I54+J54+K54+L54+M54+N54 -> 658.8 | AX54: =S54*(1+AB54)+T54+U54+V54+W54 -> 548.8 | AY54: =AG54+AH54+AI54+AJ54+AK54 -> 384.16 | AZ54: =AL54*(1+AQ54) -> 0 | BA54: =AR54 -> 22.4 | BB54: =AT54/D54 -> 14.412143
A55: 53 | B55: =B54 -> 2 | C55: =C54+B55 -> 114 | D55: =B55+D54 -> 114 | E55: =$D55*攻击分赃比!B55*开放指数!B55 -> 136.8 | F55: =$D55*攻击分赃比!C55*开放指数!C55 -> 171 | G55: =$D55*攻击分赃比!D55*开放指数!D55 -> 228 | H55: =$D55*攻击分赃比!E55*开放指数!E55 -> 285 | I55: =I54 -> 54 | J55: =$D55*攻击分赃比!G55*开放指数!G55 -> 34.2 | K55: =$D55*攻击分赃比!H55*开放指数!H55 -> 68.4 | L55: =$D55*攻击分赃比!I55*开放指数!I55 -> 0 | M55: =$D55*攻击分赃比!J55*开放指数!J55 -> 91.2 | N55: =$D55*攻击分赃比!K55*开放指数!K55 -> 136.8 | O55: =$D55*攻击分赃比!M55*开放指数!L55 -> 171 | P55: =$D55*攻击分赃比!N55*开放指数!M55 -> 228 | Q55: =$D55*攻击分赃比!O55*开放指数!N55 -> 285 | R55: =$D55*攻击分赃比!P55*开放指数!O55 -> 342 | S55: =$D55*攻击分赃比!Q55*开放指数!P55 -> 399 | T55: =$D55*攻击分赃比!R55*开放指数!Q55 -> 85.5 | U55: =$D55*攻击分赃比!S55*开放指数!R55 -> 34.2 | V55: =$D55*攻击分赃比!T55*开放指数!S55 -> 34.2 | W55: =$D55*攻击分赃比!U55*开放指数!T55 -> 5.7 | X55: =攻击分赃比!V55*开放指数!U55 -> 0 | Y55: =攻击分赃比!W55*开放指数!V55 -> 0 | Z55: =攻击分赃比!X55*开放指数!W55 -> 0 | AA55: =攻击分赃比!Y55*开放指数!X55 -> 0 | AB55: =攻击分赃比!Z55*开放指数!Y55 -> 0 | AC55: =$D55*攻击分赃比!AB55*开放指数!Z55 -> 114 | AD55: =$D55*攻击分赃比!AC55*开放指数!AA55 -> 136.8 | AE55: =$D55*攻击分赃比!AD55*开放指数!AB55 -> 171 | AF55: =$D55*攻击分赃比!AE55*开放指数!AC55 -> 228 | AG55: =$D55*攻击分赃比!AF55*开放指数!AD55 -> 285 | AH55: =$D55*攻击分赃比!AG55*开放指数!AE55 -> 57 | AI55: =$D55*攻击分赃比!AH55*开放指数!AF55 -> 22.8 | AJ55: =$D55*攻击分赃比!AI55*开放指数!AG55 -> 22.8 | AK55: =$D55*攻击分赃比!AJ55*开放指数!AH55 -> 3.42 | AL55: =$D55*攻击分赃比!AL55*开放指数!AI55 -> 0 | AM55: =攻击分赃比!AM55*开放指数!AJ55 -> 0 | AN55: =攻击分赃比!AN55*开放指数!AK55 -> 0 | AO55: =攻击分赃比!AO55*开放指数!AL55 -> 0 | AP55: =攻击分赃比!AP55*开放指数!AM55 -> 0 | AQ55: =攻击分赃比!AQ55*开放指数!AN55 -> 0 | AR55: =$D55*攻击分赃比!AS55*开放指数!AO55 -> 22.8 | AS55: =D55+O55+AR55+AL55+AC55 -> 421.8 | AT55: =H55+I55+J55+K55+L55+M55+N55+S55*(1+AB55)+T55+U55+V55+W55+AG55+AH55+AI55+AJ55+AK55+AL55*(1+AQ55)+AR55 -> 1642.02 | AW55: =H55+I55+J55+K55+L55+M55+N55 -> 669.6 | AX55: =S55*(1+AB55)+T55+U55+V55+W55 -> 558.6 | AY55: =AG55+AH55+AI55+AJ55+AK55 -> 391.02 | AZ55: =AL55*(1+AQ55) -> 0 | BA55: =AR55 -> 22.8 | BB55: =AT55/D55 -> 14.403684
A56: 54 | B56: =B55 -> 2 | C56: =C55+B56 -> 116 | D56: =B56+D55 -> 116 | E56: =$D56*攻击分赃比!B56*开放指数!B56 -> 139.2 | F56: =$D56*攻击分赃比!C56*开放指数!C56 -> 174 | G56: =$D56*攻击分赃比!D56*开放指数!D56 -> 232 | H56: =$D56*攻击分赃比!E56*开放指数!E56 -> 290 | I56: =I55 -> 54 | J56: =$D56*攻击分赃比!G56*开放指数!G56 -> 34.8 | K56: =$D56*攻击分赃比!H56*开放指数!H56 -> 69.6 | L56: =$D56*攻击分赃比!I56*开放指数!I56 -> 0 | M56: =$D56*攻击分赃比!J56*开放指数!J56 -> 92.8 | N56: =$D56*攻击分赃比!K56*开放指数!K56 -> 139.2 | O56: =$D56*攻击分赃比!M56*开放指数!L56 -> 174 | P56: =$D56*攻击分赃比!N56*开放指数!M56 -> 232 | Q56: =$D56*攻击分赃比!O56*开放指数!N56 -> 290 | R56: =$D56*攻击分赃比!P56*开放指数!O56 -> 348 | S56: =$D56*攻击分赃比!Q56*开放指数!P56 -> 406 | T56: =$D56*攻击分赃比!R56*开放指数!Q56 -> 87 | U56: =$D56*攻击分赃比!S56*开放指数!R56 -> 34.8 | V56: =$D56*攻击分赃比!T56*开放指数!S56 -> 34.8 | W56: =$D56*攻击分赃比!U56*开放指数!T56 -> 5.8 | X56: =攻击分赃比!V56*开放指数!U56 -> 0 | Y56: =攻击分赃比!W56*开放指数!V56 -> 0 | Z56: =攻击分赃比!X56*开放指数!W56 -> 0 | AA56: =攻击分赃比!Y56*开放指数!X56 -> 0 | AB56: =攻击分赃比!Z56*开放指数!Y56 -> 0 | AC56: =$D56*攻击分赃比!AB56*开放指数!Z56 -> 116 | AD56: =$D56*攻击分赃比!AC56*开放指数!AA56 -> 139.2 | AE56: =$D56*攻击分赃比!AD56*开放指数!AB56 -> 174 | AF56: =$D56*攻击分赃比!AE56*开放指数!AC56 -> 232 | AG56: =$D56*攻击分赃比!AF56*开放指数!AD56 -> 290 | AH56: =$D56*攻击分赃比!AG56*开放指数!AE56 -> 58 | AI56: =$D56*攻击分赃比!AH56*开放指数!AF56 -> 23.2 | AJ56: =$D56*攻击分赃比!AI56*开放指数!AG56 -> 23.2 | AK56: =$D56*攻击分赃比!AJ56*开放指数!AH56 -> 3.48 | AL56: =$D56*攻击分赃比!AL56*开放指数!AI56 -> 0 | AM56: =攻击分赃比!AM56*开放指数!AJ56 -> 0 | AN56: =攻击分赃比!AN56*开放指数!AK56 -> 0 | AO56: =攻击分赃比!AO56*开放指数!AL56 -> 0 | AP56: =攻击分赃比!AP56*开放指数!AM56 -> 0 | AQ56: =攻击分赃比!AQ56*开放指数!AN56 -> 0 | AR56: =$D56*攻击分赃比!AS56*开放指数!AO56 -> 23.2 | AS56: =D56+O56+AR56+AL56+AC56 -> 429.2 | AT56: =H56+I56+J56+K56+L56+M56+N56+S56*(1+AB56)+T56+U56+V56+W56+AG56+AH56+AI56+AJ56+AK56+AL56*(1+AQ56)+AR56 -> 1669.88 | AW56: =H56+I56+J56+K56+L56+M56+N56 -> 680.4 | AX56: =S56*(1+AB56)+T56+U56+V56+W56 -> 568.4 | AY56: =AG56+AH56+AI56+AJ56+AK56 -> 397.88 | AZ56: =AL56*(1+AQ56) -> 0 | BA56: =AR56 -> 23.2 | BB56: =AT56/D56 -> 14.395517
A57: 55 | B57: =B56 -> 2 | C57: =C56+B57 -> 118 | D57: =B57+D56 -> 118 | E57: =$D57*攻击分赃比!B57*开放指数!B57 -> 141.6 | F57: =$D57*攻击分赃比!C57*开放指数!C57 -> 177 | G57: =$D57*攻击分赃比!D57*开放指数!D57 -> 236 | H57: =$D57*攻击分赃比!E57*开放指数!E57 -> 295 | I57: =$D57*攻击分赃比!F57*开放指数!F57 -> 59 | J57: =$D57*攻击分赃比!G57*开放指数!G57 -> 35.4 | K57: =$D57*攻击分赃比!H57*开放指数!H57 -> 70.8 | L57: =$D57*攻击分赃比!I57*开放指数!I57 -> 0 | ... N57: =$D57*攻击分赃比!K57*开放指数!K57 -> 141.6 | O57: =$D57*攻击分赃比!M57*开放指数!L57 -> 177 | P57: =$D57*攻击分赃比!N57*开放指数!M57 -> 236 | Q57: =$D57*攻击分赃比!O57*开放指数!N57 -> 295 | R57: =$D57*攻击分赃比!P57*开放指数!O57 -> 354 | S57: =$D57*攻击分赃比!Q57*开放指数!P57 -> 413 | T57: =$D57*攻击分赃比!R57*开放指数!Q57 -> 88.5 | U57: =$D57*攻击分赃比!S57*开放指数!R57 -> 35.4 | V57: =$D57*攻击分赃比!T57*开放指数!S57 -> 35.4 | W57: =$D57*攻击分赃比!U57*开放指数!T57 -> 5.9 | X57: =攻击分赃比!V57*开放指数!U57 -> 0 | Y57: =攻击分赃比!W57*开放指数!V57 -> 0 | Z57: =攻击分赃比!X57*开放指数!W57 -> 0 | AA57: =攻击分赃比!Y57*开放指数!X57 -> 0 | AB57: =攻击分赃比!Z57*开放指数!Y57 -> 0 | AC57: =$D57*攻击分赃比!AB57*开放指数!Z57 -> 118 | AD57: =$D57*攻击分赃比!AC57*开放指数!AA57 -> 141.6 | AE57: =$D57*攻击分赃比!AD57*开放指数!AB57 -> 177 | AF57: =$D57*攻击分赃比!AE57*开放指数!AC57 -> 236 | AG57: =$D57*攻击分赃比!AF57*开放指数!AD57 -> 295 | AH57: =$D57*攻击分赃比!AG57*开放指数!AE57 -> 59 | AI57: =$D57*攻击分赃比!AH57*开放指数!AF57 -> 23.6 | AJ57: =$D57*攻击分赃比!AI57*开放指数!AG57 -> 23.6 | AK57: =$D57*攻击分赃比!AJ57*开放指数!AH57 -> 3.54 | AL57: =$D57*攻击分赃比!AL57*开放指数!AI57 -> 0 | AM57: =攻击分赃比!AM57*开放指数!AJ57 -> 0 | AN57: =攻击分赃比!AN57*开放指数!AK57 -> 0 | AO57: =攻击分赃比!AO57*开放指数!AL57 -> 0 | AP57: =攻击分赃比!AP57*开放指数!AM57 -> 0 | AQ57: =攻击分赃比!AQ57*开放指数!AN57 -> 0 | AR57: =$D57*攻击分赃比!AS57*开放指数!AO57 -> 23.6 | AS57: =D57+O57+AR57+AL57+AC57 -> 436.6 | AT57: =H57+I57+J57+K57+L57+M57+N57+S57*(1+AB57)+T57+U57+V57+W57+AG57+AH57+AI57+AJ57+AK57+AL57*(1+AQ57)+AR57 -> 1702.74 | AW57: =H57+I57+J57+K57+L57+M57+N57 -> 696.2 | AX57: =S57*(1+AB57)+T57+U57+V57+W57 -> 578.2 | AY57: =AG57+AH57+AI57+AJ57+AK57 -> 404.74 | AZ57: =AL57*(1+AQ57) -> 0 | BA57: =AR57 -> 23.6 | BB57: =AT57/D57 -> 14.43
A58: 56 | B58: =B57 -> 2 | C58: =C57+B58 -> 120 | D58: =B58+D57 -> 120 | E58: =$D58*攻击分赃比!B58*开放指数!B58 -> 144 | F58: =$D58*攻击分赃比!C58*开放指数!C58 -> 180 | G58: =$D58*攻击分赃比!D58*开放指数!D58 -> 240 | H58: =$D58*攻击分赃比!E58*开放指数!E58 -> 300 | I58: =I57 -> 59 | J58: =$D58*攻击分赃比!G58*开放指数!G58 -> 36 | K58: =$D58*攻击分赃比!H58*开放指数!H58 -> 72 | L58: =$D58*攻击分赃比!I58*开放指数!I58 -> 0 | M58: =$D58*攻击分赃比!J58*开放指数!J58 -> 96 | N58: =$D58*攻击分赃比!K58*开放指数!K58 -> 144 | O58: =$D58*攻击分赃比!M58*开放指数!L58 -> 180 | P58: =$D58*攻击分赃比!N58*开放指数!M58 -> 240 | Q58: =$D58*攻击分赃比!O58*开放指数!N58 -> 300 | R58: =$D58*攻击分赃比!P58*开放指数!O58 -> 360 | S58: =$D58*攻击分赃比!Q58*开放指数!P58 -> 420 | T58: =$D58*攻击分赃比!R58*开放指数!Q58 -> 90 | U58: =$D58*攻击分赃比!S58*开放指数!R58 -> 36 | V58: =$D58*攻击分赃比!T58*开放指数!S58 -> 36 | W58: =$D58*攻击分赃比!U58*开放指数!T58 -> 6 | X58: =攻击分赃比!V58*开放指数!U58 -> 0 | Y58: =攻击分赃比!W58*开放指数!V58 -> 0 | Z58: =攻击分赃比!X58*开放指数!W58 -> 0 | AA58: =攻击分赃比!Y58*开放指数!X58 -> 0 | AB58: =攻击分赃比!Z58*开放指数!Y58 -> 0 | AC58: =$D58*攻击分赃比!AB58*开放指数!Z58 -> 120 | AD58: =$D58*攻击分赃比!AC58*开放指数!AA58 -> 144 | AE58: =$D58*攻击分赃比!AD58*开放指数!AB58 -> 180 | AF58: =$D58*攻击分赃比!AE58*开放指数!AC58 -> 240 | AG58: =$D58*攻击分赃比!AF58*开放指数!AD58 -> 300 | AH58: =$D58*攻击分赃比!AG58*开放指数!AE58 -> 60 | AI58: =$D58*攻击分赃比!AH58*开放指数!AF58 -> 24 | AJ58: =$D58*攻击分赃比!AI58*开放指数!AG58 -> 24 | AK58: =$D58*攻击分赃比!AJ58*开放指数!AH58 -> 3.6 | AL58: =$D58*攻击分赃比!AL58*开放指数!AI58 -> 0 | AM58: =攻击分赃比!AM58*开放指数!AJ58 -> 0 | AN58: =攻击分赃比!AN58*开放指数!AK58 -> 0 | AO58: =攻击分赃比!AO58*开放指数!AL58 -> 0 | AP58: =攻击分赃比!AP58*开放指数!AM58 -> 0 | AQ58: =攻击分赃比!AQ58*开放指数!AN58 -> 0 | AR58: =$D58*攻击分赃比!AS58*开放指数!AO58 -> 24 | AS58: =D58+O58+AR58+AL58+AC58 -> 444 | AT58: =H58+I58+J58+K58+L58+M58+N58+S58*(1+AB58)+T58+U58+V58+W58+AG58+AH58+AI58+AJ58+AK58+AL58*(1+AQ58)+AR58 -> 1730.6 | AW58: =H58+I58+J58+K58+L58+M58+N58 -> 707 | AX58: =S58*(1+AB58)+T58+U58+V58+W58 -> 588 | AY58: =AG58+AH58+AI58+AJ58+AK58 -> 411.6 | AZ58: =AL58*(1+AQ58) -> 0 | BA58: =AR58 -> 24 | BB58: =AT58/D58 -> 14.421667
A59: 57 | B59: =B58 -> 2 | C59: =C58+B59 -> 122 | D59: =B59+D58 -> 122 | E59: =$D59*攻击分赃比!B59*开放指数!B59 -> 146.4 | F59: =$D59*攻击分赃比!C59*开放指数!C59 -> 183 | G59: =$D59*攻击分赃比!D59*开放指数!D59 -> 244 | H59: =$D59*攻击分赃比!E59*开放指数!E59 -> 305 | I59: =I58 -> 59 | J59: =$D59*攻击分赃比!G59*开放指数!G59 -> 36.6 | K59: =$D59*攻击分赃比!H59*开放指数!H59 -> 73.2 | L59: =$D59*攻击分赃比!I59*开放指数!I59 -> 0 | M59: =$D59*攻击分赃比!J59*开放指数!J59 -> 97.6 | N59: =$D59*攻击分赃比!K59*开放指数!K59 -> 146.4 | O59: =$D59*攻击分赃比!M59*开放指数!L59 -> 183 | P59: =$D59*攻击分赃比!N59*开放指数!M59 -> 244 | Q59: =$D59*攻击分赃比!O59*开放指数!N59 -> 305 | R59: =$D59*攻击分赃比!P59*开放指数!O59 -> 366 | S59: =$D59*攻击分赃比!Q59*开放指数!P59 -> 427 | T59: =$D59*攻击分赃比!R59*开放指数!Q59 -> 91.5 | U59: =$D59*攻击分赃比!S59*开放指数!R59 -> 36.6 | V59: =$D59*攻击分赃比!T59*开放指数!S59 -> 36.6 | W59: =$D59*攻击分赃比!U59*开放指数!T59 -> 6.1 | X59: =攻击分赃比!V59*开放指数!U59 -> 0 | Y59: =攻击分赃比!W59*开放指数!V59 -> 0 | Z59: =攻击分赃比!X59*开放指数!W59 -> 0 | AA59: =攻击分赃比!Y59*开放指数!X59 -> 0 | AB59: =攻击分赃比!Z59*开放指数!Y59 -> 0 | AC59: =$D59*攻击分赃比!AB59*开放指数!Z59 -> 122 | AD59: =$D59*攻击分赃比!AC59*开放指数!AA59 -> 146.4 | AE59: =$D59*攻击分赃比!AD59*开放指数!AB59 -> 183 | AF59: =$D59*攻击分赃比!AE59*开放指数!AC59 -> 244 | AG59: =$D59*攻击分赃比!AF59*开放指数!AD59 -> 305 | AH59: =$D59*攻击分赃比!AG59*开放指数!AE59 -> 61 | AI59: =$D59*攻击分赃比!AH59*开放指数!AF59 -> 24.4 | AJ59: =$D59*攻击分赃比!AI59*开放指数!AG59 -> 24.4 | AK59: =$D59*攻击分赃比!AJ59*开放指数!AH59 -> 3.66 | AL59: =$D59*攻击分赃比!AL59*开放指数!AI59 -> 0 | AM59: =攻击分赃比!AM59*开放指数!AJ59 -> 0 | AN59: =攻击分赃比!AN59*开放指数!AK59 -> 0 | AO59: =攻击分赃比!AO59*开放指数!AL59 -> 0 | AP59: =攻击分赃比!AP59*开放指数!AM59 -> 0 | AQ59: =攻击分赃比!AQ59*开放指数!AN59 -> 0 | AR59: =$D59*攻击分赃比!AS59*开放指数!AO59 -> 24.4 | AS59: =D59+O59+AR59+AL59+AC59 -> 451.4 | AT59: =H59+I59+J59+K59+L59+M59+N59+S59*(1+AB59)+T59+U59+V59+W59+AG59+AH59+AI59+AJ59+AK59+AL59*(1+AQ59)+AR59 -> 1758.46 | AW59: =H59+I59+J59+K59+L59+M59+N59 -> 717.8 | AX59: =S59*(1+AB59)+T59+U59+V59+W59 -> 597.8 | AY59: =AG59+AH59+AI59+AJ59+AK59 -> 418.46 | AZ59: =AL59*(1+AQ59) -> 0 | BA59: =AR59 -> 24.4 | BB59: =AT59/D59 -> 14.413607
A60: 58 | B60: =B59 -> 2 | C60: =C59+B60 -> 124 | D60: =B60+D59 -> 124 | E60: =$D60*攻击分赃比!B60*开放指数!B60 -> 148.8 | F60: =$D60*攻击分赃比!C60*开放指数!C60 -> 186 | G60: =$D60*攻击分赃比!D60*开放指数!D60 -> 248 | H60: =$D60*攻击分赃比!E60*开放指数!E60 -> 310 | I60: =I59 -> 59 | J60: =$D60*攻击分赃比!G60*开放指数!G60 -> 37.2 | K60: =$D60*攻击分赃比!H60*开放指数!H60 -> 74.4 | L60: =$D60*攻击分赃比!I60*开放指数!I60 -> 0 | M60: =$D60*攻击分赃比!J60*开放指数!J60 -> 99.2 | N60: =$D60*攻击分赃比!K60*开放指数!K60 -> 148.8 | O60: =$D60*攻击分赃比!M60*开放指数!L60 -> 186 | P60: =$D60*攻击分赃比!N60*开放指数!M60 -> 248 | Q60: =$D60*攻击分赃比!O60*开放指数!N60 -> 310 | R60: =$D60*攻击分赃比!P60*开放指数!O60 -> 372 | S60: =$D60*攻击分赃比!Q60*开放指数!P60 -> 434 | T60: =$D60*攻击分赃比!R60*开放指数!Q60 -> 93 | U60: =$D60*攻击分赃比!S60*开放指数!R60 -> 37.2 | V60: =$D60*攻击分赃比!T60*开放指数!S60 -> 37.2 | W60: =$D60*攻击分赃比!U60*开放指数!T60 -> 6.2 | X60: =攻击分赃比!V60*开放指数!U60 -> 0 | Y60: =攻击分赃比!W60*开放指数!V60 -> 0 | Z60: =攻击分赃比!X60*开放指数!W60 -> 0 | AA60: =攻击分赃比!Y60*开放指数!X60 -> 0 | AB60: =攻击分赃比!Z60*开放指数!Y60 -> 0 | AC60: =$D60*攻击分赃比!AB60*开放指数!Z60 -> 124 | AD60: =$D60*攻击分赃比!AC60*开放指数!AA60 -> 148.8 | AE60: =$D60*攻击分赃比!AD60*开放指数!AB60 -> 186 | AF60: =$D60*攻击分赃比!AE60*开放指数!AC60 -> 248 | AG60: =$D60*攻击分赃比!AF60*开放指数!AD60 -> 310 | AH60: =$D60*攻击分赃比!AG60*开放指数!AE60 -> 62 | AI60: =$D60*攻击分赃比!AH60*开放指数!AF60 -> 24.8 | AJ60: =$D60*攻击分赃比!AI60*开放指数!AG60 -> 24.8 | AK60: =$D60*攻击分赃比!AJ60*开放指数!AH60 -> 3.72 | AL60: =$D60*攻击分赃比!AL60*开放指数!AI60 -> 0 | AM60: =攻击分赃比!AM60*开放指数!AJ60 -> 0 | AN60: =攻击分赃比!AN60*开放指数!AK60 -> 0 | AO60: =攻击分赃比!AO60*开放指数!AL60 -> 0 | AP60: =攻击分赃比!AP60*开放指数!AM60 -> 0 | AQ60: =攻击分赃比!AQ60*开放指数!AN60 -> 0 | AR60: =$D60*攻击分赃比!AS60*开放指数!AO60 -> 24.8 | AS60: =D60+O60+AR60+AL60+AC60 -> 458.8 | AT60: =H60+I60+J60+K60+L60+M60+N60+S60*(1+AB60)+T60+U60+V60+W60+AG60+AH60+AI60+AJ60+AK60+AL60*(1+AQ60)+AR60 -> 1786.32 | AW60: =H60+I60+J60+K60+L60+M60+N60 -> 728.6 | AX60: =S60*(1+AB60)+T60+U60+V60+W60 -> 607.6 | AY60: =AG60+AH60+AI60+AJ60+AK60 -> 425.32 | AZ60: =AL60*(1+AQ60) -> 0 | BA60: =AR60 -> 24.8 | BB60: =AT60/D60 -> 14.405806
A61: 59 | B61: =B60 -> 2 | C61: =C60+B61 -> 126 | D61: =B61+D60 -> 126 | E61: =$D61*攻击分赃比!B61*开放指数!B61 -> 151.2 | F61: =$D61*攻击分赃比!C61*开放指数!C61 -> 189 | G61: =$D61*攻击分赃比!D61*开放指数!D61 -> 252 | H61: =$D61*攻击分赃比!E61*开放指数!E61 -> 315 | I61: =I60 -> 59 | J61: =$D61*攻击分赃比!G61*开放指数!G61 -> 37.8 | K61: =$D61*攻击分赃比!H61*开放指数!H61 -> 75.6 | L61: =$D61*攻击分赃比!I61*开放指数!I61 -> 0 | M61: =$D61*攻击分赃比!J61*开放指数!J61 -> 100.8 | N61: =$D61*攻击分赃比!K61*开放指数!K61 -> 151.2 | O61: =$D61*攻击分赃比!M61*开放指数!L61 -> 189 | P61: =$D61*攻击分赃比!N61*开放指数!M61 -> 252 | Q61: =$D61*攻击分赃比!O61*开放指数!N61 -> 315 | R61: =$D61*攻击分赃比!P61*开放指数!O61 -> 378 | S61: =$D61*攻击分赃比!Q61*开放指数!P61 -> 441 | T61: =$D61*攻击分赃比!R61*开放指数!Q61 -> 94.5 | U61: =$D61*攻击分赃比!S61*开放指数!R61 -> 37.8 | V61: =$D61*攻击分赃比!T61*开放指数!S61 -> 37.8 | W61: =$D61*攻击分赃比!U61*开放指数!T61 -> 6.3 | X61: =攻击分赃比!V61*开放指数!U61 -> 0 | Y61: =攻击分赃比!W61*开放指数!V61 -> 0 | Z61: =攻击分赃比!X61*开放指数!W61 -> 0 | AA61: =攻击分赃比!Y61*开放指数!X61 -> 0 | AB61: =攻击分赃比!Z61*开放指数!Y61 -> 0 | AC61: =$D61*攻击分赃比!AB61*开放指数!Z61 -> 126 | AD61: =$D61*攻击分赃比!AC61*开放指数!AA61 -> 151.2 | AE61: =$D61*攻击分赃比!AD61*开放指数!AB61 -> 189 | AF61: =$D61*攻击分赃比!AE61*开放指数!AC61 -> 252 | AG61: =$D61*攻击分赃比!AF61*开放指数!AD61 -> 315 | AH61: =$D61*攻击分赃比!AG61*开放指数!AE61 -> 63 | AI61: =$D61*攻击分赃比!AH61*开放指数!AF61 -> 25.2 | AJ61: =$D61*攻击分赃比!AI61*开放指数!AG61 -> 25.2 | AK61: =$D61*攻击分赃比!AJ61*开放指数!AH61 -> 3.78 | AL61: =$D61*攻击分赃比!AL61*开放指数!AI61 -> 0 | AM61: =攻击分赃比!AM61*开放指数!AJ61 -> 0 | AN61: =攻击分赃比!AN61*开放指数!AK61 -> 0 | AO61: =攻击分赃比!AO61*开放指数!AL61 -> 0 | AP61: =攻击分赃比!AP61*开放指数!AM61 -> 0 | AQ61: =攻击分赃比!AQ61*开放指数!AN61 -> 0 | AR61: =$D61*攻击分赃比!AS61*开放指数!AO61 -> 25.2 | AS61: =D61+O61+AR61+AL61+AC61 -> 466.2 | AT61: =H61+I61+J61+K61+L61+M61+N61+S61*(1+AB61)+T61+U61+V61+W61+AG61+AH61+AI61+AJ61+AK61+AL61*(1+AQ61)+AR61 -> 1814.18 | AW61: =H61+I61+J61+K61+L61+M61+N61 -> 739.4 | AX61: =S61*(1+AB61)+T61+U61+V61+W61 -> 617.4 | AY61: =AG61+AH61+AI61+AJ61+AK61 -> 432.18 | AZ61: =AL61*(1+AQ61) -> 0 | BA61: =AR61 -> 25.2 | BB61: =AT61/D61 -> 14.398254
A62: 60 | B62: =B61 -> 2 | C62: =C61+B62 -> 128 | D62: =B62+D61 -> 128 | E62: =$D62*攻击分赃比!B62*开放指数!B62 -> 153.6 | F62: =$D62*攻击分赃比!C62*开放指数!C62 -> 192 | G62: =$D62*攻击分赃比!D62*开放指数!D62 -> 256 | H62: =$D62*攻击分赃比!E62*开放指数!E62 -> 320 | I62: =$D62*攻击分赃比!F62*开放指数!F62 -> 64 | J62: =$D62*攻击分赃比!G62*开放指数!G62 -> 38.4 | K62: =$D62*攻击分赃比!H62*开放指数!H62 -> 76.8 | L62: =$D62*攻击分赃比!I62*开放指数!I62 -> 0 | ... N62: =$D62*攻击分赃比!K62*开放指数!K62 -> 153.6 | O62: =$D62*攻击分赃比!M62*开放指数!L62 -> 192 | P62: =$D62*攻击分赃比!N62*开放指数!M62 -> 256 | Q62: =$D62*攻击分赃比!O62*开放指数!N62 -> 320 | R62: =$D62*攻击分赃比!P62*开放指数!O62 -> 384 | S62: =$D62*攻击分赃比!Q62*开放指数!P62 -> 448 | T62: =$D62*攻击分赃比!R62*开放指数!Q62 -> 96 | U62: =$D62*攻击分赃比!S62*开放指数!R62 -> 38.4 | V62: =$D62*攻击分赃比!T62*开放指数!S62 -> 38.4 | W62: =$D62*攻击分赃比!U62*开放指数!T62 -> 6.4 | X62: =攻击分赃比!V62*开放指数!U62 -> 0 | Y62: =攻击分赃比!W62*开放指数!V62 -> 0 | Z62: =攻击分赃比!X62*开放指数!W62 -> 0 | AA62: =攻击分赃比!Y62*开放指数!X62 -> 0 | AB62: =攻击分赃比!Z62*开放指数!Y62 -> 0 | AC62: =$D62*攻击分赃比!AB62*开放指数!Z62 -> 128 | AD62: =$D62*攻击分赃比!AC62*开放指数!AA62 -> 153.6 | AE62: =$D62*攻击分赃比!AD62*开放指数!AB62 -> 192 | AF62: =$D62*攻击分赃比!AE62*开放指数!AC62 -> 256 | AG62: =$D62*攻击分赃比!AF62*开放指数!AD62 -> 320 | AH62: =$D62*攻击分赃比!AG62*开放指数!AE62 -> 64 | AI62: =$D62*攻击分赃比!AH62*开放指数!AF62 -> 25.6 | AJ62: =$D62*攻击分赃比!AI62*开放指数!AG62 -> 25.6 | AK62: =$D62*攻击分赃比!AJ62*开放指数!AH62 -> 3.84 | AL62: =$D62*攻击分赃比!AL62*开放指数!AI62 -> 0 | AM62: =攻击分赃比!AM62*开放指数!AJ62 -> 0 | AN62: =攻击分赃比!AN62*开放指数!AK62 -> 0 | AO62: =攻击分赃比!AO62*开放指数!AL62 -> 0 | AP62: =攻击分赃比!AP62*开放指数!AM62 -> 0 | AQ62: =攻击分赃比!AQ62*开放指数!AN62 -> 0 | AR62: =$D62*攻击分赃比!AS62*开放指数!AO62 -> 25.6 | AS62: =D62+O62+AR62+AL62+AC62 -> 473.6 | AT62: =H62+I62+J62+K62+L62+M62+N62+S62*(1+AB62)+T62+U62+V62+W62+AG62+AH62+AI62+AJ62+AK62+AL62*(1+AQ62)+AR62 -> 1847.04 | AW62: =H62+I62+J62+K62+L62+M62+N62 -> 755.2 | AX62: =S62*(1+AB62)+T62+U62+V62+W62 -> 627.2 | AY62: =AG62+AH62+AI62+AJ62+AK62 -> 439.04 | AZ62: =AL62*(1+AQ62) -> 0 | BA62: =AR62 -> 25.6 | BB62: =AT62/D62 -> 14.43
A63: 61 | B63: =B62 -> 2 | C63: =C62+B63 -> 130 | D63: =B63+D62 -> 130 | E63: =$D63*攻击分赃比!B63*开放指数!B63 -> 156 | F63: =$D63*攻击分赃比!C63*开放指数!C63 -> 195 | G63: =$D63*攻击分赃比!D63*开放指数!D63 -> 260 | H63: =$D63*攻击分赃比!E63*开放指数!E63 -> 325 | I63: =I62 -> 64 | J63: =$D63*攻击分赃比!G63*开放指数!G63 -> 39 | K63: =$D63*攻击分赃比!H63*开放指数!H63 -> 78 | L63: =$D63*攻击分赃比!I63*开放指数!I63 -> 0 | M63: =$D63*攻击分赃比!J63*开放指数!J63 -> 104 | N63: =$D63*攻击分赃比!K63*开放指数!K63 -> 156 | O63: =$D63*攻击分赃比!M63*开放指数!L63 -> 195 | P63: =$D63*攻击分赃比!N63*开放指数!M63 -> 260 | Q63: =$D63*攻击分赃比!O63*开放指数!N63 -> 325 | R63: =$D63*攻击分赃比!P63*开放指数!O63 -> 390 | S63: =$D63*攻击分赃比!Q63*开放指数!P63 -> 455 | T63: =$D63*攻击分赃比!R63*开放指数!Q63 -> 97.5 | U63: =$D63*攻击分赃比!S63*开放指数!R63 -> 39 | V63: =$D63*攻击分赃比!T63*开放指数!S63 -> 39 | W63: =$D63*攻击分赃比!U63*开放指数!T63 -> 6.5 | X63: =攻击分赃比!V63*开放指数!U63 -> 0 | Y63: =攻击分赃比!W63*开放指数!V63 -> 0 | Z63: =攻击分赃比!X63*开放指数!W63 -> 0 | AA63: =攻击分赃比!Y63*开放指数!X63 -> 0 | AB63: =攻击分赃比!Z63*开放指数!Y63 -> 0 | AC63: =$D63*攻击分赃比!AB63*开放指数!Z63 -> 130 | AD63: =$D63*攻击分赃比!AC63*开放指数!AA63 -> 156 | AE63: =$D63*攻击分赃比!AD63*开放指数!AB63 -> 195 | AF63: =$D63*攻击分赃比!AE63*开放指数!AC63 -> 260 | AG63: =$D63*攻击分赃比!AF63*开放指数!AD63 -> 325 | AH63: =$D63*攻击分赃比!AG63*开放指数!AE63 -> 65 | AI63: =$D63*攻击分赃比!AH63*开放指数!AF63 -> 26 | AJ63: =$D63*攻击分赃比!AI63*开放指数!AG63 -> 26 | AK63: =$D63*攻击分赃比!AJ63*开放指数!AH63 -> 3.9 | AL63: =$D63*攻击分赃比!AL63*开放指数!AI63 -> 0 | AM63: =攻击分赃比!AM63*开放指数!AJ63 -> 0 | AN63: =攻击分赃比!AN63*开放指数!AK63 -> 0 | AO63: =攻击分赃比!AO63*开放指数!AL63 -> 0 | AP63: =攻击分赃比!AP63*开放指数!AM63 -> 0 | AQ63: =攻击分赃比!AQ63*开放指数!AN63 -> 0 | AR63: =$D63*攻击分赃比!AS63*开放指数!AO63 -> 26 | AS63: =D63+O63+AR63+AL63+AC63 -> 481 | AT63: =H63+I63+J63+K63+L63+M63+N63+S63*(1+AB63)+T63+U63+V63+W63+AG63+AH63+AI63+AJ63+AK63+AL63*(1+AQ63)+AR63 -> 1874.9 | AW63: =H63+I63+J63+K63+L63+M63+N63 -> 766 | AX63: =S63*(1+AB63)+T63+U63+V63+W63 -> 637 | AY63: =AG63+AH63+AI63+AJ63+AK63 -> 445.9 | AZ63: =AL63*(1+AQ63) -> 0 | BA63: =AR63 -> 26 | BB63: =AT63/D63 -> 14.422308
A64: 62 | B64: =B63 -> 2 | C64: =C63+B64 -> 132 | D64: =B64+D63 -> 132 | E64: =$D64*攻击分赃比!B64*开放指数!B64 -> 158.4 | F64: =$D64*攻击分赃比!C64*开放指数!C64 -> 198 | G64: =$D64*攻击分赃比!D64*开放指数!D64 -> 264 | H64: =$D64*攻击分赃比!E64*开放指数!E64 -> 330 | I64: =I63 -> 64 | J64: =$D64*攻击分赃比!G64*开放指数!G64 -> 39.6 | K64: =$D64*攻击分赃比!H64*开放指数!H64 -> 79.2 | L64: =$D64*攻击分赃比!I64*开放指数!I64 -> 0 | M64: =$D64*攻击分赃比!J64*开放指数!J64 -> 105.6 | N64: =$D64*攻击分赃比!K64*开放指数!K64 -> 158.4 | O64: =$D64*攻击分赃比!M64*开放指数!L64 -> 198 | P64: =$D64*攻击分赃比!N64*开放指数!M64 -> 264 | Q64: =$D64*攻击分赃比!O64*开放指数!N64 -> 330 | R64: =$D64*攻击分赃比!P64*开放指数!O64 -> 396 | S64: =$D64*攻击分赃比!Q64*开放指数!P64 -> 462 | T64: =$D64*攻击分赃比!R64*开放指数!Q64 -> 99 | U64: =$D64*攻击分赃比!S64*开放指数!R64 -> 39.6 | V64: =$D64*攻击分赃比!T64*开放指数!S64 -> 39.6 | W64: =$D64*攻击分赃比!U64*开放指数!T64 -> 6.6 | X64: =攻击分赃比!V64*开放指数!U64 -> 0 | Y64: =攻击分赃比!W64*开放指数!V64 -> 0 | Z64: =攻击分赃比!X64*开放指数!W64 -> 0 | AA64: =攻击分赃比!Y64*开放指数!X64 -> 0 | AB64: =攻击分赃比!Z64*开放指数!Y64 -> 0 | AC64: =$D64*攻击分赃比!AB64*开放指数!Z64 -> 132 | AD64: =$D64*攻击分赃比!AC64*开放指数!AA64 -> 158.4 | AE64: =$D64*攻击分赃比!AD64*开放指数!AB64 -> 198 | AF64: =$D64*攻击分赃比!AE64*开放指数!AC64 -> 264 | AG64: =$D64*攻击分赃比!AF64*开放指数!AD64 -> 330 | AH64: =$D64*攻击分赃比!AG64*开放指数!AE64 -> 66 | AI64: =$D64*攻击分赃比!AH64*开放指数!AF64 -> 26.4 | AJ64: =$D64*攻击分赃比!AI64*开放指数!AG64 -> 26.4 | AK64: =$D64*攻击分赃比!AJ64*开放指数!AH64 -> 3.96 | AL64: =$D64*攻击分赃比!AL64*开放指数!AI64 -> 0 | AM64: =攻击分赃比!AM64*开放指数!AJ64 -> 0 | AN64: =攻击分赃比!AN64*开放指数!AK64 -> 0 | AO64: =攻击分赃比!AO64*开放指数!AL64 -> 0 | AP64: =攻击分赃比!AP64*开放指数!AM64 -> 0 | AQ64: =攻击分赃比!AQ64*开放指数!AN64 -> 0 | AR64: =$D64*攻击分赃比!AS64*开放指数!AO64 -> 26.4 | AS64: =D64+O64+AR64+AL64+AC64 -> 488.4 | AT64: =H64+I64+J64+K64+L64+M64+N64+S64*(1+AB64)+T64+U64+V64+W64+AG64+AH64+AI64+AJ64+AK64+AL64*(1+AQ64)+AR64 -> 1902.76 | AW64: =H64+I64+J64+K64+L64+M64+N64 -> 776.8 | AX64: =S64*(1+AB64)+T64+U64+V64+W64 -> 646.8 | AY64: =AG64+AH64+AI64+AJ64+AK64 -> 452.76 | AZ64: =AL64*(1+AQ64) -> 0 | BA64: =AR64 -> 26.4 | BB64: =AT64/D64 -> 14.414848
A65: 63 | B65: =B64 -> 2 | C65: =C64+B65 -> 134 | D65: =B65+D64 -> 134 | E65: =$D65*攻击分赃比!B65*开放指数!B65 -> 160.8 | F65: =$D65*攻击分赃比!C65*开放指数!C65 -> 201 | G65: =$D65*攻击分赃比!D65*开放指数!D65 -> 268 | H65: =$D65*攻击分赃比!E65*开放指数!E65 -> 335 | I65: =I64 -> 64 | J65: =$D65*攻击分赃比!G65*开放指数!G65 -> 40.2 | K65: =$D65*攻击分赃比!H65*开放指数!H65 -> 80.4 | L65: =$D65*攻击分赃比!I65*开放指数!I65 -> 0 | M65: =$D65*攻击分赃比!J65*开放指数!J65 -> 107.2 | N65: =$D65*攻击分赃比!K65*开放指数!K65 -> 160.8 | O65: =$D65*攻击分赃比!M65*开放指数!L65 -> 201 | P65: =$D65*攻击分赃比!N65*开放指数!M65 -> 268 | Q65: =$D65*攻击分赃比!O65*开放指数!N65 -> 335 | R65: =$D65*攻击分赃比!P65*开放指数!O65 -> 402 | S65: =$D65*攻击分赃比!Q65*开放指数!P65 -> 469 | T65: =$D65*攻击分赃比!R65*开放指数!Q65 -> 100.5 | U65: =$D65*攻击分赃比!S65*开放指数!R65 -> 40.2 | V65: =$D65*攻击分赃比!T65*开放指数!S65 -> 40.2 | W65: =$D65*攻击分赃比!U65*开放指数!T65 -> 6.7 | X65: =攻击分赃比!V65*开放指数!U65 -> 0 | Y65: =攻击分赃比!W65*开放指数!V65 -> 0 | Z65: =攻击分赃比!X65*开放指数!W65 -> 0 | AA65: =攻击分赃比!Y65*开放指数!X65 -> 0 | AB65: =攻击分赃比!Z65*开放指数!Y65 -> 0 | AC65: =$D65*攻击分赃比!AB65*开放指数!Z65 -> 134 | AD65: =$D65*攻击分赃比!AC65*开放指数!AA65 -> 160.8 | AE65: =$D65*攻击分赃比!AD65*开放指数!AB65 -> 201 | AF65: =$D65*攻击分赃比!AE65*开放指数!AC65 -> 268 | AG65: =$D65*攻击分赃比!AF65*开放指数!AD65 -> 335 | AH65: =$D65*攻击分赃比!AG65*开放指数!AE65 -> 67 | AI65: =$D65*攻击分赃比!AH65*开放指数!AF65 -> 26.8 | AJ65: =$D65*攻击分赃比!AI65*开放指数!AG65 -> 26.8 | AK65: =$D65*攻击分赃比!AJ65*开放指数!AH65 -> 4.02 | AL65: =$D65*攻击分赃比!AL65*开放指数!AI65 -> 0 | AM65: =攻击分赃比!AM65*开放指数!AJ65 -> 0 | AN65: =攻击分赃比!AN65*开放指数!AK65 -> 0 | AO65: =攻击分赃比!AO65*开放指数!AL65 -> 0 | AP65: =攻击分赃比!AP65*开放指数!AM65 -> 0 | AQ65: =攻击分赃比!AQ65*开放指数!AN65 -> 0 | AR65: =$D65*攻击分赃比!AS65*开放指数!AO65 -> 26.8 | AS65: =D65+O65+AR65+AL65+AC65 -> 495.8 | AT65: =H65+I65+J65+K65+L65+M65+N65+S65*(1+AB65)+T65+U65+V65+W65+AG65+AH65+AI65+AJ65+AK65+AL65*(1+AQ65)+AR65 -> 1930.62 | AW65: =H65+I65+J65+K65+L65+M65+N65 -> 787.6 | AX65: =S65*(1+AB65)+T65+U65+V65+W65 -> 656.6 | AY65: =AG65+AH65+AI65+AJ65+AK65 -> 459.62 | AZ65: =AL65*(1+AQ65) -> 0 | BA65: =AR65 -> 26.8 | BB65: =AT65/D65 -> 14.407612
A66: 64 | B66: =B65 -> 2 | C66: =C65+B66 -> 136 | D66: =B66+D65 -> 136 | E66: =$D66*攻击分赃比!B66*开放指数!B66 -> 163.2 | F66: =$D66*攻击分赃比!C66*开放指数!C66 -> 204 | G66: =$D66*攻击分赃比!D66*开放指数!D66 -> 272 | H66: =$D66*攻击分赃比!E66*开放指数!E66 -> 340 | I66: =I65 -> 64 | J66: =$D66*攻击分赃比!G66*开放指数!G66 -> 40.8 | K66: =$D66*攻击分赃比!H66*开放指数!H66 -> 81.6 | L66: =$D66*攻击分赃比!I66*开放指数!I66 -> 0 | M66: =$D66*攻击分赃比!J66*开放指数!J66 -> 108.8 | N66: =$D66*攻击分赃比!K66*开放指数!K66 -> 163.2 | O66: =$D66*攻击分赃比!M66*开放指数!L66 -> 204 | P66: =$D66*攻击分赃比!N66*开放指数!M66 -> 272 | Q66: =$D66*攻击分赃比!O66*开放指数!N66 -> 340 | R66: =$D66*攻击分赃比!P66*开放指数!O66 -> 408 | S66: =$D66*攻击分赃比!Q66*开放指数!P66 -> 476 | T66: =$D66*攻击分赃比!R66*开放指数!Q66 -> 102 | U66: =$D66*攻击分赃比!S66*开放指数!R66 -> 40.8 | V66: =$D66*攻击分赃比!T66*开放指数!S66 -> 40.8 | W66: =$D66*攻击分赃比!U66*开放指数!T66 -> 6.8 | X66: =攻击分赃比!V66*开放指数!U66 -> 0 | Y66: =攻击分赃比!W66*开放指数!V66 -> 0 | Z66: =攻击分赃比!X66*开放指数!W66 -> 0 | AA66: =攻击分赃比!Y66*开放指数!X66 -> 0 | AB66: =攻击分赃比!Z66*开放指数!Y66 -> 0 | AC66: =$D66*攻击分赃比!AB66*开放指数!Z66 -> 136 | AD66: =$D66*攻击分赃比!AC66*开放指数!AA66 -> 163.2 | AE66: =$D66*攻击分赃比!AD66*开放指数!AB66 -> 204 | AF66: =$D66*攻击分赃比!AE66*开放指数!AC66 -> 272 | AG66: =$D66*攻击分赃比!AF66*开放指数!AD66 -> 340 | AH66: =$D66*攻击分赃比!AG66*开放指数!AE66 -> 68 | AI66: =$D66*攻击分赃比!AH66*开放指数!AF66 -> 27.2 | AJ66: =$D66*攻击分赃比!AI66*开放指数!AG66 -> 27.2 | AK66: =$D66*攻击分赃比!AJ66*开放指数!AH66 -> 4.08 | AL66: =$D66*攻击分赃比!AL66*开放指数!AI66 -> 0 | AM66: =攻击分赃比!AM66*开放指数!AJ66 -> 0 | AN66: =攻击分赃比!AN66*开放指数!AK66 -> 0 | AO66: =攻击分赃比!AO66*开放指数!AL66 -> 0 | AP66: =攻击分赃比!AP66*开放指数!AM66 -> 0 | AQ66: =攻击分赃比!AQ66*开放指数!AN66 -> 0 | AR66: =$D66*攻击分赃比!AS66*开放指数!AO66 -> 27.2 | AS66: =D66+O66+AR66+AL66+AC66 -> 503.2 | AT66: =H66+I66+J66+K66+L66+M66+N66+S66*(1+AB66)+T66+U66+V66+W66+AG66+AH66+AI66+AJ66+AK66+AL66*(1+AQ66)+AR66 -> 1958.48 | AW66: =H66+I66+J66+K66+L66+M66+N66 -> 798.4 | AX66: =S66*(1+AB66)+T66+U66+V66+W66 -> 666.4 | AY66: =AG66+AH66+AI66+AJ66+AK66 -> 466.48 | AZ66: =AL66*(1+AQ66) -> 0 | BA66: =AR66 -> 27.2 | BB66: =AT66/D66 -> 14.400588
A67: 65 | B67: =B66 -> 2 | C67: =C66+B67 -> 138 | D67: =B67+D66 -> 138 | E67: =$D67*攻击分赃比!B67*开放指数!B67 -> 165.6 | F67: =$D67*攻击分赃比!C67*开放指数!C67 -> 207 | G67: =$D67*攻击分赃比!D67*开放指数!D67 -> 276 | H67: =$D67*攻击分赃比!E67*开放指数!E67 -> 345 | I67: =$D67*攻击分赃比!F67*开放指数!F67 -> 69 | J67: =$D67*攻击分赃比!G67*开放指数!G67 -> 41.4 | K67: =$D67*攻击分赃比!H67*开放指数!H67 -> 82.8 | L67: =$D67*攻击分赃比!I67*开放指数!I67 -> 0 | ... N67: =$D67*攻击分赃比!K67*开放指数!K67 -> 165.6 | O67: =$D67*攻击分赃比!M67*开放指数!L67 -> 207 | P67: =$D67*攻击分赃比!N67*开放指数!M67 -> 276 | Q67: =$D67*攻击分赃比!O67*开放指数!N67 -> 345 | R67: =$D67*攻击分赃比!P67*开放指数!O67 -> 414 | S67: =$D67*攻击分赃比!Q67*开放指数!P67 -> 483 | T67: =$D67*攻击分赃比!R67*开放指数!Q67 -> 103.5 | U67: =$D67*攻击分赃比!S67*开放指数!R67 -> 41.4 | V67: =$D67*攻击分赃比!T67*开放指数!S67 -> 41.4 | W67: =$D67*攻击分赃比!U67*开放指数!T67 -> 6.9 | X67: =攻击分赃比!V67*开放指数!U67 -> 0 | Y67: =攻击分赃比!W67*开放指数!V67 -> 0 | Z67: =攻击分赃比!X67*开放指数!W67 -> 0 | AA67: =攻击分赃比!Y67*开放指数!X67 -> 0 | AB67: =攻击分赃比!Z67*开放指数!Y67 -> 0 | AC67: =$D67*攻击分赃比!AB67*开放指数!Z67 -> 138 | AD67: =$D67*攻击分赃比!AC67*开放指数!AA67 -> 165.6 | AE67: =$D67*攻击分赃比!AD67*开放指数!AB67 -> 207 | AF67: =$D67*攻击分赃比!AE67*开放指数!AC67 -> 276 | AG67: =$D67*攻击分赃比!AF67*开放指数!AD67 -> 345 | AH67: =$D67*攻击分赃比!AG67*开放指数!AE67 -> 69 | AI67: =$D67*攻击分赃比!AH67*开放指数!AF67 -> 27.6 | AJ67: =$D67*攻击分赃比!AI67*开放指数!AG67 -> 27.6 | AK67: =$D67*攻击分赃比!AJ67*开放指数!AH67 -> 4.14 | AL67: =$D67*攻击分赃比!AL67*开放指数!AI67 -> 0 | AM67: =攻击分赃比!AM67*开放指数!AJ67 -> 0 | AN67: =攻击分赃比!AN67*开放指数!AK67 -> 0 | AO67: =攻击分赃比!AO67*开放指数!AL67 -> 0 | AP67: =攻击分赃比!AP67*开放指数!AM67 -> 0 | AQ67: =攻击分赃比!AQ67*开放指数!AN67 -> 0 | AR67: =$D67*攻击分赃比!AS67*开放指数!AO67 -> 27.6 | AS67: =D67+O67+AR67+AL67+AC67 -> 510.6 | AT67: =H67+I67+J67+K67+L67+M67+N67+S67*(1+AB67)+T67+U67+V67+W67+AG67+AH67+AI67+AJ67+AK67+AL67*(1+AQ67)+AR67 -> 1991.34 | AW67: =H67+I67+J67+K67+L67+M67+N67 -> 814.2 | AX67: =S67*(1+AB67)+T67+U67+V67+W67 -> 676.2 | AY67: =AG67+AH67+AI67+AJ67+AK67 -> 473.34 | AZ67: =AL67*(1+AQ67) -> 0 | BA67: =AR67 -> 27.6 | BB67: =AT67/D67 -> 14.43
A68: 66 | B68: =B67 -> 2 | C68: =C67+B68 -> 140 | D68: =B68+D67 -> 140 | E68: =$D68*攻击分赃比!B68*开放指数!B68 -> 168 | F68: =$D68*攻击分赃比!C68*开放指数!C68 -> 210 | G68: =$D68*攻击分赃比!D68*开放指数!D68 -> 280 | H68: =$D68*攻击分赃比!E68*开放指数!E68 -> 350 | I68: =I67 -> 69 | J68: =$D68*攻击分赃比!G68*开放指数!G68 -> 42 | K68: =$D68*攻击分赃比!H68*开放指数!H68 -> 84 | L68: =$D68*攻击分赃比!I68*开放指数!I68 -> 0 | M68: =$D68*攻击分赃比!J68*开放指数!J68 -> 112 | N68: =$D68*攻击分赃比!K68*开放指数!K68 -> 168 | O68: =$D68*攻击分赃比!M68*开放指数!L68 -> 210 | P68: =$D68*攻击分赃比!N68*开放指数!M68 -> 280 | Q68: =$D68*攻击分赃比!O68*开放指数!N68 -> 350 | R68: =$D68*攻击分赃比!P68*开放指数!O68 -> 420 | S68: =$D68*攻击分赃比!Q68*开放指数!P68 -> 490 | T68: =$D68*攻击分赃比!R68*开放指数!Q68 -> 105 | U68: =$D68*攻击分赃比!S68*开放指数!R68 -> 42 | V68: =$D68*攻击分赃比!T68*开放指数!S68 -> 42 | W68: =$D68*攻击分赃比!U68*开放指数!T68 -> 7 | X68: =攻击分赃比!V68*开放指数!U68 -> 0 | Y68: =攻击分赃比!W68*开放指数!V68 -> 0 | Z68: =攻击分赃比!X68*开放指数!W68 -> 0 | AA68: =攻击分赃比!Y68*开放指数!X68 -> 0 | AB68: =攻击分赃比!Z68*开放指数!Y68 -> 0 | AC68: =$D68*攻击分赃比!AB68*开放指数!Z68 -> 140 | AD68: =$D68*攻击分赃比!AC68*开放指数!AA68 -> 168 | AE68: =$D68*攻击分赃比!AD68*开放指数!AB68 -> 210 | AF68: =$D68*攻击分赃比!AE68*开放指数!AC68 -> 280 | AG68: =$D68*攻击分赃比!AF68*开放指数!AD68 -> 350 | AH68: =$D68*攻击分赃比!AG68*开放指数!AE68 -> 70 | AI68: =$D68*攻击分赃比!AH68*开放指数!AF68 -> 28 | AJ68: =$D68*攻击分赃比!AI68*开放指数!AG68 -> 28 | AK68: =$D68*攻击分赃比!AJ68*开放指数!AH68 -> 4.2 | AL68: =$D68*攻击分赃比!AL68*开放指数!AI68 -> 0 | AM68: =攻击分赃比!AM68*开放指数!AJ68 -> 0 | AN68: =攻击分赃比!AN68*开放指数!AK68 -> 0 | AO68: =攻击分赃比!AO68*开放指数!AL68 -> 0 | AP68: =攻击分赃比!AP68*开放指数!AM68 -> 0 | AQ68: =攻击分赃比!AQ68*开放指数!AN68 -> 0 | AR68: =$D68*攻击分赃比!AS68*开放指数!AO68 -> 28 | AS68: =D68+O68+AR68+AL68+AC68 -> 518 | AT68: =H68+I68+J68+K68+L68+M68+N68+S68*(1+AB68)+T68+U68+V68+W68+AG68+AH68+AI68+AJ68+AK68+AL68*(1+AQ68)+AR68 -> 2019.2 | AW68: =H68+I68+J68+K68+L68+M68+N68 -> 825 | AX68: =S68*(1+AB68)+T68+U68+V68+W68 -> 686 | AY68: =AG68+AH68+AI68+AJ68+AK68 -> 480.2 | AZ68: =AL68*(1+AQ68) -> 0 | BA68: =AR68 -> 28 | BB68: =AT68/D68 -> 14.422857
A69: 67 | B69: =B68 -> 2 | C69: =C68+B69 -> 142 | D69: =B69+D68 -> 142 | E69: =$D69*攻击分赃比!B69*开放指数!B69 -> 170.4 | F69: =$D69*攻击分赃比!C69*开放指数!C69 -> 213 | G69: =$D69*攻击分赃比!D69*开放指数!D69 -> 284 | H69: =$D69*攻击分赃比!E69*开放指数!E69 -> 355 | I69: =I68 -> 69 | J69: =$D69*攻击分赃比!G69*开放指数!G69 -> 42.6 | K69: =$D69*攻击分赃比!H69*开放指数!H69 -> 85.2 | L69: =$D69*攻击分赃比!I69*开放指数!I69 -> 0 | M69: =$D69*攻击分赃比!J69*开放指数!J69 -> 113.6 | N69: =$D69*攻击分赃比!K69*开放指数!K69 -> 170.4 | O69: =$D69*攻击分赃比!M69*开放指数!L69 -> 213 | P69: =$D69*攻击分赃比!N69*开放指数!M69 -> 284 | Q69: =$D69*攻击分赃比!O69*开放指数!N69 -> 355 | R69: =$D69*攻击分赃比!P69*开放指数!O69 -> 426 | S69: =$D69*攻击分赃比!Q69*开放指数!P69 -> 497 | T69: =$D69*攻击分赃比!R69*开放指数!Q69 -> 106.5 | U69: =$D69*攻击分赃比!S69*开放指数!R69 -> 42.6 | V69: =$D69*攻击分赃比!T69*开放指数!S69 -> 42.6 | W69: =$D69*攻击分赃比!U69*开放指数!T69 -> 7.1 | X69: =攻击分赃比!V69*开放指数!U69 -> 0 | Y69: =攻击分赃比!W69*开放指数!V69 -> 0 | Z69: =攻击分赃比!X69*开放指数!W69 -> 0 | AA69: =攻击分赃比!Y69*开放指数!X69 -> 0 | AB69: =攻击分赃比!Z69*开放指数!Y69 -> 0 | AC69: =$D69*攻击分赃比!AB69*开放指数!Z69 -> 142 | AD69: =$D69*攻击分赃比!AC69*开放指数!AA69 -> 170.4 | AE69: =$D69*攻击分赃比!AD69*开放指数!AB69 -> 213 | AF69: =$D69*攻击分赃比!AE69*开放指数!AC69 -> 284 | AG69: =$D69*攻击分赃比!AF69*开放指数!AD69 -> 355 | AH69: =$D69*攻击分赃比!AG69*开放指数!AE69 -> 71 | AI69: =$D69*攻击分赃比!AH69*开放指数!AF69 -> 28.4 | AJ69: =$D69*攻击分赃比!AI69*开放指数!AG69 -> 28.4 | AK69: =$D69*攻击分赃比!AJ69*开放指数!AH69 -> 4.26 | AL69: =$D69*攻击分赃比!AL69*开放指数!AI69 -> 0 | AM69: =攻击分赃比!AM69*开放指数!AJ69 -> 0 | AN69: =攻击分赃比!AN69*开放指数!AK69 -> 0 | AO69: =攻击分赃比!AO69*开放指数!AL69 -> 0 | AP69: =攻击分赃比!AP69*开放指数!AM69 -> 0 | AQ69: =攻击分赃比!AQ69*开放指数!AN69 -> 0 | AR69: =$D69*攻击分赃比!AS69*开放指数!AO69 -> 28.4 | AS69: =D69+O69+AR69+AL69+AC69 -> 525.4 | AT69: =H69+I69+J69+K69+L69+M69+N69+S69*(1+AB69)+T69+U69+V69+W69+AG69+AH69+AI69+AJ69+AK69+AL69*(1+AQ69)+AR69 -> 2047.06 | AW69: =H69+I69+J69+K69+L69+M69+N69 -> 835.8 | AX69: =S69*(1+AB69)+T69+U69+V69+W69 -> 695.8 | AY69: =AG69+AH69+AI69+AJ69+AK69 -> 487.06 | AZ69: =AL69*(1+AQ69) -> 0 | BA69: =AR69 -> 28.4 | BB69: =AT69/D69 -> 14.415915
A70: 68 | B70: =B69 -> 2 | C70: =C69+B70 -> 144 | D70: =B70+D69 -> 144 | E70: =$D70*攻击分赃比!B70*开放指数!B70 -> 172.8 | F70: =$D70*攻击分赃比!C70*开放指数!C70 -> 216 | G70: =$D70*攻击分赃比!D70*开放指数!D70 -> 288 | H70: =$D70*攻击分赃比!E70*开放指数!E70 -> 360 | I70: =I69 -> 69 | J70: =$D70*攻击分赃比!G70*开放指数!G70 -> 43.2 | K70: =$D70*攻击分赃比!H70*开放指数!H70 -> 86.4 | L70: =$D70*攻击分赃比!I70*开放指数!I70 -> 0 | M70: =$D70*攻击分赃比!J70*开放指数!J70 -> 115.2 | N70: =$D70*攻击分赃比!K70*开放指数!K70 -> 172.8 | O70: =$D70*攻击分赃比!M70*开放指数!L70 -> 216 | P70: =$D70*攻击分赃比!N70*开放指数!M70 -> 288 | Q70: =$D70*攻击分赃比!O70*开放指数!N70 -> 360 | R70: =$D70*攻击分赃比!P70*开放指数!O70 -> 432 | S70: =$D70*攻击分赃比!Q70*开放指数!P70 -> 504 | T70: =$D70*攻击分赃比!R70*开放指数!Q70 -> 108 | U70: =$D70*攻击分赃比!S70*开放指数!R70 -> 43.2 | V70: =$D70*攻击分赃比!T70*开放指数!S70 -> 43.2 | W70: =$D70*攻击分赃比!U70*开放指数!T70 -> 7.2 | X70: =攻击分赃比!V70*开放指数!U70 -> 0 | Y70: =攻击分赃比!W70*开放指数!V70 -> 0 | Z70: =攻击分赃比!X70*开放指数!W70 -> 0 | AA70: =攻击分赃比!Y70*开放指数!X70 -> 0 | AB70: =攻击分赃比!Z70*开放指数!Y70 -> 0 | AC70: =$D70*攻击分赃比!AB70*开放指数!Z70 -> 144 | AD70: =$D70*攻击分赃比!AC70*开放指数!AA70 -> 172.8 | AE70: =$D70*攻击分赃比!AD70*开放指数!AB70 -> 216 | AF70: =$D70*攻击分赃比!AE70*开放指数!AC70 -> 288 | AG70: =$D70*攻击分赃比!AF70*开放指数!AD70 -> 360 | AH70: =$D70*攻击分赃比!AG70*开放指数!AE70 -> 72 | AI70: =$D70*攻击分赃比!AH70*开放指数!AF70 -> 28.8 | AJ70: =$D70*攻击分赃比!AI70*开放指数!AG70 -> 28.8 | AK70: =$D70*攻击分赃比!AJ70*开放指数!AH70 -> 4.32 | AL70: =$D70*攻击分赃比!AL70*开放指数!AI70 -> 0 | AM70: =攻击分赃比!AM70*开放指数!AJ70 -> 0 | AN70: =攻击分赃比!AN70*开放指数!AK70 -> 0 | AO70: =攻击分赃比!AO70*开放指数!AL70 -> 0 | AP70: =攻击分赃比!AP70*开放指数!AM70 -> 0 | AQ70: =攻击分赃比!AQ70*开放指数!AN70 -> 0 | AR70: =$D70*攻击分赃比!AS70*开放指数!AO70 -> 28.8 | AS70: =D70+O70+AR70+AL70+AC70 -> 532.8 | AT70: =H70+I70+J70+K70+L70+M70+N70+S70*(1+AB70)+T70+U70+V70+W70+AG70+AH70+AI70+AJ70+AK70+AL70*(1+AQ70)+AR70 -> 2074.92 | AW70: =H70+I70+J70+K70+L70+M70+N70 -> 846.6 | AX70: =S70*(1+AB70)+T70+U70+V70+W70 -> 705.6 | AY70: =AG70+AH70+AI70+AJ70+AK70 -> 493.92 | AZ70: =AL70*(1+AQ70) -> 0 | BA70: =AR70 -> 28.8 | BB70: =AT70/D70 -> 14.409167
A71: 69 | B71: =B70 -> 2 | C71: =C70+B71 -> 146 | D71: =B71+D70 -> 146 | E71: =$D71*攻击分赃比!B71*开放指数!B71 -> 175.2 | F71: =$D71*攻击分赃比!C71*开放指数!C71 -> 219 | G71: =$D71*攻击分赃比!D71*开放指数!D71 -> 292 | H71: =$D71*攻击分赃比!E71*开放指数!E71 -> 365 | I71: =I70 -> 69 | J71: =$D71*攻击分赃比!G71*开放指数!G71 -> 43.8 | K71: =$D71*攻击分赃比!H71*开放指数!H71 -> 87.6 | L71: =$D71*攻击分赃比!I71*开放指数!I71 -> 0 | M71: =$D71*攻击分赃比!J71*开放指数!J71 -> 116.8 | N71: =$D71*攻击分赃比!K71*开放指数!K71 -> 175.2 | O71: =$D71*攻击分赃比!M71*开放指数!L71 -> 219 | P71: =$D71*攻击分赃比!N71*开放指数!M71 -> 292 | Q71: =$D71*攻击分赃比!O71*开放指数!N71 -> 365 | R71: =$D71*攻击分赃比!P71*开放指数!O71 -> 438 | S71: =$D71*攻击分赃比!Q71*开放指数!P71 -> 511 | T71: =$D71*攻击分赃比!R71*开放指数!Q71 -> 109.5 | U71: =$D71*攻击分赃比!S71*开放指数!R71 -> 43.8 | V71: =$D71*攻击分赃比!T71*开放指数!S71 -> 43.8 | W71: =$D71*攻击分赃比!U71*开放指数!T71 -> 7.3 | X71: =攻击分赃比!V71*开放指数!U71 -> 0 | Y71: =攻击分赃比!W71*开放指数!V71 -> 0 | Z71: =攻击分赃比!X71*开放指数!W71 -> 0 | AA71: =攻击分赃比!Y71*开放指数!X71 -> 0 | AB71: =攻击分赃比!Z71*开放指数!Y71 -> 0 | AC71: =$D71*攻击分赃比!AB71*开放指数!Z71 -> 146 | AD71: =$D71*攻击分赃比!AC71*开放指数!AA71 -> 175.2 | AE71: =$D71*攻击分赃比!AD71*开放指数!AB71 -> 219 | AF71: =$D71*攻击分赃比!AE71*开放指数!AC71 -> 292 | AG71: =$D71*攻击分赃比!AF71*开放指数!AD71 -> 365 | AH71: =$D71*攻击分赃比!AG71*开放指数!AE71 -> 73 | AI71: =$D71*攻击分赃比!AH71*开放指数!AF71 -> 29.2 | AJ71: =$D71*攻击分赃比!AI71*开放指数!AG71 -> 29.2 | AK71: =$D71*攻击分赃比!AJ71*开放指数!AH71 -> 4.38 | AL71: =$D71*攻击分赃比!AL71*开放指数!AI71 -> 0 | AM71: =攻击分赃比!AM71*开放指数!AJ71 -> 0 | AN71: =攻击分赃比!AN71*开放指数!AK71 -> 0 | AO71: =攻击分赃比!AO71*开放指数!AL71 -> 0 | AP71: =攻击分赃比!AP71*开放指数!AM71 -> 0 | AQ71: =攻击分赃比!AQ71*开放指数!AN71 -> 0 | AR71: =$D71*攻击分赃比!AS71*开放指数!AO71 -> 29.2 | AS71: =D71+O71+AR71+AL71+AC71 -> 540.2 | AT71: =H71+I71+J71+K71+L71+M71+N71+S71*(1+AB71)+T71+U71+V71+W71+AG71+AH71+AI71+AJ71+AK71+AL71*(1+AQ71)+AR71 -> 2102.78 | AW71: =H71+I71+J71+K71+L71+M71+N71 -> 857.4 | AX71: =S71*(1+AB71)+T71+U71+V71+W71 -> 715.4 | AY71: =AG71+AH71+AI71+AJ71+AK71 -> 500.78 | AZ71: =AL71*(1+AQ71) -> 0 | BA71: =AR71 -> 29.2 | BB71: =AT71/D71 -> 14.402603
A72: 70 | B72: =B71 -> 2 | C72: =C71+B72 -> 148 | D72: =B72+D71 -> 148 | E72: =$D72*攻击分赃比!B72*开放指数!B72 -> 177.6 | F72: =$D72*攻击分赃比!C72*开放指数!C72 -> 222 | G72: =$D72*攻击分赃比!D72*开放指数!D72 -> 296 | H72: =$D72*攻击分赃比!E72*开放指数!E72 -> 370 | I72: =$D72*攻击分赃比!F72*开放指数!F72 -> 74 | J72: =$D72*攻击分赃比!G72*开放指数!G72 -> 44.4 | K72: =$D72*攻击分赃比!H72*开放指数!H72 -> 88.8 | L72: =$D72*攻击分赃比!I72*开放指数!I72 -> 44.4 | ... N72: =$D72*攻击分赃比!K72*开放指数!K72 -> 177.6 | O72: =$D72*攻击分赃比!M72*开放指数!L72 -> 222 | P72: =$D72*攻击分赃比!N72*开放指数!M72 -> 296 | Q72: =$D72*攻击分赃比!O72*开放指数!N72 -> 370 | R72: =$D72*攻击分赃比!P72*开放指数!O72 -> 444 | S72: =$D72*攻击分赃比!Q72*开放指数!P72 -> 518 | T72: =$D72*攻击分赃比!R72*开放指数!Q72 -> 111 | U72: =$D72*攻击分赃比!S72*开放指数!R72 -> 44.4 | V72: =$D72*攻击分赃比!T72*开放指数!S72 -> 44.4 | W72: =$D72*攻击分赃比!U72*开放指数!T72 -> 7.4 | X72: =攻击分赃比!V72*开放指数!U72 -> 0 | Y72: =攻击分赃比!W72*开放指数!V72 -> 0 | Z72: =攻击分赃比!X72*开放指数!W72 -> 0 | AA72: =攻击分赃比!Y72*开放指数!X72 -> 0 | AB72: =攻击分赃比!Z72*开放指数!Y72 -> 0 | AC72: =$D72*攻击分赃比!AB72*开放指数!Z72 -> 148 | AD72: =$D72*攻击分赃比!AC72*开放指数!AA72 -> 177.6 | AE72: =$D72*攻击分赃比!AD72*开放指数!AB72 -> 222 | AF72: =$D72*攻击分赃比!AE72*开放指数!AC72 -> 296 | AG72: =$D72*攻击分赃比!AF72*开放指数!AD72 -> 370 | AH72: =$D72*攻击分赃比!AG72*开放指数!AE72 -> 74 | AI72: =$D72*攻击分赃比!AH72*开放指数!AF72 -> 29.6 | AJ72: =$D72*攻击分赃比!AI72*开放指数!AG72 -> 29.6 | AK72: =$D72*攻击分赃比!AJ72*开放指数!AH72 -> 4.44 | AL72: =$D72*攻击分赃比!AL72*开放指数!AI72 -> 177.6 | AM72: =攻击分赃比!AM72*开放指数!AJ72 -> 0 | AN72: =攻击分赃比!AN72*开放指数!AK72 -> 0 | AO72: =攻击分赃比!AO72*开放指数!AL72 -> 0 | AP72: =攻击分赃比!AP72*开放指数!AM72 -> 0 | AQ72: =攻击分赃比!AQ72*开放指数!AN72 -> 0 | AR72: =$D72*攻击分赃比!AS72*开放指数!AO72 -> 29.6 | AS72: =D72+O72+AR72+AL72+AC72 -> 725.2 | AT72: =H72+I72+J72+K72+L72+M72+N72+S72*(1+AB72)+T72+U72+V72+W72+AG72+AH72+AI72+AJ72+AK72+AL72*(1+AQ72)+AR72 -> 2357.64 | AW72: =H72+I72+J72+K72+L72+M72+N72 -> 917.6 | AX72: =S72*(1+AB72)+T72+U72+V72+W72 -> 725.2 | AY72: =AG72+AH72+AI72+AJ72+AK72 -> 507.64 | AZ72: =AL72*(1+AQ72) -> 177.6 | BA72: =AR72 -> 29.6 | BB72: =AT72/D72 -> 15.93
A73: 71 | B73: =B72 -> 2 | C73: =C72+B73 -> 150 | D73: =B73+D72 -> 150 | E73: =$D73*攻击分赃比!B73*开放指数!B73 -> 180 | F73: =$D73*攻击分赃比!C73*开放指数!C73 -> 225 | G73: =$D73*攻击分赃比!D73*开放指数!D73 -> 300 | H73: =$D73*攻击分赃比!E73*开放指数!E73 -> 375 | I73: =I72 -> 74 | J73: =$D73*攻击分赃比!G73*开放指数!G73 -> 45 | K73: =$D73*攻击分赃比!H73*开放指数!H73 -> 90 | L73: =$D73*攻击分赃比!I73*开放指数!I73 -> 45 | M73: =$D73*攻击分赃比!J73*开放指数!J73 -> 120 | N73: =$D73*攻击分赃比!K73*开放指数!K73 -> 180 | O73: =$D73*攻击分赃比!M73*开放指数!L73 -> 225 | P73: =$D73*攻击分赃比!N73*开放指数!M73 -> 300 | Q73: =$D73*攻击分赃比!O73*开放指数!N73 -> 375 | R73: =$D73*攻击分赃比!P73*开放指数!O73 -> 450 | S73: =$D73*攻击分赃比!Q73*开放指数!P73 -> 525 | T73: =$D73*攻击分赃比!R73*开放指数!Q73 -> 112.5 | U73: =$D73*攻击分赃比!S73*开放指数!R73 -> 45 | V73: =$D73*攻击分赃比!T73*开放指数!S73 -> 45 | W73: =$D73*攻击分赃比!U73*开放指数!T73 -> 7.5 | X73: =攻击分赃比!V73*开放指数!U73 -> 0 | Y73: =攻击分赃比!W73*开放指数!V73 -> 0 | Z73: =攻击分赃比!X73*开放指数!W73 -> 0 | AA73: =攻击分赃比!Y73*开放指数!X73 -> 0 | AB73: =攻击分赃比!Z73*开放指数!Y73 -> 0 | AC73: =$D73*攻击分赃比!AB73*开放指数!Z73 -> 150 | AD73: =$D73*攻击分赃比!AC73*开放指数!AA73 -> 180 | AE73: =$D73*攻击分赃比!AD73*开放指数!AB73 -> 225 | AF73: =$D73*攻击分赃比!AE73*开放指数!AC73 -> 300 | AG73: =$D73*攻击分赃比!AF73*开放指数!AD73 -> 375 | AH73: =$D73*攻击分赃比!AG73*开放指数!AE73 -> 75 | AI73: =$D73*攻击分赃比!AH73*开放指数!AF73 -> 30 | AJ73: =$D73*攻击分赃比!AI73*开放指数!AG73 -> 30 | AK73: =$D73*攻击分赃比!AJ73*开放指数!AH73 -> 4.5 | AL73: =$D73*攻击分赃比!AL73*开放指数!AI73 -> 180 | AM73: =攻击分赃比!AM73*开放指数!AJ73 -> 0 | AN73: =攻击分赃比!AN73*开放指数!AK73 -> 0 | AO73: =攻击分赃比!AO73*开放指数!AL73 -> 0 | AP73: =攻击分赃比!AP73*开放指数!AM73 -> 0 | AQ73: =攻击分赃比!AQ73*开放指数!AN73 -> 0 | AR73: =$D73*攻击分赃比!AS73*开放指数!AO73 -> 30 | AS73: =D73+O73+AR73+AL73+AC73 -> 735 | AT73: =H73+I73+J73+K73+L73+M73+N73+S73*(1+AB73)+T73+U73+V73+W73+AG73+AH73+AI73+AJ73+AK73+AL73*(1+AQ73)+AR73 -> 2388.5 | AW73: =H73+I73+J73+K73+L73+M73+N73 -> 929 | AX73: =S73*(1+AB73)+T73+U73+V73+W73 -> 735 | AY73: =AG73+AH73+AI73+AJ73+AK73 -> 514.5 | AZ73: =AL73*(1+AQ73) -> 180 | BA73: =AR73 -> 30 | BB73: =AT73/D73 -> 15.923333
A74: 72 | B74: =B73 -> 2 | C74: =C73+B74 -> 152 | D74: =B74+D73 -> 152 | E74: =$D74*攻击分赃比!B74*开放指数!B74 -> 182.4 | F74: =$D74*攻击分赃比!C74*开放指数!C74 -> 228 | G74: =$D74*攻击分赃比!D74*开放指数!D74 -> 304 | H74: =$D74*攻击分赃比!E74*开放指数!E74 -> 380 | I74: =I73 -> 74 | J74: =$D74*攻击分赃比!G74*开放指数!G74 -> 45.6 | K74: =$D74*攻击分赃比!H74*开放指数!H74 -> 91.2 | L74: =$D74*攻击分赃比!I74*开放指数!I74 -> 45.6 | M74: =$D74*攻击分赃比!J74*开放指数!J74 -> 121.6 | N74: =$D74*攻击分赃比!K74*开放指数!K74 -> 182.4 | O74: =$D74*攻击分赃比!M74*开放指数!L74 -> 228 | P74: =$D74*攻击分赃比!N74*开放指数!M74 -> 304 | Q74: =$D74*攻击分赃比!O74*开放指数!N74 -> 380 | R74: =$D74*攻击分赃比!P74*开放指数!O74 -> 456 | S74: =$D74*攻击分赃比!Q74*开放指数!P74 -> 532 | T74: =$D74*攻击分赃比!R74*开放指数!Q74 -> 114 | U74: =$D74*攻击分赃比!S74*开放指数!R74 -> 45.6 | V74: =$D74*攻击分赃比!T74*开放指数!S74 -> 45.6 | W74: =$D74*攻击分赃比!U74*开放指数!T74 -> 7.6 | X74: =攻击分赃比!V74*开放指数!U74 -> 0 | Y74: =攻击分赃比!W74*开放指数!V74 -> 0 | Z74: =攻击分赃比!X74*开放指数!W74 -> 0 | AA74: =攻击分赃比!Y74*开放指数!X74 -> 0 | AB74: =攻击分赃比!Z74*开放指数!Y74 -> 0 | AC74: =$D74*攻击分赃比!AB74*开放指数!Z74 -> 152 | AD74: =$D74*攻击分赃比!AC74*开放指数!AA74 -> 182.4 | AE74: =$D74*攻击分赃比!AD74*开放指数!AB74 -> 228 | AF74: =$D74*攻击分赃比!AE74*开放指数!AC74 -> 304 | AG74: =$D74*攻击分赃比!AF74*开放指数!AD74 -> 380 | AH74: =$D74*攻击分赃比!AG74*开放指数!AE74 -> 76 | AI74: =$D74*攻击分赃比!AH74*开放指数!AF74 -> 30.4 | AJ74: =$D74*攻击分赃比!AI74*开放指数!AG74 -> 30.4 | AK74: =$D74*攻击分赃比!AJ74*开放指数!AH74 -> 4.56 | AL74: =$D74*攻击分赃比!AL74*开放指数!AI74 -> 182.4 | AM74: =攻击分赃比!AM74*开放指数!AJ74 -> 0 | AN74: =攻击分赃比!AN74*开放指数!AK74 -> 0 | AO74: =攻击分赃比!AO74*开放指数!AL74 -> 0 | AP74: =攻击分赃比!AP74*开放指数!AM74 -> 0 | AQ74: =攻击分赃比!AQ74*开放指数!AN74 -> 0 | AR74: =$D74*攻击分赃比!AS74*开放指数!AO74 -> 30.4 | AS74: =D74+O74+AR74+AL74+AC74 -> 744.8 | AT74: =H74+I74+J74+K74+L74+M74+N74+S74*(1+AB74)+T74+U74+V74+W74+AG74+AH74+AI74+AJ74+AK74+AL74*(1+AQ74)+AR74 -> 2419.36 | AW74: =H74+I74+J74+K74+L74+M74+N74 -> 940.4 | AX74: =S74*(1+AB74)+T74+U74+V74+W74 -> 744.8 | AY74: =AG74+AH74+AI74+AJ74+AK74 -> 521.36 | AZ74: =AL74*(1+AQ74) -> 182.4 | BA74: =AR74 -> 30.4 | BB74: =AT74/D74 -> 15.916842
A75: 73 | B75: =B74 -> 2 | C75: =C74+B75 -> 154 | D75: =B75+D74 -> 154 | E75: =$D75*攻击分赃比!B75*开放指数!B75 -> 184.8 | F75: =$D75*攻击分赃比!C75*开放指数!C75 -> 231 | G75: =$D75*攻击分赃比!D75*开放指数!D75 -> 308 | H75: =$D75*攻击分赃比!E75*开放指数!E75 -> 385 | I75: =I74 -> 74 | J75: =$D75*攻击分赃比!G75*开放指数!G75 -> 46.2 | K75: =$D75*攻击分赃比!H75*开放指数!H75 -> 92.4 | L75: =$D75*攻击分赃比!I75*开放指数!I75 -> 46.2 | M75: =$D75*攻击分赃比!J75*开放指数!J75 -> 123.2 | N75: =$D75*攻击分赃比!K75*开放指数!K75 -> 184.8 | O75: =$D75*攻击分赃比!M75*开放指数!L75 -> 231 | P75: =$D75*攻击分赃比!N75*开放指数!M75 -> 308 | Q75: =$D75*攻击分赃比!O75*开放指数!N75 -> 385 | R75: =$D75*攻击分赃比!P75*开放指数!O75 -> 462 | S75: =$D75*攻击分赃比!Q75*开放指数!P75 -> 539 | T75: =$D75*攻击分赃比!R75*开放指数!Q75 -> 115.5 | U75: =$D75*攻击分赃比!S75*开放指数!R75 -> 46.2 | V75: =$D75*攻击分赃比!T75*开放指数!S75 -> 46.2 | W75: =$D75*攻击分赃比!U75*开放指数!T75 -> 7.7 | X75: =攻击分赃比!V75*开放指数!U75 -> 0 | Y75: =攻击分赃比!W75*开放指数!V75 -> 0 | Z75: =攻击分赃比!X75*开放指数!W75 -> 0 | AA75: =攻击分赃比!Y75*开放指数!X75 -> 0 | AB75: =攻击分赃比!Z75*开放指数!Y75 -> 0 | AC75: =$D75*攻击分赃比!AB75*开放指数!Z75 -> 154 | AD75: =$D75*攻击分赃比!AC75*开放指数!AA75 -> 184.8 | AE75: =$D75*攻击分赃比!AD75*开放指数!AB75 -> 231 | AF75: =$D75*攻击分赃比!AE75*开放指数!AC75 -> 308 | AG75: =$D75*攻击分赃比!AF75*开放指数!AD75 -> 385 | AH75: =$D75*攻击分赃比!AG75*开放指数!AE75 -> 77 | AI75: =$D75*攻击分赃比!AH75*开放指数!AF75 -> 30.8 | AJ75: =$D75*攻击分赃比!AI75*开放指数!AG75 -> 30.8 | AK75: =$D75*攻击分赃比!AJ75*开放指数!AH75 -> 4.62 | AL75: =$D75*攻击分赃比!AL75*开放指数!AI75 -> 184.8 | AM75: =攻击分赃比!AM75*开放指数!AJ75 -> 0 | AN75: =攻击分赃比!AN75*开放指数!AK75 -> 0 | AO75: =攻击分赃比!AO75*开放指数!AL75 -> 0 | AP75: =攻击分赃比!AP75*开放指数!AM75 -> 0 | AQ75: =攻击分赃比!AQ75*开放指数!AN75 -> 0 | AR75: =$D75*攻击分赃比!AS75*开放指数!AO75 -> 30.8 | AS75: =D75+O75+AR75+AL75+AC75 -> 754.6 | AT75: =H75+I75+J75+K75+L75+M75+N75+S75*(1+AB75)+T75+U75+V75+W75+AG75+AH75+AI75+AJ75+AK75+AL75*(1+AQ75)+AR75 -> 2450.22 | AW75: =H75+I75+J75+K75+L75+M75+N75 -> 951.8 | AX75: =S75*(1+AB75)+T75+U75+V75+W75 -> 754.6 | AY75: =AG75+AH75+AI75+AJ75+AK75 -> 528.22 | AZ75: =AL75*(1+AQ75) -> 184.8 | BA75: =AR75 -> 30.8 | BB75: =AT75/D75 -> 15.910519
A76: 74 | B76: =B75 -> 2 | C76: =C75+B76 -> 156 | D76: =B76+D75 -> 156 | E76: =$D76*攻击分赃比!B76*开放指数!B76 -> 187.2 | F76: =$D76*攻击分赃比!C76*开放指数!C76 -> 234 | G76: =$D76*攻击分赃比!D76*开放指数!D76 -> 312 | H76: =$D76*攻击分赃比!E76*开放指数!E76 -> 390 | I76: =I75 -> 74 | J76: =$D76*攻击分赃比!G76*开放指数!G76 -> 46.8 | K76: =$D76*攻击分赃比!H76*开放指数!H76 -> 93.6 | L76: =$D76*攻击分赃比!I76*开放指数!I76 -> 46.8 | M76: =$D76*攻击分赃比!J76*开放指数!J76 -> 124.8 | N76: =$D76*攻击分赃比!K76*开放指数!K76 -> 187.2 | O76: =$D76*攻击分赃比!M76*开放指数!L76 -> 234 | P76: =$D76*攻击分赃比!N76*开放指数!M76 -> 312 | Q76: =$D76*攻击分赃比!O76*开放指数!N76 -> 390 | R76: =$D76*攻击分赃比!P76*开放指数!O76 -> 468 | S76: =$D76*攻击分赃比!Q76*开放指数!P76 -> 546 | T76: =$D76*攻击分赃比!R76*开放指数!Q76 -> 117 | U76: =$D76*攻击分赃比!S76*开放指数!R76 -> 46.8 | V76: =$D76*攻击分赃比!T76*开放指数!S76 -> 46.8 | W76: =$D76*攻击分赃比!U76*开放指数!T76 -> 7.8 | X76: =攻击分赃比!V76*开放指数!U76 -> 0 | Y76: =攻击分赃比!W76*开放指数!V76 -> 0 | Z76: =攻击分赃比!X76*开放指数!W76 -> 0 | AA76: =攻击分赃比!Y76*开放指数!X76 -> 0 | AB76: =攻击分赃比!Z76*开放指数!Y76 -> 0 | AC76: =$D76*攻击分赃比!AB76*开放指数!Z76 -> 156 | AD76: =$D76*攻击分赃比!AC76*开放指数!AA76 -> 187.2 | AE76: =$D76*攻击分赃比!AD76*开放指数!AB76 -> 234 | AF76: =$D76*攻击分赃比!AE76*开放指数!AC76 -> 312 | AG76: =$D76*攻击分赃比!AF76*开放指数!AD76 -> 390 | AH76: =$D76*攻击分赃比!AG76*开放指数!AE76 -> 78 | AI76: =$D76*攻击分赃比!AH76*开放指数!AF76 -> 31.2 | AJ76: =$D76*攻击分赃比!AI76*开放指数!AG76 -> 31.2 | AK76: =$D76*攻击分赃比!AJ76*开放指数!AH76 -> 4.68 | AL76: =$D76*攻击分赃比!AL76*开放指数!AI76 -> 187.2 | AM76: =攻击分赃比!AM76*开放指数!AJ76 -> 0 | AN76: =攻击分赃比!AN76*开放指数!AK76 -> 0 | AO76: =攻击分赃比!AO76*开放指数!AL76 -> 0 | AP76: =攻击分赃比!AP76*开放指数!AM76 -> 0 | AQ76: =攻击分赃比!AQ76*开放指数!AN76 -> 0 | AR76: =$D76*攻击分赃比!AS76*开放指数!AO76 -> 31.2 | AS76: =D76+O76+AR76+AL76+AC76 -> 764.4 | AT76: =H76+I76+J76+K76+L76+M76+N76+S76*(1+AB76)+T76+U76+V76+W76+AG76+AH76+AI76+AJ76+AK76+AL76*(1+AQ76)+AR76 -> 2481.08 | AW76: =H76+I76+J76+K76+L76+M76+N76 -> 963.2 | AX76: =S76*(1+AB76)+T76+U76+V76+W76 -> 764.4 | AY76: =AG76+AH76+AI76+AJ76+AK76 -> 535.08 | AZ76: =AL76*(1+AQ76) -> 187.2 | BA76: =AR76 -> 31.2 | BB76: =AT76/D76 -> 15.904359
A77: 75 | B77: =B76 -> 2 | C77: =C76+B77 -> 158 | D77: =B77+D76 -> 158 | E77: =$D77*攻击分赃比!B77*开放指数!B77 -> 189.6 | F77: =$D77*攻击分赃比!C77*开放指数!C77 -> 237 | G77: =$D77*攻击分赃比!D77*开放指数!D77 -> 316 | H77: =$D77*攻击分赃比!E77*开放指数!E77 -> 395 | I77: =$D77*攻击分赃比!F77*开放指数!F77 -> 79 | J77: =$D77*攻击分赃比!G77*开放指数!G77 -> 47.4 | K77: =$D77*攻击分赃比!H77*开放指数!H77 -> 94.8 | L77: =$D77*攻击分赃比!I77*开放指数!I77 -> 47.4 | ... N77: =$D77*攻击分赃比!K77*开放指数!K77 -> 189.6 | O77: =$D77*攻击分赃比!M77*开放指数!L77 -> 237 | P77: =$D77*攻击分赃比!N77*开放指数!M77 -> 316 | Q77: =$D77*攻击分赃比!O77*开放指数!N77 -> 395 | R77: =$D77*攻击分赃比!P77*开放指数!O77 -> 474 | S77: =$D77*攻击分赃比!Q77*开放指数!P77 -> 553 | T77: =$D77*攻击分赃比!R77*开放指数!Q77 -> 118.5 | U77: =$D77*攻击分赃比!S77*开放指数!R77 -> 47.4 | V77: =$D77*攻击分赃比!T77*开放指数!S77 -> 47.4 | W77: =$D77*攻击分赃比!U77*开放指数!T77 -> 7.9 | X77: =攻击分赃比!V77*开放指数!U77 -> 0 | Y77: =攻击分赃比!W77*开放指数!V77 -> 0 | Z77: =攻击分赃比!X77*开放指数!W77 -> 0 | AA77: =攻击分赃比!Y77*开放指数!X77 -> 0 | AB77: =攻击分赃比!Z77*开放指数!Y77 -> 0 | AC77: =$D77*攻击分赃比!AB77*开放指数!Z77 -> 158 | AD77: =$D77*攻击分赃比!AC77*开放指数!AA77 -> 189.6 | AE77: =$D77*攻击分赃比!AD77*开放指数!AB77 -> 237 | AF77: =$D77*攻击分赃比!AE77*开放指数!AC77 -> 316 | AG77: =$D77*攻击分赃比!AF77*开放指数!AD77 -> 395 | AH77: =$D77*攻击分赃比!AG77*开放指数!AE77 -> 79 | AI77: =$D77*攻击分赃比!AH77*开放指数!AF77 -> 31.6 | AJ77: =$D77*攻击分赃比!AI77*开放指数!AG77 -> 31.6 | AK77: =$D77*攻击分赃比!AJ77*开放指数!AH77 -> 4.74 | AL77: =$D77*攻击分赃比!AL77*开放指数!AI77 -> 189.6 | AM77: =攻击分赃比!AM77*开放指数!AJ77 -> 0 | AN77: =攻击分赃比!AN77*开放指数!AK77 -> 0 | AO77: =攻击分赃比!AO77*开放指数!AL77 -> 0 | AP77: =攻击分赃比!AP77*开放指数!AM77 -> 0 | AQ77: =攻击分赃比!AQ77*开放指数!AN77 -> 0 | AR77: =$D77*攻击分赃比!AS77*开放指数!AO77 -> 31.6 | AS77: =D77+O77+AR77+AL77+AC77 -> 774.2 | AT77: =H77+I77+J77+K77+L77+M77+N77+S77*(1+AB77)+T77+U77+V77+W77+AG77+AH77+AI77+AJ77+AK77+AL77*(1+AQ77)+AR77 -> 2516.94 | AW77: =H77+I77+J77+K77+L77+M77+N77 -> 979.6 | AX77: =S77*(1+AB77)+T77+U77+V77+W77 -> 774.2 | AY77: =AG77+AH77+AI77+AJ77+AK77 -> 541.94 | AZ77: =AL77*(1+AQ77) -> 189.6 | BA77: =AR77 -> 31.6 | BB77: =AT77/D77 -> 15.93
A78: 76 | B78: =B77 -> 2 | C78: =C77+B78 -> 160 | D78: =B78+D77 -> 160 | E78: =$D78*攻击分赃比!B78*开放指数!B78 -> 192 | F78: =$D78*攻击分赃比!C78*开放指数!C78 -> 240 | G78: =$D78*攻击分赃比!D78*开放指数!D78 -> 320 | H78: =$D78*攻击分赃比!E78*开放指数!E78 -> 400 | I78: =I77 -> 79 | J78: =$D78*攻击分赃比!G78*开放指数!G78 -> 48 | K78: =$D78*攻击分赃比!H78*开放指数!H78 -> 96 | L78: =$D78*攻击分赃比!I78*开放指数!I78 -> 48 | M78: =$D78*攻击分赃比!J78*开放指数!J78 -> 128 | N78: =$D78*攻击分赃比!K78*开放指数!K78 -> 192 | O78: =$D78*攻击分赃比!M78*开放指数!L78 -> 240 | P78: =$D78*攻击分赃比!N78*开放指数!M78 -> 320 | Q78: =$D78*攻击分赃比!O78*开放指数!N78 -> 400 | R78: =$D78*攻击分赃比!P78*开放指数!O78 -> 480 | S78: =$D78*攻击分赃比!Q78*开放指数!P78 -> 560 | T78: =$D78*攻击分赃比!R78*开放指数!Q78 -> 120 | U78: =$D78*攻击分赃比!S78*开放指数!R78 -> 48 | V78: =$D78*攻击分赃比!T78*开放指数!S78 -> 48 | W78: =$D78*攻击分赃比!U78*开放指数!T78 -> 8 | X78: =攻击分赃比!V78*开放指数!U78 -> 0 | Y78: =攻击分赃比!W78*开放指数!V78 -> 0 | Z78: =攻击分赃比!X78*开放指数!W78 -> 0 | AA78: =攻击分赃比!Y78*开放指数!X78 -> 0 | AB78: =攻击分赃比!Z78*开放指数!Y78 -> 0 | AC78: =$D78*攻击分赃比!AB78*开放指数!Z78 -> 160 | AD78: =$D78*攻击分赃比!AC78*开放指数!AA78 -> 192 | AE78: =$D78*攻击分赃比!AD78*开放指数!AB78 -> 240 | AF78: =$D78*攻击分赃比!AE78*开放指数!AC78 -> 320 | AG78: =$D78*攻击分赃比!AF78*开放指数!AD78 -> 400 | AH78: =$D78*攻击分赃比!AG78*开放指数!AE78 -> 80 | AI78: =$D78*攻击分赃比!AH78*开放指数!AF78 -> 32 | AJ78: =$D78*攻击分赃比!AI78*开放指数!AG78 -> 32 | AK78: =$D78*攻击分赃比!AJ78*开放指数!AH78 -> 4.8 | AL78: =$D78*攻击分赃比!AL78*开放指数!AI78 -> 192 | AM78: =攻击分赃比!AM78*开放指数!AJ78 -> 0 | AN78: =攻击分赃比!AN78*开放指数!AK78 -> 0 | AO78: =攻击分赃比!AO78*开放指数!AL78 -> 0 | AP78: =攻击分赃比!AP78*开放指数!AM78 -> 0 | AQ78: =攻击分赃比!AQ78*开放指数!AN78 -> 0 | AR78: =$D78*攻击分赃比!AS78*开放指数!AO78 -> 32 | AS78: =D78+O78+AR78+AL78+AC78 -> 784 | AT78: =H78+I78+J78+K78+L78+M78+N78+S78*(1+AB78)+T78+U78+V78+W78+AG78+AH78+AI78+AJ78+AK78+AL78*(1+AQ78)+AR78 -> 2547.8 | AW78: =H78+I78+J78+K78+L78+M78+N78 -> 991 | AX78: =S78*(1+AB78)+T78+U78+V78+W78 -> 784 | AY78: =AG78+AH78+AI78+AJ78+AK78 -> 548.8 | AZ78: =AL78*(1+AQ78) -> 192 | BA78: =AR78 -> 32 | BB78: =AT78/D78 -> 15.92375
A79: 77 | B79: =B78 -> 2 | C79: =C78+B79 -> 162 | D79: =B79+D78 -> 162 | E79: =$D79*攻击分赃比!B79*开放指数!B79 -> 194.4 | F79: =$D79*攻击分赃比!C79*开放指数!C79 -> 243 | G79: =$D79*攻击分赃比!D79*开放指数!D79 -> 324 | H79: =$D79*攻击分赃比!E79*开放指数!E79 -> 405 | I79: =I78 -> 79 | J79: =$D79*攻击分赃比!G79*开放指数!G79 -> 48.6 | K79: =$D79*攻击分赃比!H79*开放指数!H79 -> 97.2 | L79: =$D79*攻击分赃比!I79*开放指数!I79 -> 48.6 | M79: =$D79*攻击分赃比!J79*开放指数!J79 -> 129.6 | N79: =$D79*攻击分赃比!K79*开放指数!K79 -> 194.4 | O79: =$D79*攻击分赃比!M79*开放指数!L79 -> 243 | P79: =$D79*攻击分赃比!N79*开放指数!M79 -> 324 | Q79: =$D79*攻击分赃比!O79*开放指数!N79 -> 405 | R79: =$D79*攻击分赃比!P79*开放指数!O79 -> 486 | S79: =$D79*攻击分赃比!Q79*开放指数!P79 -> 567 | T79: =$D79*攻击分赃比!R79*开放指数!Q79 -> 121.5 | U79: =$D79*攻击分赃比!S79*开放指数!R79 -> 48.6 | V79: =$D79*攻击分赃比!T79*开放指数!S79 -> 48.6 | W79: =$D79*攻击分赃比!U79*开放指数!T79 -> 8.1 | X79: =攻击分赃比!V79*开放指数!U79 -> 0 | Y79: =攻击分赃比!W79*开放指数!V79 -> 0 | Z79: =攻击分赃比!X79*开放指数!W79 -> 0 | AA79: =攻击分赃比!Y79*开放指数!X79 -> 0 | AB79: =攻击分赃比!Z79*开放指数!Y79 -> 0 | AC79: =$D79*攻击分赃比!AB79*开放指数!Z79 -> 162 | AD79: =$D79*攻击分赃比!AC79*开放指数!AA79 -> 194.4 | AE79: =$D79*攻击分赃比!AD79*开放指数!AB79 -> 243 | AF79: =$D79*攻击分赃比!AE79*开放指数!AC79 -> 324 | AG79: =$D79*攻击分赃比!AF79*开放指数!AD79 -> 405 | AH79: =$D79*攻击分赃比!AG79*开放指数!AE79 -> 81 | AI79: =$D79*攻击分赃比!AH79*开放指数!AF79 -> 32.4 | AJ79: =$D79*攻击分赃比!AI79*开放指数!AG79 -> 32.4 | AK79: =$D79*攻击分赃比!AJ79*开放指数!AH79 -> 4.86 | AL79: =$D79*攻击分赃比!AL79*开放指数!AI79 -> 194.4 | AM79: =攻击分赃比!AM79*开放指数!AJ79 -> 0 | AN79: =攻击分赃比!AN79*开放指数!AK79 -> 0 | AO79: =攻击分赃比!AO79*开放指数!AL79 -> 0 | AP79: =攻击分赃比!AP79*开放指数!AM79 -> 0 | AQ79: =攻击分赃比!AQ79*开放指数!AN79 -> 0 | AR79: =$D79*攻击分赃比!AS79*开放指数!AO79 -> 32.4 | AS79: =D79+O79+AR79+AL79+AC79 -> 793.8 | AT79: =H79+I79+J79+K79+L79+M79+N79+S79*(1+AB79)+T79+U79+V79+W79+AG79+AH79+AI79+AJ79+AK79+AL79*(1+AQ79)+AR79 -> 2578.66 | AW79: =H79+I79+J79+K79+L79+M79+N79 -> 1002.4 | AX79: =S79*(1+AB79)+T79+U79+V79+W79 -> 793.8 | AY79: =AG79+AH79+AI79+AJ79+AK79 -> 555.66 | AZ79: =AL79*(1+AQ79) -> 194.4 | BA79: =AR79 -> 32.4 | BB79: =AT79/D79 -> 15.917654
A80: 78 | B80: =B79 -> 2 | C80: =C79+B80 -> 164 | D80: =B80+D79 -> 164 | E80: =$D80*攻击分赃比!B80*开放指数!B80 -> 196.8 | F80: =$D80*攻击分赃比!C80*开放指数!C80 -> 246 | G80: =$D80*攻击分赃比!D80*开放指数!D80 -> 328 | H80: =$D80*攻击分赃比!E80*开放指数!E80 -> 410 | I80: =I79 -> 79 | J80: =$D80*攻击分赃比!G80*开放指数!G80 -> 49.2 | K80: =$D80*攻击分赃比!H80*开放指数!H80 -> 98.4 | L80: =$D80*攻击分赃比!I80*开放指数!I80 -> 49.2 | M80: =$D80*攻击分赃比!J80*开放指数!J80 -> 131.2 | N80: =$D80*攻击分赃比!K80*开放指数!K80 -> 196.8 | O80: =$D80*攻击分赃比!M80*开放指数!L80 -> 246 | P80: =$D80*攻击分赃比!N80*开放指数!M80 -> 328 | Q80: =$D80*攻击分赃比!O80*开放指数!N80 -> 410 | R80: =$D80*攻击分赃比!P80*开放指数!O80 -> 492 | S80: =$D80*攻击分赃比!Q80*开放指数!P80 -> 574 | T80: =$D80*攻击分赃比!R80*开放指数!Q80 -> 123 | U80: =$D80*攻击分赃比!S80*开放指数!R80 -> 49.2 | V80: =$D80*攻击分赃比!T80*开放指数!S80 -> 49.2 | W80: =$D80*攻击分赃比!U80*开放指数!T80 -> 8.2 | X80: =攻击分赃比!V80*开放指数!U80 -> 0 | Y80: =攻击分赃比!W80*开放指数!V80 -> 0 | Z80: =攻击分赃比!X80*开放指数!W80 -> 0 | AA80: =攻击分赃比!Y80*开放指数!X80 -> 0 | AB80: =攻击分赃比!Z80*开放指数!Y80 -> 0 | AC80: =$D80*攻击分赃比!AB80*开放指数!Z80 -> 164 | AD80: =$D80*攻击分赃比!AC80*开放指数!AA80 -> 196.8 | AE80: =$D80*攻击分赃比!AD80*开放指数!AB80 -> 246 | AF80: =$D80*攻击分赃比!AE80*开放指数!AC80 -> 328 | AG80: =$D80*攻击分赃比!AF80*开放指数!AD80 -> 410 | AH80: =$D80*攻击分赃比!AG80*开放指数!AE80 -> 82 | AI80: =$D80*攻击分赃比!AH80*开放指数!AF80 -> 32.8 | AJ80: =$D80*攻击分赃比!AI80*开放指数!AG80 -> 32.8 | AK80: =$D80*攻击分赃比!AJ80*开放指数!AH80 -> 4.92 | AL80: =$D80*攻击分赃比!AL80*开放指数!AI80 -> 196.8 | AM80: =攻击分赃比!AM80*开放指数!AJ80 -> 0 | AN80: =攻击分赃比!AN80*开放指数!AK80 -> 0 | AO80: =攻击分赃比!AO80*开放指数!AL80 -> 0 | AP80: =攻击分赃比!AP80*开放指数!AM80 -> 0 | AQ80: =攻击分赃比!AQ80*开放指数!AN80 -> 0 | AR80: =$D80*攻击分赃比!AS80*开放指数!AO80 -> 32.8 | AS80: =D80+O80+AR80+AL80+AC80 -> 803.6 | AT80: =H80+I80+J80+K80+L80+M80+N80+S80*(1+AB80)+T80+U80+V80+W80+AG80+AH80+AI80+AJ80+AK80+AL80*(1+AQ80)+AR80 -> 2609.52 | AW80: =H80+I80+J80+K80+L80+M80+N80 -> 1013.8 | AX80: =S80*(1+AB80)+T80+U80+V80+W80 -> 803.6 | AY80: =AG80+AH80+AI80+AJ80+AK80 -> 562.52 | AZ80: =AL80*(1+AQ80) -> 196.8 | BA80: =AR80 -> 32.8 | BB80: =AT80/D80 -> 15.911707
A81: 79 | B81: =B80 -> 2 | C81: =C80+B81 -> 166 | D81: =B81+D80 -> 166 | E81: =$D81*攻击分赃比!B81*开放指数!B81 -> 199.2 | F81: =$D81*攻击分赃比!C81*开放指数!C81 -> 249 | G81: =$D81*攻击分赃比!D81*开放指数!D81 -> 332 | H81: =$D81*攻击分赃比!E81*开放指数!E81 -> 415 | I81: =I80 -> 79 | J81: =$D81*攻击分赃比!G81*开放指数!G81 -> 49.8 | K81: =$D81*攻击分赃比!H81*开放指数!H81 -> 99.6 | L81: =$D81*攻击分赃比!I81*开放指数!I81 -> 49.8 | M81: =$D81*攻击分赃比!J81*开放指数!J81 -> 132.8 | N81: =$D81*攻击分赃比!K81*开放指数!K81 -> 199.2 | O81: =$D81*攻击分赃比!M81*开放指数!L81 -> 249 | P81: =$D81*攻击分赃比!N81*开放指数!M81 -> 332 | Q81: =$D81*攻击分赃比!O81*开放指数!N81 -> 415 | R81: =$D81*攻击分赃比!P81*开放指数!O81 -> 498 | S81: =$D81*攻击分赃比!Q81*开放指数!P81 -> 581 | T81: =$D81*攻击分赃比!R81*开放指数!Q81 -> 124.5 | U81: =$D81*攻击分赃比!S81*开放指数!R81 -> 49.8 | V81: =$D81*攻击分赃比!T81*开放指数!S81 -> 49.8 | W81: =$D81*攻击分赃比!U81*开放指数!T81 -> 8.3 | X81: =攻击分赃比!V81*开放指数!U81 -> 0 | Y81: =攻击分赃比!W81*开放指数!V81 -> 0 | Z81: =攻击分赃比!X81*开放指数!W81 -> 0 | AA81: =攻击分赃比!Y81*开放指数!X81 -> 0 | AB81: =攻击分赃比!Z81*开放指数!Y81 -> 0 | AC81: =$D81*攻击分赃比!AB81*开放指数!Z81 -> 166 | AD81: =$D81*攻击分赃比!AC81*开放指数!AA81 -> 199.2 | AE81: =$D81*攻击分赃比!AD81*开放指数!AB81 -> 249 | AF81: =$D81*攻击分赃比!AE81*开放指数!AC81 -> 332 | AG81: =$D81*攻击分赃比!AF81*开放指数!AD81 -> 415 | AH81: =$D81*攻击分赃比!AG81*开放指数!AE81 -> 83 | AI81: =$D81*攻击分赃比!AH81*开放指数!AF81 -> 33.2 | AJ81: =$D81*攻击分赃比!AI81*开放指数!AG81 -> 33.2 | AK81: =$D81*攻击分赃比!AJ81*开放指数!AH81 -> 4.98 | AL81: =$D81*攻击分赃比!AL81*开放指数!AI81 -> 199.2 | AM81: =攻击分赃比!AM81*开放指数!AJ81 -> 0 | AN81: =攻击分赃比!AN81*开放指数!AK81 -> 0 | AO81: =攻击分赃比!AO81*开放指数!AL81 -> 0 | AP81: =攻击分赃比!AP81*开放指数!AM81 -> 0 | AQ81: =攻击分赃比!AQ81*开放指数!AN81 -> 0 | AR81: =$D81*攻击分赃比!AS81*开放指数!AO81 -> 33.2 | AS81: =D81+O81+AR81+AL81+AC81 -> 813.4 | AT81: =H81+I81+J81+K81+L81+M81+N81+S81*(1+AB81)+T81+U81+V81+W81+AG81+AH81+AI81+AJ81+AK81+AL81*(1+AQ81)+AR81 -> 2640.38 | AW81: =H81+I81+J81+K81+L81+M81+N81 -> 1025.2 | AX81: =S81*(1+AB81)+T81+U81+V81+W81 -> 813.4 | AY81: =AG81+AH81+AI81+AJ81+AK81 -> 569.38 | AZ81: =AL81*(1+AQ81) -> 199.2 | BA81: =AR81 -> 33.2 | BB81: =AT81/D81 -> 15.905904
A82: 80 | B82: =B81 -> 2 | C82: =C81+B82 -> 168 | D82: =B82+D81 -> 168 | E82: =$D82*攻击分赃比!B82*开放指数!B82 -> 201.6 | F82: =$D82*攻击分赃比!C82*开放指数!C82 -> 252 | G82: =$D82*攻击分赃比!D82*开放指数!D82 -> 336 | H82: =$D82*攻击分赃比!E82*开放指数!E82 -> 420 | I82: =$D82*攻击分赃比!F82*开放指数!F82 -> 84 | J82: =$D82*攻击分赃比!G82*开放指数!G82 -> 50.4 | K82: =$D82*攻击分赃比!H82*开放指数!H82 -> 100.8 | L82: =$D82*攻击分赃比!I82*开放指数!I82 -> 50.4 | ... N82: =$D82*攻击分赃比!K82*开放指数!K82 -> 201.6 | O82: =$D82*攻击分赃比!M82*开放指数!L82 -> 252 | P82: =$D82*攻击分赃比!N82*开放指数!M82 -> 336 | Q82: =$D82*攻击分赃比!O82*开放指数!N82 -> 420 | R82: =$D82*攻击分赃比!P82*开放指数!O82 -> 504 | S82: =$D82*攻击分赃比!Q82*开放指数!P82 -> 588 | T82: =$D82*攻击分赃比!R82*开放指数!Q82 -> 126 | U82: =$D82*攻击分赃比!S82*开放指数!R82 -> 50.4 | V82: =$D82*攻击分赃比!T82*开放指数!S82 -> 50.4 | W82: =$D82*攻击分赃比!U82*开放指数!T82 -> 8.4 | X82: =攻击分赃比!V82*开放指数!U82 -> 0.2 | Y82: =攻击分赃比!W82*开放指数!V82 -> 0.3 | Z82: =攻击分赃比!X82*开放指数!W82 -> 0.5 | AA82: =攻击分赃比!Y82*开放指数!X82 -> 0.8 | AB82: =攻击分赃比!Z82*开放指数!Y82 -> 1.2 | AC82: =$D82*攻击分赃比!AB82*开放指数!Z82 -> 168 | AD82: =$D82*攻击分赃比!AC82*开放指数!AA82 -> 201.6 | AE82: =$D82*攻击分赃比!AD82*开放指数!AB82 -> 252 | AF82: =$D82*攻击分赃比!AE82*开放指数!AC82 -> 336 | AG82: =$D82*攻击分赃比!AF82*开放指数!AD82 -> 420 | AH82: =$D82*攻击分赃比!AG82*开放指数!AE82 -> 84 | AI82: =$D82*攻击分赃比!AH82*开放指数!AF82 -> 33.6 | AJ82: =$D82*攻击分赃比!AI82*开放指数!AG82 -> 33.6 | AK82: =$D82*攻击分赃比!AJ82*开放指数!AH82 -> 5.04 | AL82: =$D82*攻击分赃比!AL82*开放指数!AI82 -> 201.6 | AM82: =攻击分赃比!AM82*开放指数!AJ82 -> 0.2 | AN82: =攻击分赃比!AN82*开放指数!AK82 -> 0.3 | AO82: =攻击分赃比!AO82*开放指数!AL82 -> 0.5 | AP82: =攻击分赃比!AP82*开放指数!AM82 -> 0.8 | AQ82: =攻击分赃比!AQ82*开放指数!AN82 -> 1.2 | AR82: =$D82*攻击分赃比!AS82*开放指数!AO82 -> 33.6 | AS82: =D82+O82+AR82+AL82+AC82 -> 823.2 | AT82: =H82+I82+J82+K82+L82+M82+N82+S82*(1+AB82)+T82+U82+V82+W82+AG82+AH82+AI82+AJ82+AK82+AL82*(1+AQ82)+AR82 -> 3623.76 | AW82: =H82+I82+J82+K82+L82+M82+N82 -> 1041.6 | AX82: =S82*(1+AB82)+T82+U82+V82+W82 -> 1528.8 | AY82: =AG82+AH82+AI82+AJ82+AK82 -> 576.24 | AZ82: =AL82*(1+AQ82) -> 443.52 | BA82: =AR82 -> 33.6 | BB82: =AT82/D82 -> 21.57
A83: 81 | B83: =B82 -> 2 | C83: =C82+B83 -> 170 | D83: =B83+D82 -> 170 | E83: =$D83*攻击分赃比!B83*开放指数!B83 -> 204 | F83: =$D83*攻击分赃比!C83*开放指数!C83 -> 255 | G83: =$D83*攻击分赃比!D83*开放指数!D83 -> 340 | H83: =$D83*攻击分赃比!E83*开放指数!E83 -> 425 | I83: =I82 -> 84 | J83: =$D83*攻击分赃比!G83*开放指数!G83 -> 51 | K83: =$D83*攻击分赃比!H83*开放指数!H83 -> 102 | L83: =$D83*攻击分赃比!I83*开放指数!I83 -> 51 | M83: =$D83*攻击分赃比!J83*开放指数!J83 -> 136 | N83: =$D83*攻击分赃比!K83*开放指数!K83 -> 204 | O83: =$D83*攻击分赃比!M83*开放指数!L83 -> 255 | P83: =$D83*攻击分赃比!N83*开放指数!M83 -> 340 | Q83: =$D83*攻击分赃比!O83*开放指数!N83 -> 425 | R83: =$D83*攻击分赃比!P83*开放指数!O83 -> 510 | S83: =$D83*攻击分赃比!Q83*开放指数!P83 -> 595 | T83: =$D83*攻击分赃比!R83*开放指数!Q83 -> 127.5 | U83: =$D83*攻击分赃比!S83*开放指数!R83 -> 51 | V83: =$D83*攻击分赃比!T83*开放指数!S83 -> 51 | W83: =$D83*攻击分赃比!U83*开放指数!T83 -> 8.5 | X83: =攻击分赃比!V83*开放指数!U83 -> 0.2 | Y83: =攻击分赃比!W83*开放指数!V83 -> 0.3 | Z83: =攻击分赃比!X83*开放指数!W83 -> 0.5 | AA83: =攻击分赃比!Y83*开放指数!X83 -> 0.8 | AB83: =攻击分赃比!Z83*开放指数!Y83 -> 1.2 | AC83: =$D83*攻击分赃比!AB83*开放指数!Z83 -> 170 | AD83: =$D83*攻击分赃比!AC83*开放指数!AA83 -> 204 | AE83: =$D83*攻击分赃比!AD83*开放指数!AB83 -> 255 | AF83: =$D83*攻击分赃比!AE83*开放指数!AC83 -> 340 | AG83: =$D83*攻击分赃比!AF83*开放指数!AD83 -> 425 | AH83: =$D83*攻击分赃比!AG83*开放指数!AE83 -> 85 | AI83: =$D83*攻击分赃比!AH83*开放指数!AF83 -> 34 | AJ83: =$D83*攻击分赃比!AI83*开放指数!AG83 -> 34 | AK83: =$D83*攻击分赃比!AJ83*开放指数!AH83 -> 5.1 | AL83: =$D83*攻击分赃比!AL83*开放指数!AI83 -> 204 | AM83: =攻击分赃比!AM83*开放指数!AJ83 -> 0.2 | AN83: =攻击分赃比!AN83*开放指数!AK83 -> 0.3 | AO83: =攻击分赃比!AO83*开放指数!AL83 -> 0.5 | AP83: =攻击分赃比!AP83*开放指数!AM83 -> 0.8 | AQ83: =攻击分赃比!AQ83*开放指数!AN83 -> 1.2 | AR83: =$D83*攻击分赃比!AS83*开放指数!AO83 -> 34 | AS83: =D83+O83+AR83+AL83+AC83 -> 833 | AT83: =H83+I83+J83+K83+L83+M83+N83+S83*(1+AB83)+T83+U83+V83+W83+AG83+AH83+AI83+AJ83+AK83+AL83*(1+AQ83)+AR83 -> 3665.9 | AW83: =H83+I83+J83+K83+L83+M83+N83 -> 1053 | AX83: =S83*(1+AB83)+T83+U83+V83+W83 -> 1547 | AY83: =AG83+AH83+AI83+AJ83+AK83 -> 583.1 | AZ83: =AL83*(1+AQ83) -> 448.8 | BA83: =AR83 -> 34 | BB83: =AT83/D83 -> 21.564118
A84: 82 | B84: =B83 -> 2 | C84: =C83+B84 -> 172 | D84: =B84+D83 -> 172 | E84: =$D84*攻击分赃比!B84*开放指数!B84 -> 206.4 | F84: =$D84*攻击分赃比!C84*开放指数!C84 -> 258 | G84: =$D84*攻击分赃比!D84*开放指数!D84 -> 344 | H84: =$D84*攻击分赃比!E84*开放指数!E84 -> 430 | I84: =I83 -> 84 | J84: =$D84*攻击分赃比!G84*开放指数!G84 -> 51.6 | K84: =$D84*攻击分赃比!H84*开放指数!H84 -> 103.2 | L84: =$D84*攻击分赃比!I84*开放指数!I84 -> 51.6 | M84: =$D84*攻击分赃比!J84*开放指数!J84 -> 137.6 | N84: =$D84*攻击分赃比!K84*开放指数!K84 -> 206.4 | O84: =$D84*攻击分赃比!M84*开放指数!L84 -> 258 | P84: =$D84*攻击分赃比!N84*开放指数!M84 -> 344 | Q84: =$D84*攻击分赃比!O84*开放指数!N84 -> 430 | R84: =$D84*攻击分赃比!P84*开放指数!O84 -> 516 | S84: =$D84*攻击分赃比!Q84*开放指数!P84 -> 602 | T84: =$D84*攻击分赃比!R84*开放指数!Q84 -> 129 | U84: =$D84*攻击分赃比!S84*开放指数!R84 -> 51.6 | V84: =$D84*攻击分赃比!T84*开放指数!S84 -> 51.6 | W84: =$D84*攻击分赃比!U84*开放指数!T84 -> 8.6 | X84: =攻击分赃比!V84*开放指数!U84 -> 0.2 | Y84: =攻击分赃比!W84*开放指数!V84 -> 0.3 | Z84: =攻击分赃比!X84*开放指数!W84 -> 0.5 | AA84: =攻击分赃比!Y84*开放指数!X84 -> 0.8 | AB84: =攻击分赃比!Z84*开放指数!Y84 -> 1.2 | AC84: =$D84*攻击分赃比!AB84*开放指数!Z84 -> 172 | AD84: =$D84*攻击分赃比!AC84*开放指数!AA84 -> 206.4 | AE84: =$D84*攻击分赃比!AD84*开放指数!AB84 -> 258 | AF84: =$D84*攻击分赃比!AE84*开放指数!AC84 -> 344 | AG84: =$D84*攻击分赃比!AF84*开放指数!AD84 -> 430 | AH84: =$D84*攻击分赃比!AG84*开放指数!AE84 -> 86 | AI84: =$D84*攻击分赃比!AH84*开放指数!AF84 -> 34.4 | AJ84: =$D84*攻击分赃比!AI84*开放指数!AG84 -> 34.4 | AK84: =$D84*攻击分赃比!AJ84*开放指数!AH84 -> 5.16 | AL84: =$D84*攻击分赃比!AL84*开放指数!AI84 -> 206.4 | AM84: =攻击分赃比!AM84*开放指数!AJ84 -> 0.2 | AN84: =攻击分赃比!AN84*开放指数!AK84 -> 0.3 | AO84: =攻击分赃比!AO84*开放指数!AL84 -> 0.5 | AP84: =攻击分赃比!AP84*开放指数!AM84 -> 0.8 | AQ84: =攻击分赃比!AQ84*开放指数!AN84 -> 1.2 | AR84: =$D84*攻击分赃比!AS84*开放指数!AO84 -> 34.4 | AS84: =D84+O84+AR84+AL84+AC84 -> 842.8 | AT84: =H84+I84+J84+K84+L84+M84+N84+S84*(1+AB84)+T84+U84+V84+W84+AG84+AH84+AI84+AJ84+AK84+AL84*(1+AQ84)+AR84 -> 3708.04 | AW84: =H84+I84+J84+K84+L84+M84+N84 -> 1064.4 | AX84: =S84*(1+AB84)+T84+U84+V84+W84 -> 1565.2 | AY84: =AG84+AH84+AI84+AJ84+AK84 -> 589.96 | AZ84: =AL84*(1+AQ84) -> 454.08 | BA84: =AR84 -> 34.4 | BB84: =AT84/D84 -> 21.558372
A85: 83 | B85: =B84 -> 2 | C85: =C84+B85 -> 174 | D85: =B85+D84 -> 174 | E85: =$D85*攻击分赃比!B85*开放指数!B85 -> 208.8 | F85: =$D85*攻击分赃比!C85*开放指数!C85 -> 261 | G85: =$D85*攻击分赃比!D85*开放指数!D85 -> 348 | H85: =$D85*攻击分赃比!E85*开放指数!E85 -> 435 | I85: =I84 -> 84 | J85: =$D85*攻击分赃比!G85*开放指数!G85 -> 52.2 | K85: =$D85*攻击分赃比!H85*开放指数!H85 -> 104.4 | L85: =$D85*攻击分赃比!I85*开放指数!I85 -> 52.2 | M85: =$D85*攻击分赃比!J85*开放指数!J85 -> 139.2 | N85: =$D85*攻击分赃比!K85*开放指数!K85 -> 208.8 | O85: =$D85*攻击分赃比!M85*开放指数!L85 -> 261 | P85: =$D85*攻击分赃比!N85*开放指数!M85 -> 348 | Q85: =$D85*攻击分赃比!O85*开放指数!N85 -> 435 | R85: =$D85*攻击分赃比!P85*开放指数!O85 -> 522 | S85: =$D85*攻击分赃比!Q85*开放指数!P85 -> 609 | T85: =$D85*攻击分赃比!R85*开放指数!Q85 -> 130.5 | U85: =$D85*攻击分赃比!S85*开放指数!R85 -> 52.2 | V85: =$D85*攻击分赃比!T85*开放指数!S85 -> 52.2 | W85: =$D85*攻击分赃比!U85*开放指数!T85 -> 8.7 | X85: =攻击分赃比!V85*开放指数!U85 -> 0.2 | Y85: =攻击分赃比!W85*开放指数!V85 -> 0.3 | Z85: =攻击分赃比!X85*开放指数!W85 -> 0.5 | AA85: =攻击分赃比!Y85*开放指数!X85 -> 0.8 | AB85: =攻击分赃比!Z85*开放指数!Y85 -> 1.2 | AC85: =$D85*攻击分赃比!AB85*开放指数!Z85 -> 174 | AD85: =$D85*攻击分赃比!AC85*开放指数!AA85 -> 208.8 | AE85: =$D85*攻击分赃比!AD85*开放指数!AB85 -> 261 | AF85: =$D85*攻击分赃比!AE85*开放指数!AC85 -> 348 | AG85: =$D85*攻击分赃比!AF85*开放指数!AD85 -> 435 | AH85: =$D85*攻击分赃比!AG85*开放指数!AE85 -> 87 | AI85: =$D85*攻击分赃比!AH85*开放指数!AF85 -> 34.8 | AJ85: =$D85*攻击分赃比!AI85*开放指数!AG85 -> 34.8 | AK85: =$D85*攻击分赃比!AJ85*开放指数!AH85 -> 5.22 | AL85: =$D85*攻击分赃比!AL85*开放指数!AI85 -> 208.8 | AM85: =攻击分赃比!AM85*开放指数!AJ85 -> 0.2 | AN85: =攻击分赃比!AN85*开放指数!AK85 -> 0.3 | AO85: =攻击分赃比!AO85*开放指数!AL85 -> 0.5 | AP85: =攻击分赃比!AP85*开放指数!AM85 -> 0.8 | AQ85: =攻击分赃比!AQ85*开放指数!AN85 -> 1.2 | AR85: =$D85*攻击分赃比!AS85*开放指数!AO85 -> 34.8 | AS85: =D85+O85+AR85+AL85+AC85 -> 852.6 | AT85: =H85+I85+J85+K85+L85+M85+N85+S85*(1+AB85)+T85+U85+V85+W85+AG85+AH85+AI85+AJ85+AK85+AL85*(1+AQ85)+AR85 -> 3750.18 | AW85: =H85+I85+J85+K85+L85+M85+N85 -> 1075.8 | AX85: =S85*(1+AB85)+T85+U85+V85+W85 -> 1583.4 | AY85: =AG85+AH85+AI85+AJ85+AK85 -> 596.82 | AZ85: =AL85*(1+AQ85) -> 459.36 | BA85: =AR85 -> 34.8 | BB85: =AT85/D85 -> 21.552759
