Workbook

Sheet 人物经验
D2: 升级公式
A3: 开始等级段 | B3: 结束等级段 | C3: 升级总时间/s | D3: 初始值 | E3: 参数1 | F3: 参数2 | G3: 参数3 | H3: 参数4
A4: 1 | B4: 20 | C4: =5*60 -> 300 | D4: 0 | E4: 0.3 | F4: 0.7 | G4: 0 | H4: =1-SUM(D4:G4) -> 0
A5: =B4+1 -> 21 | B5: 40 | C5: =10*60 -> 600 | D5: 0 | E5: 0.85 | F5: 0.15 | G5: 0 | H5: =1-SUM(D5:G5) -> 0
A6: =B5+1 -> 41 | B6: 60 | C6: =20*60 -> 1200 | D6: 0 | E6: 0.7 | F6: 0.25 | G6: 0.05 | H6: =1-SUM(D6:G6) -> 0
A7: =B6+1 -> 61 | B7: 80 | C7: =30*60 -> 1800 | D7: 0 | E7: 0.9 | F7: 0.1 | G7: 0 | H7: =1-SUM(D7:G7) -> 0
A8: =B7+1 -> 81 | B8: 100 | C8: =40*60 -> 2400 | D8: 0 | E8: 0.85 | F8: 0.15 | G8: 0 | H8: =1-SUM(D8:G8) -> 0
A9: =B8+1 -> 101 | B9: 120 | C9: =60*60 -> 3600 | D9: 0 | E9: 0.9 | F9: 0.1 | G9: 0 | H9: =1-SUM(D9:G9) -> 0
A10: =B9+1 -> 121 | B10: 140 | C10: =90*60 -> 5400 | D10: 0 | E10: 0.75 | F10: 0.25 | G10: 0 | H10: =1-SUM(D10:G10) -> 0
A11: =B10+1 -> 141 | B11: 160 | C11: =2.5*60*60 -> 9000 | D11: 0 | E11: 0.8 | F11: 0.2 | G11: 0 | H11: =1-SUM(D11:G11) -> 0
A12: =B11+1 -> 161 | B12: 180 | C12: =4*60*60 -> 14400 | D12: 0 | E12: 0.9 | F12: 0.1 | G12: 0 | H12: =1-SUM(D12:G12) -> 0
A13: =B12+1 -> 181 | B13: 200 | C13: =6*60*60 -> 21600 | D13: 0 | E13: 0.95 | F13: 0.05 | G13: 0 | H13: =1-SUM(D13:G13) -> 0
A14: =B13+1 -> 201 | B14: 250 | C14: =16*60*60 -> 57600 | D14: 0 | E14: 1 | F14: 0 | G14: 0 | H14: =1-SUM(D14:G14) -> 0
A15: =B14+1 -> 251 | B15: 300 | C15: =3*24*60*60 -> 259200 | D15: 0 | E15: 0.4 | F15: 0.3 | G15: 0.3 | H15: =1-SUM(D15:G15) -> 0
A16: =B15+1 -> 301 | B16: 350 | C16: =7*24*60*60 -> 604800 | D16: 0 | E16: 1 | F16: 0 | G16: 0 | H16: =1-SUM(D16:G16) -> 0
A17: =B16+1 -> 351 | B17: 400 | C17: =7*24*60*60 -> 604800 | D17: 0 | E17: 1 | F17: 0 | G17: 0 | H17: =1-SUM(D17:G17) -> 0
A18: =B17+1 -> 401 | B18: 450 | C18: =7*24*60*60 -> 604800 | D18: 0 | E18: 1 | F18: 0 | G18: 0 | H18: =1-SUM(D18:G18) -> 0
A19: =B18+1 -> 451 | B19: 500 | C19: =14*24*60*60 -> 1209600 | D19: 0 | E19: 1 | F19: 0 | G19: 0 | H19: =1-SUM(D19:G19) -> 0
A20: =B19+1 -> 501 | B20: 550 | C20: =14*24*60*60 -> 1209600 | D20: 0 | E20: 1 | F20: 0 | G20: 0 | H20: =1-SUM(D20:G20) -> 0
A23: 等级 | B23: 升级区间 | C23: 区间内总时间 | D23: 升级时间/s | E23: 总时间/s | F23: 总时间/min | G23: 总时间/h | H23: 总时间/d | I23: 对应关卡 | J23: rexp/秒 | K23: rmoney/秒 | L23: rexp/时 | M23: rmoney/时 | N23: 升级经验 | O23: 总经验 | P23: 真实rmoney/秒
A24: 1 | B24: =MATCH($A24,$A$3:$A$20,1)-1 -> 1 | C24: =INDEX($C$3:$C$20,$B24+1)*(INDEX($D$3:$D$20,$B24+1)+INDEX($E$3:$E$20,$B24+1)*(($A24-INDEX($A$3:$A$20,$B24+1)+1)/(INDEX($B$3:$B$20,B24+1)-INDEX($A$3:$A$20,$B24+1)+1))^1+INDEX($F$3:$F$20,$B24+1)*(($A24-INDEX($A$3:$A$20,$B24+1)+1)/(INDEX($B$3:$B$20,B24+1)-INDEX($A$3:$A$20,$B24+1)+1))^2+INDEX($G$3:$G$20,$B24+1)*(($A24-INDEX($A$3:$A$20,$B24+1)+1)/(INDEX($B$3:$B$20,$B24+1)-INDEX($A$3:$A$20,$B24+1)+1))^3+INDEX($H$3:$H$20,$B24+1)*(($A24-INDEX($A$3:$A$20,$B24+1)+1)/(INDEX($B$3:$B$20,$B24+1)-INDEX($A$3:$A$20,$B24+1)+1))^4) -> 5.025 | D24: =IF(ISNA(MATCH(A24,$A$4:$A$20,0)),C24-C23,C24) -> 5.025 | E24: =SUM($D$24:D24) -> 5.025 | F24: =E24/60 -> 0.08375 | G24: =F24/60 -> 0.0013958333 | H24: =G24/24 -> 5.8159722e-05 | I24: =IF(ISNA(MATCH(H24,关卡!$E$19:$E$2018,1)),0,MATCH(H24,关卡!$E$19:$E$2018,1)) -> 0 | J24: =VLOOKUP($I24,关卡!$A$17:$G$2018,6,0) -> 0.94504503 | K24: =VLOOKUP($I24,关卡!$A$17:$G$2018,7,0) -> 4.5450338 | L24: =J24*60*60 -> 3402.1621 | M24: =K24*60*60 -> 16362.122 | N24: =INT(D24*J24*VLOOKUP(A24,经验产出!$I$7:$J$557,2,0)) -> 4 | P24: =K24*VLOOKUP(A24,金币产出!$I$7:$J$557,2,0) -> 4.5450338
A25: 2 | B25: =MATCH($A25,$A$3:$A$20,1)-1 -> 1 | C25: =INDEX($C$3:$C$20,$B25+1)*(INDEX($D$3:$D$20,$B25+1)+INDEX($E$3:$E$20,$B25+1)*(($A25-INDEX($A$3:$A$20,$B25+1)+1)/(INDEX($B$3:$B$20,B25+1)-INDEX($A$3:$A$20,$B25+1)+1))^1+INDEX($F$3:$F$20,$B25+1)*(($A25-INDEX($A$3:$A$20,$B25+1)+1)/(INDEX($B$3:$B$20,B25+1)-INDEX($A$3:$A$20,$B25+1)+1))^2+INDEX($G$3:$G$20,$B25+1)*(($A25-INDEX($A$3:$A$20,$B25+1)+1)/(INDEX($B$3:$B$20,$B25+1)-INDEX($A$3:$A$20,$B25+1)+1))^3+INDEX($H$3:$H$20,$B25+1)*(($A25-INDEX($A$3:$A$20,$B25+1)+1)/(INDEX($B$3:$B$20,$B25+1)-INDEX($A$3:$A$20,$B25+1)+1))^4) -> 11.1 | D25: =IF(ISNA(MATCH(A25,$A$4:$A$20,0)),C25-C24,C25) -> 6.075 | E25: =SUM($D$24:D25) -> 11.1 | F25: =E25/60 -> 0.185 | G25: =F25/60 -> 0.0030833333 | H25: =G25/24 -> 0.00012847222 | I25: =IF(ISNA(MATCH(H25,关卡!$E$19:$E$2018,1)),0,MATCH(H25,关卡!$E$19:$E$2018,1)) -> 0 | J25: =VLOOKUP($I25,关卡!$A$17:$G$2018,6,0) -> 0.94504503 | K25: =VLOOKUP($I25,关卡!$A$17:$G$2018,7,0) -> 4.5450338 | L25: =J25*60*60 -> 3402.1621 | M25: =K25*60*60 -> 16362.122 | N25: =INT(D25*J25*VLOOKUP(A25,经验产出!$I$7:$J$557,2,0)) -> 5 | O25: =SUM($N$24:N24) -> 4 | P25: =K25*VLOOKUP(A25,金币产出!$I$7:$J$557,2,0) -> 4.5450338
A26: 3 | B26: =MATCH($A26,$A$3:$A$20,1)-1 -> 1 | C26: =INDEX($C$3:$C$20,$B26+1)*(INDEX($D$3:$D$20,$B26+1)+INDEX($E$3:$E$20,$B26+1)*(($A26-INDEX($A$3:$A$20,$B26+1)+1)/(INDEX($B$3:$B$20,B26+1)-INDEX($A$3:$A$20,$B26+1)+1))^1+INDEX($F$3:$F$20,$B26+1)*(($A26-INDEX($A$3:$A$20,$B26+1)+1)/(INDEX($B$3:$B$20,B26+1)-INDEX($A$3:$A$20,$B26+1)+1))^2+INDEX($G$3:$G$20,$B26+1)*(($A26-INDEX($A$3:$A$20,$B26+1)+1)/(INDEX($B$3:$B$20,$B26+1)-INDEX($A$3:$A$20,$B26+1)+1))^3+INDEX($H$3:$H$20,$B26+1)*(($A26-INDEX($A$3:$A$20,$B26+1)+1)/(INDEX($B$3:$B$20,$B26+1)-INDEX($A$3:$A$20,$B26+1)+1))^4) -> 18.225 | D26: =IF(ISNA(MATCH(A26,$A$4:$A$20,0)),C26-C25,C26) -> 7.125 | E26: =SUM($D$24:D26) -> 18.225 | F26: =E26/60 -> 0.30375 | G26: =F26/60 -> 0.0050625 | H26: =G26/24 -> 0.0002109375 | I26: =IF(ISNA(MATCH(H26,关卡!$E$19:$E$2018,1)),0,MATCH(H26,关卡!$E$19:$E$2018,1)) -> 0 | J26: =VLOOKUP($I26,关卡!$A$17:$G$2018,6,0) -> 0.94504503 | K26: =VLOOKUP($I26,关卡!$A$17:$G$2018,7,0) -> 4.5450338 | L26: =J26*60*60 -> 3402.1621 | M26: =K26*60*60 -> 16362.122 | N26: =INT(D26*J26*VLOOKUP(A26,经验产出!$I$7:$J$557,2,0)) -> 6 | O26: =SUM($N$24:N25) -> 9 | P26: =K26*VLOOKUP(A26,金币产出!$I$7:$J$557,2,0) -> 4.5450338
A27: 4 | B27: =MATCH($A27,$A$3:$A$20,1)-1 -> 1 | C27: =INDEX($C$3:$C$20,$B27+1)*(INDEX($D$3:$D$20,$B27+1)+INDEX($E$3:$E$20,$B27+1)*(($A27-INDEX($A$3:$A$20,$B27+1)+1)/(INDEX($B$3:$B$20,B27+1)-INDEX($A$3:$A$20,$B27+1)+1))^1+INDEX($F$3:$F$20,$B27+1)*(($A27-INDEX($A$3:$A$20,$B27+1)+1)/(INDEX($B$3:$B$20,B27+1)-INDEX($A$3:$A$20,$B27+1)+1))^2+INDEX($G$3:$G$20,$B27+1)*(($A27-INDEX($A$3:$A$20,$B27+1)+1)/(INDEX($B$3:$B$20,$B27+1)-INDEX($A$3:$A$20,$B27+1)+1))^3+INDEX($H$3:$H$20,$B27+1)*(($A27-INDEX($A$3:$A$20,$B27+1)+1)/(INDEX($B$3:$B$20,$B27+1)-INDEX($A$3:$A$20,$B27+1)+1))^4) -> 26.4 | D27: =IF(ISNA(MATCH(A27,$A$4:$A$20,0)),C27-C26,C27) -> 8.175 | E27: =SUM($D$24:D27) -> 26.4 | F27: =E27/60 -> 0.44 | G27: =F27/60 -> 0.0073333333 | H27: =G27/24 -> 0.00030555556 | I27: =IF(ISNA(MATCH(H27,关卡!$E$19:$E$2018,1)),0,MATCH(H27,关卡!$E$19:$E$2018,1)) -> 0 | J27: =VLOOKUP($I27,关卡!$A$17:$G$2018,6,0) -> 0.94504503 | K27: =VLOOKUP($I27,关卡!$A$17:$G$2018,7,0) -> 4.5450338 | L27: =J27*60*60 -> 3402.1621 | M27: =K27*60*60 -> 16362.122 | N27: =INT(D27*J27*VLOOKUP(A27,经验产出!$I$7:$J$557,2,0)) -> 7 | O27: =SUM($N$24:N26) -> 15 | P27: =K27*VLOOKUP(A27,金币产出!$I$7:$J$557,2,0) -> 4.5450338
A28: 5 | B28: =MATCH($A28,$A$3:$A$20,1)-1 -> 1 | C28: =INDEX($C$3:$C$20,$B28+1)*(INDEX($D$3:$D$20,$B28+1)+INDEX($E$3:$E$20,$B28+1)*(($A28-INDEX($A$3:$A$20,$B28+1)+1)/(INDEX($B$3:$B$20,B28+1)-INDEX($A$3:$A$20,$B28+1)+1))^1+INDEX($F$3:$F$20,$B28+1)*(($A28-INDEX($A$3:$A$20,$B28+1)+1)/(INDEX($B$3:$B$20,B28+1)-INDEX($A$3:$A$20,$B28+1)+1))^2+INDEX($G$3:$G$20,$B28+1)*(($A28-INDEX($A$3:$A$20,$B28+1)+1)/(INDEX($B$3:$B$20,$B28+1)-INDEX($A$3:$A$20,$B28+1)+1))^3+INDEX($H$3:$H$20,$B28+1)*(($A28-INDEX($A$3:$A$20,$B28+1)+1)/(INDEX($B$3:$B$20,$B28+1)-INDEX($A$3:$A$20,$B28+1)+1))^4) -> 35.625 | D28: =IF(ISNA(MATCH(A28,$A$4:$A$20,0)),C28-C27,C28) -> 9.225 | E28: =SUM($D$24:D28) -> 35.625 | F28: =E28/60 -> 0.59375 | G28: =F28/60 -> 0.0098958333 | H28: =G28/24 -> 0.00041232639 | I28: =IF(ISNA(MATCH(H28,关卡!$E$19:$E$2018,1)),0,MATCH(H28,关卡!$E$19:$E$2018,1)) -> 0 | J28: =VLOOKUP($I28,关卡!$A$17:$G$2018,6,0) -> 0.94504503 | K28: =VLOOKUP($I28,关卡!$A$17:$G$2018,7,0) -> 4.5450338 | L28: =J28*60*60 -> 3402.1621 | M28: =K28*60*60 -> 16362.122 | N28: =INT(D28*J28*VLOOKUP(A28,经验产出!$I$7:$J$557,2,0)) -> 8 | O28: =SUM($N$24:N27) -> 22 | P28: =K28*VLOOKUP(A28,金币产出!$I$7:$J$557,2,0) -> 4.5450338
A29: 6 | B29: =MATCH($A29,$A$3:$A$20,1)-1 -> 1 | C29: =INDEX($C$3:$C$20,$B29+1)*(INDEX($D$3:$D$20,$B29+1)+INDEX($E$3:$E$20,$B29+1)*(($A29-INDEX($A$3:$A$20,$B29+1)+1)/(INDEX($B$3:$B$20,B29+1)-INDEX($A$3:$A$20,$B29+1)+1))^1+INDEX($F$3:$F$20,$B29+1)*(($A29-INDEX($A$3:$A$20,$B29+1)+1)/(INDEX($B$3:$B$20,B29+1)-INDEX($A$3:$A$20,$B29+1)+1))^2+INDEX($G$3:$G$20,$B29+1)*(($A29-INDEX($A$3:$A$20,$B29+1)+1)/(INDEX($B$3:$B$20,$B29+1)-INDEX($A$3:$A$20,$B29+1)+1))^3+INDEX($H$3:$H$20,$B29+1)*(($A29-INDEX($A$3:$A$20,$B29+1)+1)/(INDEX($B$3:$B$20,$B29+1)-INDEX($A$3:$A$20,$B29+1)+1))^4) -> 45.9 | D29: =IF(ISNA(MATCH(A29,$A$4:$A$20,0)),C29-C28,C29) -> 10.275 | E29: =SUM($D$24:D29) -> 45.9 | F29: =E29/60 -> 0.765 | G29: =F29/60 -> 0.01275 | H29: =G29/24 -> 0.00053125 | I29: =IF(ISNA(MATCH(H29,关卡!$E$19:$E$2018,1)),0,MATCH(H29,关卡!$E$19:$E$2018,1)) -> 0 | J29: =VLOOKUP($I29,关卡!$A$17:$G$2018,6,0) -> 0.94504503 | K29: =VLOOKUP($I29,关卡!$A$17:$G$2018,7,0) -> 4.5450338 | L29: =J29*60*60 -> 3402.1621 | M29: =K29*60*60 -> 16362.122 | N29: =INT(D29*J29*VLOOKUP(A29,经验产出!$I$7:$J$557,2,0)) -> 9 | O29: =SUM($N$24:N28) -> 30 | P29: =K29*VLOOKUP(A29,金币产出!$I$7:$J$557,2,0) -> 4.5450338
A30: 7 | B30: =MATCH($A30,$A$3:$A$20,1)-1 -> 1 | C30: =INDEX($C$3:$C$20,$B30+1)*(INDEX($D$3:$D$20,$B30+1)+INDEX($E$3:$E$20,$B30+1)*(($A30-INDEX($A$3:$A$20,$B30+1)+1)/(INDEX($B$3:$B$20,B30+1)-INDEX($A$3:$A$20,$B30+1)+1))^1+INDEX($F$3:$F$20,$B30+1)*(($A30-INDEX($A$3:$A$20,$B30+1)+1)/(INDEX($B$3:$B$20,B30+1)-INDEX($A$3:$A$20,$B30+1)+1))^2+INDEX($G$3:$G$20,$B30+1)*(($A30-INDEX($A$3:$A$20,$B30+1)+1)/(INDEX($B$3:$B$20,$B30+1)-INDEX($A$3:$A$20,$B30+1)+1))^3+INDEX($H$3:$H$20,$B30+1)*(($A30-INDEX($A$3:$A$20,$B30+1)+1)/(INDEX($B$3:$B$20,$B30+1)-INDEX($A$3:$A$20,$B30+1)+1))^4) -> 57.225 | D30: =IF(ISNA(MATCH(A30,$A$4:$A$20,0)),C30-C29,C30) -> 11.325 | E30: =SUM($D$24:D30) -> 57.225 | F30: =E30/60 -> 0.95375 | G30: =F30/60 -> 0.015895833 | H30: =G30/24 -> 0.00066232639 | I30: =IF(ISNA(MATCH(H30,关卡!$E$19:$E$2018,1)),0,MATCH(H30,关卡!$E$19:$E$2018,1)) -> 0 | J30: =VLOOKUP($I30,关卡!$A$17:$G$2018,6,0) -> 0.94504503 | K30: =VLOOKUP($I30,关卡!$A$17:$G$2018,7,0) -> 4.5450338 | L30: =J30*60*60 -> 3402.1621 | M30: =K30*60*60 -> 16362.122 | N30: =INT(D30*J30*VLOOKUP(A30,经验产出!$I$7:$J$557,2,0)) -> 10 | O30: =SUM($N$24:N29) -> 39 | P30: =K30*VLOOKUP(A30,金币产出!$I$7:$J$557,2,0) -> 4.5450338
A31: 8 | B31: =MATCH($A31,$A$3:$A$20,1)-1 -> 1 | C31: =INDEX($C$3:$C$20,$B31+1)*(INDEX($D$3:$D$20,$B31+1)+INDEX($E$3:$E$20,$B31+1)*(($A31-INDEX($A$3:$A$20,$B31+1)+1)/(INDEX($B$3:$B$20,B31+1)-INDEX($A$3:$A$20,$B31+1)+1))^1+INDEX($F$3:$F$20,$B31+1)*(($A31-INDEX($A$3:$A$20,$B31+1)+1)/(INDEX($B$3:$B$20,B31+1)-INDEX($A$3:$A$20,$B31+1)+1))^2+INDEX($G$3:$G$20,$B31+1)*(($A31-INDEX($A$3:$A$20,$B31+1)+1)/(INDEX($B$3:$B$20,$B31+1)-INDEX($A$3:$A$20,$B31+1)+1))^3+INDEX($H$3:$H$20,$B31+1)*(($A31-INDEX($A$3:$A$20,$B31+1)+1)/(INDEX($B$3:$B$20,$B31+1)-INDEX($A$3:$A$20,$B31+1)+1))^4) -> 69.6 | D31: =IF(ISNA(MATCH(A31,$A$4:$A$20,0)),C31-C30,C31) -> 12.375 | E31: =SUM($D$24:D31) -> 69.6 | F31: =E31/60 -> 1.16 | G31: =F31/60 -> 0.019333333 | H31: =G31/24 -> 0.00080555556 | I31: =IF(ISNA(MATCH(H31,关卡!$E$19:$E$2018,1)),0,MATCH(H31,关卡!$E$19:$E$2018,1)) -> 0 | J31: =VLOOKUP($I31,关卡!$A$17:$G$2018,6,0) -> 0.94504503 | K31: =VLOOKUP($I31,关卡!$A$17:$G$2018,7,0) -> 4.5450338 | L31: =J31*60*60 -> 3402.1621 | M31: =K31*60*60 -> 16362.122 | N31: =INT(D31*J31*VLOOKUP(A31,经验产出!$I$7:$J$557,2,0)) -> 11 | O31: =SUM($N$24:N30) -> 49 | P31: =K31*VLOOKUP(A31,金币产出!$I$7:$J$557,2,0) -> 4.5450338
A32: 9 | B32: =MATCH($A32,$A$3:$A$20,1)-1 -> 1 | C32: =INDEX($C$3:$C$20,$B32+1)*(INDEX($D$3:$D$20,$B32+1)+INDEX($E$3:$E$20,$B32+1)*(($A32-INDEX($A$3:$A$20,$B32+1)+1)/(INDEX($B$3:$B$20,B32+1)-INDEX($A$3:$A$20,$B32+1)+1))^1+INDEX($F$3:$F$20,$B32+1)*(($A32-INDEX($A$3:$A$20,$B32+1)+1)/(INDEX($B$3:$B$20,B32+1)-INDEX($A$3:$A$20,$B32+1)+1))^2+INDEX($G$3:$G$20,$B32+1)*(($A32-INDEX($A$3:$A$20,$B32+1)+1)/(INDEX($B$3:$B$20,$B32+1)-INDEX($A$3:$A$20,$B32+1)+1))^3+INDEX($H$3:$H$20,$B32+1)*(($A32-INDEX($A$3:$A$20,$B32+1)+1)/(INDEX($B$3:$B$20,$B32+1)-INDEX($A$3:$A$20,$B32+1)+1))^4) -> 83.025 | D32: =IF(ISNA(MATCH(A32,$A$4:$A$20,0)),C32-C31,C32) -> 13.425 | E32: =SUM($D$24:D32) -> 83.025 | F32: =E32/60 -> 1.38375 | G32: =F32/60 -> 0.0230625 | H32: =G32/24 -> 0.0009609375 | I32: =IF(ISNA(MATCH(H32,关卡!$E$19:$E$2018,1)),0,MATCH(H32,关卡!$E$19:$E$2018,1)) -> 0 | J32: =VLOOKUP($I32,关卡!$A$17:$G$2018,6,0) -> 0.94504503 | K32: =VLOOKUP($I32,关卡!$A$17:$G$2018,7,0) -> 4.5450338 | L32: =J32*60*60 -> 3402.1621 | M32: =K32*60*60 -> 16362.122 | N32: =INT(D32*J32*VLOOKUP(A32,经验产出!$I$7:$J$557,2,0)) -> 12 | O32: =SUM($N$24:N31) -> 60 | P32: =K32*VLOOKUP(A32,金币产出!$I$7:$J$557,2,0) -> 4.5450338
A33: 10 | B33: =MATCH($A33,$A$3:$A$20,1)-1 -> 1 | C33: =INDEX($C$3:$C$20,$B33+1)*(INDEX($D$3:$D$20,$B33+1)+INDEX($E$3:$E$20,$B33+1)*(($A33-INDEX($A$3:$A$20,$B33+1)+1)/(INDEX($B$3:$B$20,B33+1)-INDEX($A$3:$A$20,$B33+1)+1))^1+INDEX($F$3:$F$20,$B33+1)*(($A33-INDEX($A$3:$A$20,$B33+1)+1)/(INDEX($B$3:$B$20,B33+1)-INDEX($A$3:$A$20,$B33+1)+1))^2+INDEX($G$3:$G$20,$B33+1)*(($A33-INDEX($A$3:$A$20,$B33+1)+1)/(INDEX($B$3:$B$20,$B33+1)-INDEX($A$3:$A$20,$B33+1)+1))^3+INDEX($H$3:$H$20,$B33+1)*(($A33-INDEX($A$3:$A$20,$B33+1)+1)/(INDEX($B$3:$B$20,$B33+1)-INDEX($A$3:$A$20,$B33+1)+1))^4) -> 97.5 | D33: =IF(ISNA(MATCH(A33,$A$4:$A$20,0)),C33-C32,C33) -> 14.475 | E33: =SUM($D$24:D33) -> 97.5 | F33: =E33/60 -> 1.625 | G33: =F33/60 -> 0.027083333 | H33: =G33/24 -> 0.0011284722 | I33: =IF(ISNA(MATCH(H33,关卡!$E$19:$E$2018,1)),0,MATCH(H33,关卡!$E$19:$E$2018,1)) -> 0 | J33: =VLOOKUP($I33,关卡!$A$17:$G$2018,6,0) -> 0.94504503 | K33: =VLOOKUP($I33,关卡!$A$17:$G$2018,7,0) -> 4.5450338 | L33: =J33*60*60 -> 3402.1621 | M33: =K33*60*60 -> 16362.122 | N33: =INT(D33*J33*VLOOKUP(A33,经验产出!$I$7:$J$557,2,0)) -> 13 | O33: =SUM($N$24:N32) -> 72 | P33: =K33*VLOOKUP(A33,金币产出!$I$7:$J$557,2,0) -> 4.5450338
A34: 11 | B34: =MATCH($A34,$A$3:$A$20,1)-1 -> 1 | C34: =INDEX($C$3:$C$20,$B34+1)*(INDEX($D$3:$D$20,$B34+1)+INDEX($E$3:$E$20,$B34+1)*(($A34-INDEX($A$3:$A$20,$B34+1)+1)/(INDEX($B$3:$B$20,B34+1)-INDEX($A$3:$A$20,$B34+1)+1))^1+INDEX($F$3:$F$20,$B34+1)*(($A34-INDEX($A$3:$A$20,$B34+1)+1)/(INDEX($B$3:$B$20,B34+1)-INDEX($A$3:$A$20,$B34+1)+1))^2+INDEX($G$3:$G$20,$B34+1)*(($A34-INDEX($A$3:$A$20,$B34+1)+1)/(INDEX($B$3:$B$20,$B34+1)-INDEX($A$3:$A$20,$B34+1)+1))^3+INDEX($H$3:$H$20,$B34+1)*(($A34-INDEX($A$3:$A$20,$B34+1)+1)/(INDEX($B$3:$B$20,$B34+1)-INDEX($A$3:$A$20,$B34+1)+1))^4) -> 113.025 | D34: =IF(ISNA(MATCH(A34,$A$4:$A$20,0)),C34-C33,C34) -> 15.525 | E34: =SUM($D$24:D34) -> 113.025 | F34: =E34/60 -> 1.88375 | G34: =F34/60 -> 0.031395833 | H34: =G34/24 -> 0.0013081597 | I34: =IF(ISNA(MATCH(H34,关卡!$E$19:$E$2018,1)),0,MATCH(H34,关卡!$E$19:$E$2018,1)) -> 0 | J34: =VLOOKUP($I34,关卡!$A$17:$G$2018,6,0) -> 0.94504503 | K34: =VLOOKUP($I34,关卡!$A$17:$G$2018,7,0) -> 4.5450338 | L34: =J34*60*60 -> 3402.1621 | M34: =K34*60*60 -> 16362.122 | N34: =INT(D34*J34*VLOOKUP(A34,经验产出!$I$7:$J$557,2,0)) -> 14 | O34: =SUM($N$24:N33) -> 85 | P34: =K34*VLOOKUP(A34,金币产出!$I$7:$J$557,2,0) -> 4.5450338
A35: 12 | B35: =MATCH($A35,$A$3:$A$20,1)-1 -> 1 | C35: =INDEX($C$3:$C$20,$B35+1)*(INDEX($D$3:$D$20,$B35+1)+INDEX($E$3:$E$20,$B35+1)*(($A35-INDEX($A$3:$A$20,$B35+1)+1)/(INDEX($B$3:$B$20,B35+1)-INDEX($A$3:$A$20,$B35+1)+1))^1+INDEX($F$3:$F$20,$B35+1)*(($A35-INDEX($A$3:$A$20,$B35+1)+1)/(INDEX($B$3:$B$20,B35+1)-INDEX($A$3:$A$20,$B35+1)+1))^2+INDEX($G$3:$G$20,$B35+1)*(($A35-INDEX($A$3:$A$20,$B35+1)+1)/(INDEX($B$3:$B$20,$B35+1)-INDEX($A$3:$A$20,$B35+1)+1))^3+INDEX($H$3:$H$20,$B35+1)*(($A35-INDEX($A$3:$A$20,$B35+1)+1)/(INDEX($B$3:$B$20,$B35+1)-INDEX($A$3:$A$20,$B35+1)+1))^4) -> 129.6 | D35: =IF(ISNA(MATCH(A35,$A$4:$A$20,0)),C35-C34,C35) -> 16.575 | E35: =SUM($D$24:D35) -> 129.6 | F35: =E35/60 -> 2.16 | G35: =F35/60 -> 0.036 | H35: =G35/24 -> 0.0015 | I35: =IF(ISNA(MATCH(H35,关卡!$E$19:$E$2018,1)),0,MATCH(H35,关卡!$E$19:$E$2018,1)) -> 0 | J35: =VLOOKUP($I35,关卡!$A$17:$G$2018,6,0) -> 0.94504503 | K35: =VLOOKUP($I35,关卡!$A$17:$G$2018,7,0) -> 4.5450338 | L35: =J35*60*60 -> 3402.1621 | M35: =K35*60*60 -> 16362.122 | N35: =INT(D35*J35*VLOOKUP(A35,经验产出!$I$7:$J$557,2,0)) -> 15 | O35: =SUM($N$24:N34) -> 99 | P35: =K35*VLOOKUP(A35,金币产出!$I$7:$J$557,2,0) -> 4.5450338
A36: 13 | B36: =MATCH($A36,$A$3:$A$20,1)-1 -> 1 | C36: =INDEX($C$3:$C$20,$B36+1)*(INDEX($D$3:$D$20,$B36+1)+INDEX($E$3:$E$20,$B36+1)*(($A36-INDEX($A$3:$A$20,$B36+1)+1)/(INDEX($B$3:$B$20,B36+1)-INDEX($A$3:$A$20,$B36+1)+1))^1+INDEX($F$3:$F$20,$B36+1)*(($A36-INDEX($A$3:$A$20,$B36+1)+1)/(INDEX($B$3:$B$20,B36+1)-INDEX($A$3:$A$20,$B36+1)+1))^2+INDEX($G$3:$G$20,$B36+1)*(($A36-INDEX($A$3:$A$20,$B36+1)+1)/(INDEX($B$3:$B$20,$B36+1)-INDEX($A$3:$A$20,$B36+1)+1))^3+INDEX($H$3:$H$20,$B36+1)*(($A36-INDEX($A$3:$A$20,$B36+1)+1)/(INDEX($B$3:$B$20,$B36+1)-INDEX($A$3:$A$20,$B36+1)+1))^4) -> 147.225 | D36: =IF(ISNA(MATCH(A36,$A$4:$A$20,0)),C36-C35,C36) -> 17.625 | E36: =SUM($D$24:D36) -> 147.225 | F36: =E36/60 -> 2.45375 | G36: =F36/60 -> 0.040895833 | H36: =G36/24 -> 0.0017039931 | I36: =IF(ISNA(MATCH(H36,关卡!$E$19:$E$2018,1)),0,MATCH(H36,关卡!$E$19:$E$2018,1)) -> 0 | J36: =VLOOKUP($I36,关卡!$A$17:$G$2018,6,0) -> 0.94504503 | K36: =VLOOKUP($I36,关卡!$A$17:$G$2018,7,0) -> 4.5450338 | L36: =J36*60*60 -> 3402.1621 | M36: =K36*60*60 -> 16362.122 | N36: =INT(D36*J36*VLOOKUP(A36,经验产出!$I$7:$J$557,2,0)) -> 16 | O36: =SUM($N$24:N35) -> 114 | P36: =K36*VLOOKUP(A36,金币产出!$I$7:$J$557,2,0) -> 4.5450338
... A573: 550 | B573: =MATCH($A573,$A$3:$A$20,1)-1 -> 17 | C573: =INDEX($C$3:$C$20,$B573+1)*(INDEX($D$3:$D$20,$B573+1)+INDEX($E$3:$E$20,$B573+1)*(($A573-INDEX($A$3:$A$20,$B573+1)+1)/(INDEX($B$3:$B$20,B573+1)-INDEX($A$3:$A$20,$B573+1)+1))^1+INDEX($F$3:$F$20,$B573+1)*(($A573-INDEX($A$3:$A$20,$B573+1)+1)/(INDEX($B$3:$B$20,B573+1)-INDEX($A$3:$A$20,$B573+1)+1))^2+INDEX($G$3:$G$20,$B573+1)*(($A573-INDEX($A$3:$A$20,$B573+1)+1)/(INDEX($B$3:$B$20,$B573+1)-INDEX($A$3:$A$20,$B573+1)+1))^3+INDEX($H$3:$H$20,$B573+1)*(($A573-INDEX($A$3:$A$20,$B573+1)+1)/(INDEX($B$3:$B$20,$B573+1)-INDEX($A$3:$A$20,$B573+1)+1))^4) -> 1209600 | D573: =IF(ISNA(MATCH(A573,$A$4:$A$20,0)),C573-C572,C573) -> 24192 | E573: =SUM($D$24:D573) -> 4610700 | F573: =E573/60 -> 76845 | G573: =F573/60 -> 1280.75 | H573: =G573/24 -> 53.364583 | I573: =IF(ISNA(MATCH(H573,关卡!$E$19:$E$2018,1)),0,MATCH(H573,关卡!$E$19:$E$2018,1)) -> 1677 | J573: =VLOOKUP($I573,关卡!$A$17:$G$2018,6,0) -> 599.56233 | K573: =VLOOKUP($I573,关卡!$A$17:$G$2018,7,0) -> 329.70335 | L573: =J573*60*60 -> 2158424.4 | M573: =K573*60*60 -> 1186932.1 | N573: =INT(D573*J573*VLOOKUP(A573,经验产出!$I$7:$J$557,2,0)) -> 67335645 | O573: =SUM($N$24:N572) -> 6354309388 | P573: =K573*VLOOKUP(A573,金币产出!$I$7:$J$557,2,0) -> 1185.5583

Sheet 经验产出
B2: 非R | I2: 人物经验过渡曲线
A3: 玩法 | B3: 单次效率 | C3: 每天次数 | D3: 每次时间/s | E3: 总经验 | F3: 占比 | G3: 经验效率 | I3: 开始等级 | J3: 结束等级 | K3: 初始值 | L3: 参数1 | M3: 参数2 | N3: 参数3 | O3: 参数4 | Q3: 每日产出占比 | S3: 时间经验
A4: 挂机 | B4: 1.5 | C4: 1 | D4: =24*60*60 -> 86400 | E4: =B4*D4*C4 -> 129600 | F4: =E4/SUM($E$4:$E$11) -> 0.32311144 | G4: =SUM(E4:E11)/(24*60*60) -> 4.6423611 | I4: 20 | J4: 100 | K4: 0 | L4: 0.1 | M4: 0.2 | N4: 0.3 | O4: =1-SUM(K4:N4) -> 0.4 | Q4: 挂机 | R4: =F4 -> 0.32311144 | S4: =24*R4 -> 7.7546746
A5: 每日任务环 | B5: 220 | C5: 1 | D5: =5*60 -> 300 | E5: =B5*D5*C5 -> 66000 | F5: =E5/SUM($E$4:$E$11) -> 0.16454749 | Q5: 玩法 | R5: =SUM(F5:F11) -> 0.67688856 | S5: =24*R5 -> 16.245325
A6: 经验副本 | B6: 700 | C6: 1 | D6: 90 | E6: =B6*D6*C6 -> 63000 | F6: =E6/SUM($E$4:$E$11) -> 0.15706806
A7: 组队副本 | B7: 550 | C7: 1 | D7: =2*60 -> 120 | E7: =B7*D7*C7 -> 66000 | F7: =E7/SUM($E$4:$E$11) -> 0.16454749 | I7: 玩家等级 | J7: 经验效率
A8: 答题（12：00~12:15） | B8: 180 | C8: 0.5 | D8: =7.5*60 -> 450 | E8: =B8*D8*C8 -> 40500 | F8: =E8/SUM($E$4:$E$11) -> 0.10097233 | I8: 1 | J8: =IF(I8<$I$4,1,IF(I8>$J$4,$G$4,($G$4-1)*($K$4+$L$4*((I8-$I$4)/($J$4-$I$4))^1+$M$4*((I8-$I$4)/($J$4-$I$4))^2+$N$4*((I8-$I$4)/($J$4-$I$4))^3+$O$4*((I8-$I$4)/($J$4-$I$4))^4)+1)) -> 1
A9: 活动（20：00~20:15） | B9: 0 | C9: 1 | D9: =10*60 -> 600 | E9: =B9*D9*C9 -> 0 | F9: =E9/SUM($E$4:$E$11) -> 0 | I9: 2 | J9: =IF(I9<$I$4,1,IF(I9>$J$4,$G$4,($G$4-1)*($K$4+$L$4*((I9-$I$4)/($J$4-$I$4))^1+$M$4*((I9-$I$4)/($J$4-$I$4))^2+$N$4*((I9-$I$4)/($J$4-$I$4))^3+$O$4*((I9-$I$4)/($J$4-$I$4))^4)+1)) -> 1
A10: 活动（20：30~20:45） | B10: 0 | C10: 1 | D10: =10*60 -> 600 | E10: =B10*D10*C10 -> 0 | F10: =E10/SUM($E$4:$E$11) -> 0 | I10: 3 | J10: =IF(I10<$I$4,1,IF(I10>$J$4,$G$4,($G$4-1)*($K$4+$L$4*((I10-$I$4)/($J$4-$I$4))^1+$M$4*((I10-$I$4)/($J$4-$I$4))^2+$N$4*((I10-$I$4)/($J$4-$I$4))^3+$O$4*((I10-$I$4)/($J$4-$I$4))^4)+1)) -> 1
A11: 温泉（21：00~21:15） | B11: 80 | C11: 0.5 | D11: =15*60 -> 900 | E11: =B11*D11*C11 -> 36000 | F11: =E11/SUM($E$4:$E$11) -> 0.089753179 | I11: 4 | J11: =IF(I11<$I$4,1,IF(I11>$J$4,$G$4,($G$4-1)*($K$4+$L$4*((I11-$I$4)/($J$4-$I$4))^1+$M$4*((I11-$I$4)/($J$4-$I$4))^2+$N$4*((I11-$I$4)/($J$4-$I$4))^3+$O$4*((I11-$I$4)/($J$4-$I$4))^4)+1)) -> 1
I12: 5 | J12: =IF(I12<$I$4,1,IF(I12>$J$4,$G$4,($G$4-1)*($K$4+$L$4*((I12-$I$4)/($J$4-$I$4))^1+$M$4*((I12-$I$4)/($J$4-$I$4))^2+$N$4*((I12-$I$4)/($J$4-$I$4))^3+$O$4*((I12-$I$4)/($J$4-$I$4))^4)+1)) -> 1
I13: 6 | J13: =IF(I13<$I$4,1,IF(I13>$J$4,$G$4,($G$4-1)*($K$4+$L$4*((I13-$I$4)/($J$4-$I$4))^1+$M$4*((I13-$I$4)/($J$4-$I$4))^2+$N$4*((I13-$I$4)/($J$4-$I$4))^3+$O$4*((I13-$I$4)/($J$4-$I$4))^4)+1)) -> 1
I14: 7 | J14: =IF(I14<$I$4,1,IF(I14>$J$4,$G$4,($G$4-1)*($K$4+$L$4*((I14-$I$4)/($J$4-$I$4))^1+$M$4*((I14-$I$4)/($J$4-$I$4))^2+$N$4*((I14-$I$4)/($J$4-$I$4))^3+$O$4*((I14-$I$4)/($J$4-$I$4))^4)+1)) -> 1
I15: 8 | J15: =IF(I15<$I$4,1,IF(I15>$J$4,$G$4,($G$4-1)*($K$4+$L$4*((I15-$I$4)/($J$4-$I$4))^1+$M$4*((I15-$I$4)/($J$4-$I$4))^2+$N$4*((I15-$I$4)/($J$4-$I$4))^3+$O$4*((I15-$I$4)/($J$4-$I$4))^4)+1)) -> 1
I16: 9 | J16: =IF(I16<$I$4,1,IF(I16>$J$4,$G$4,($G$4-1)*($K$4+$L$4*((I16-$I$4)/($J$4-$I$4))^1+$M$4*((I16-$I$4)/($J$4-$I$4))^2+$N$4*((I16-$I$4)/($J$4-$I$4))^3+$O$4*((I16-$I$4)/($J$4-$I$4))^4)+1)) -> 1
I17: 10 | J17: =IF(I17<$I$4,1,IF(I17>$J$4,$G$4,($G$4-1)*($K$4+$L$4*((I17-$I$4)/($J$4-$I$4))^1+$M$4*((I17-$I$4)/($J$4-$I$4))^2+$N$4*((I17-$I$4)/($J$4-$I$4))^3+$O$4*((I17-$I$4)/($J$4-$I$4))^4)+1)) -> 1
I18: 11 | J18: =IF(I18<$I$4,1,IF(I18>$J$4,$G$4,($G$4-1)*($K$4+$L$4*((I18-$I$4)/($J$4-$I$4))^1+$M$4*((I18-$I$4)/($J$4-$I$4))^2+$N$4*((I18-$I$4)/($J$4-$I$4))^3+$O$4*((I18-$I$4)/($J$4-$I$4))^4)+1)) -> 1
I19: 12 | J19: =IF(I19<$I$4,1,IF(I19>$J$4,$G$4,($G$4-1)*($K$4+$L$4*((I19-$I$4)/($J$4-$I$4))^1+$M$4*((I19-$I$4)/($J$4-$I$4))^2+$N$4*((I19-$I$4)/($J$4-$I$4))^3+$O$4*((I19-$I$4)/($J$4-$I$4))^4)+1)) -> 1
I20: 13 | J20: =IF(I20<$I$4,1,IF(I20>$J$4,$G$4,($G$4-1)*($K$4+$L$4*((I20-$I$4)/($J$4-$I$4))^1+$M$4*((I20-$I$4)/($J$4-$I$4))^2+$N$4*((I20-$I$4)/($J$4-$I$4))^3+$O$4*((I20-$I$4)/($J$4-$I$4))^4)+1)) -> 1
I21: 14 | J21: =IF(I21<$I$4,1,IF(I21>$J$4,$G$4,($G$4-1)*($K$4+$L$4*((I21-$I$4)/($J$4-$I$4))^1+$M$4*((I21-$I$4)/($J$4-$I$4))^2+$N$4*((I21-$I$4)/($J$4-$I$4))^3+$O$4*((I21-$I$4)/($J$4-$I$4))^4)+1)) -> 1
I22: 15 | J22: =IF(I22<$I$4,1,IF(I22>$J$4,$G$4,($G$4-1)*($K$4+$L$4*((I22-$I$4)/($J$4-$I$4))^1+$M$4*((I22-$I$4)/($J$4-$I$4))^2+$N$4*((I22-$I$4)/($J$4-$I$4))^3+$O$4*((I22-$I$4)/($J$4-$I$4))^4)+1)) -> 1
I23: 16 | J23: =IF(I23<$I$4,1,IF(I23>$J$4,$G$4,($G$4-1)*($K$4+$L$4*((I23-$I$4)/($J$4-$I$4))^1+$M$4*((I23-$I$4)/($J$4-$I$4))^2+$N$4*((I23-$I$4)/($J$4-$I$4))^3+$O$4*((I23-$I$4)/($J$4-$I$4))^4)+1)) -> 1
... I557: 550 | J557: =IF(I557<$I$4,1,IF(I557>$J$4,$G$4,($G$4-1)*($K$4+$L$4*((I557-$I$4)/($J$4-$I$4))^1+$M$4*((I557-$I$4)/($J$4-$I$4))^2+$N$4*((I557-$I$4)/($J$4-$I$4))^3+$O$4*((I557-$I$4)/($J$4-$I$4))^4)+1)) -> 4.6423611

Sheet 金币产出
B2: 非R | I2: 人物经验过渡曲线
A3: 玩法 | B3: 单次效率 | C3: 每天次数 | D3: 每次时间/s | E3: 总金币 | F3: 占比 | G3: 经验效率 | I3: 开始等级 | J3: 结束等级 | K3: 初始值 | L3: 参数1 | M3: 参数2 | N3: 参数3 | O3: 参数4
A4: 挂机 | B4: 1.2 | C4: 1 | D4: =24*60*60 -> 86400 | E4: =B4*D4*C4 -> 103680 | F4: =E4/SUM($E$4:$E$11) -> 0.33371958 | G4: =SUM(E4:E11)/(24*60*60) -> 3.5958333 | I4: 20 | J4: 100 | K4: 0 | L4: 0.1 | M4: 0.2 | N4: 0.3 | O4: =1-SUM(K4:N4) -> 0.4
A5: 每日任务环 | B5: 170 | C5: 1 | D5: =5*60 -> 300 | E5: =B5*D5*C5 -> 51000 | F5: =E5/SUM($E$4:$E$11) -> 0.16415604
A6: 金币材料副本 | B6: 1700 | C6: 2 | D6: =0.5*60 -> 30 | E6: =B6*D6*C6 -> 102000 | F6: =E6/SUM($E$4:$E$11) -> 0.32831209
A7: 接财神（12：00~12:15） | B7: 240 | C7: 0.5 | D7: =7.5*60 -> 450 | E7: =B7*D7*C7 -> 54000 | F7: =E7/SUM($E$4:$E$11) -> 0.17381228 | I7: 玩家等级 | J7: 金币效率
I8: 1 | J8: =IF(I8<$I$4,1,IF(I8>$J$4,$G$4,($G$4-1)*($K$4+$L$4*((I8-$I$4)/($J$4-$I$4))^1+$M$4*((I8-$I$4)/($J$4-$I$4))^2+$N$4*((I8-$I$4)/($J$4-$I$4))^3+$O$4*((I8-$I$4)/($J$4-$I$4))^4)+1)) -> 1
I9: 2 | J9: =IF(I9<$I$4,1,IF(I9>$J$4,$G$4,($G$4-1)*($K$4+$L$4*((I9-$I$4)/($J$4-$I$4))^1+$M$4*((I9-$I$4)/($J$4-$I$4))^2+$N$4*((I9-$I$4)/($J$4-$I$4))^3+$O$4*((I9-$I$4)/($J$4-$I$4))^4)+1)) -> 1
I10: 3 | J10: =IF(I10<$I$4,1,IF(I10>$J$4,$G$4,($G$4-1)*($K$4+$L$4*((I10-$I$4)/($J$4-$I$4))^1+$M$4*((I10-$I$4)/($J$4-$I$4))^2+$N$4*((I10-$I$4)/($J$4-$I$4))^3+$O$4*((I10-$I$4)/($J$4-$I$4))^4)+1)) -> 1
I11: 4 | J11: =IF(I11<$I$4,1,IF(I11>$J$4,$G$4,($G$4-1)*($K$4+$L$4*((I11-$I$4)/($J$4-$I$4))^1+$M$4*((I11-$I$4)/($J$4-$I$4))^2+$N$4*((I11-$I$4)/($J$4-$I$4))^3+$O$4*((I11-$I$4)/($J$4-$I$4))^4)+1)) -> 1
I12: 5 | J12: =IF(I12<$I$4,1,IF(I12>$J$4,$G$4,($G$4-1)*($K$4+$L$4*((I12-$I$4)/($J$4-$I$4))^1+$M$4*((I12-$I$4)/($J$4-$I$4))^2+$N$4*((I12-$I$4)/($J$4-$I$4))^3+$O$4*((I12-$I$4)/($J$4-$I$4))^4)+1)) -> 1
I13: 6 | J13: =IF(I13<$I$4,1,IF(I13>$J$4,$G$4,($G$4-1)*($K$4+$L$4*((I13-$I$4)/($J$4-$I$4))^1+$M$4*((I13-$I$4)/($J$4-$I$4))^2+$N$4*((I13-$I$4)/($J$4-$I$4))^3+$O$4*((I13-$I$4)/($J$4-$I$4))^4)+1)) -> 1
I14: 7 | J14: =IF(I14<$I$4,1,IF(I14>$J$4,$G$4,($G$4-1)*($K$4+$L$4*((I14-$I$4)/($J$4-$I$4))^1+$M$4*((I14-$I$4)/($J$4-$I$4))^2+$N$4*((I14-$I$4)/($J$4-$I$4))^3+$O$4*((I14-$I$4)/($J$4-$I$4))^4)+1)) -> 1
I15: 8 | J15: =IF(I15<$I$4,1,IF(I15>$J$4,$G$4,($G$4-1)*($K$4+$L$4*((I15-$I$4)/($J$4-$I$4))^1+$M$4*((I15-$I$4)/($J$4-$I$4))^2+$N$4*((I15-$I$4)/($J$4-$I$4))^3+$O$4*((I15-$I$4)/($J$4-$I$4))^4)+1)) -> 1
I16: 9 | J16: =IF(I16<$I$4,1,IF(I16>$J$4,$G$4,($G$4-1)*($K$4+$L$4*((I16-$I$4)/($J$4-$I$4))^1+$M$4*((I16-$I$4)/($J$4-$I$4))^2+$N$4*((I16-$I$4)/($J$4-$I$4))^3+$O$4*((I16-$I$4)/($J$4-$I$4))^4)+1)) -> 1
I17: 10 | J17: =IF(I17<$I$4,1,IF(I17>$J$4,$G$4,($G$4-1)*($K$4+$L$4*((I17-$I$4)/($J$4-$I$4))^1+$M$4*((I17-$I$4)/($J$4-$I$4))^2+$N$4*((I17-$I$4)/($J$4-$I$4))^3+$O$4*((I17-$I$4)/($J$4-$I$4))^4)+1)) -> 1
I18: 11 | J18: =IF(I18<$I$4,1,IF(I18>$J$4,$G$4,($G$4-1)*($K$4+$L$4*((I18-$I$4)/($J$4-$I$4))^1+$M$4*((I18-$I$4)/($J$4-$I$4))^2+$N$4*((I18-$I$4)/($J$4-$I$4))^3+$O$4*((I18-$I$4)/($J$4-$I$4))^4)+1)) -> 1
I19: 12 | J19: =IF(I19<$I$4,1,IF(I19>$J$4,$G$4,($G$4-1)*($K$4+$L$4*((I19-$I$4)/($J$4-$I$4))^1+$M$4*((I19-$I$4)/($J$4-$I$4))^2+$N$4*((I19-$I$4)/($J$4-$I$4))^3+$O$4*((I19-$I$4)/($J$4-$I$4))^4)+1)) -> 1
... I557: 550 | J557: =IF(I557<$I$4,1,IF(I557>$J$4,$G$4,($G$4-1)*($K$4+$L$4*((I557-$I$4)/($J$4-$I$4))^1+$M$4*((I557-$I$4)/($J$4-$I$4))^2+$N$4*((I557-$I$4)/($J$4-$I$4))^3+$O$4*((I557-$I$4)/($J$4-$I$4))^4)+1)) -> 3.5958333

Sheet 关卡
A2: 总时间 | B2: 总关卡
A3: 100 | B3: 2000
J4: 12-29版本特殊，正式版约为1/4
A5: 初始关卡 | B5: 结束关卡 | C5: 耗时/天 | D5: 总耗时/天 | E5: 初始值 | F5: 参数1 | G5: 参数2 | H5: 参数3 | I5: 参数4 | J5: 每关钻石奖励/rmb | L5: rexp曲线
A6: 1 | B6: 200 | C6: 1.2 | D6: =SUM($C$6:C6) -> 1.2 | E6: 0 | F6: 0.3 | G6: 0.3 | H6: 0.3 | I6: =1-SUM(E6:H6) -> 0.1 | J6: 1 | L6: 最大值 | M6: 初始值 | N6: 参数1 | O6: 参数2 | P6: 参数3 | Q6: 参数4 | S6: 经验奖励时间/s | U6: 总投放时间/天 | W6: 开服天数 | X6: 累计发放钻石/rmb
A7: =B6+1 -> 201 | B7: =B6+200 -> 400 | C7: 2 | D7: =SUM($C$6:C7) -> 3.2 | E7: 0 | F7: 0.9 | G7: 0.1 | H7: 0 | I7: =1-SUM(E7:H7) -> 0 | J7: 1.2 | L7: 1000 | M7: 0.001 | N7: 0.1 | O7: 0.2 | P7: 0.3 | Q7: =1-SUM(M7:P7) -> 0.399 | S7: 90 | U7: =B3*S7/60/60/24 -> 2.0833333 | W7: 1 | X7: =SUMIF($E$19:$E$2018,"<="&W7,$L$19:$L$2018) -> 183
A8: =B7+1 -> 401 | B8: =B7+200 -> 600 | C8: 3 | D8: =SUM($C$6:C8) -> 6.2 | E8: 0 | F8: 0.9 | G8: 0.1 | H8: 0 | I8: =1-SUM(E8:H8) -> 0 | J8: 1.4 | W8: 2 | X8: =SUMIF($E$19:$E$2018,"<="&W8,$L$19:$L$2018) -> 300.8
A9: =B8+1 -> 601 | B9: =B8+200 -> 800 | C9: 4 | D9: =SUM($C$6:C9) -> 10.2 | E9: 0 | F9: 0.9 | G9: 0.1 | H9: 0 | I9: =1-SUM(E9:H9) -> 0 | J9: 1.6 | L9: remoney曲线 | W9: 3 | X9: =SUMIF($E$19:$E$2018,"<="&W9,$L$19:$L$2018) -> 417.2
A10: =B9+1 -> 801 | B10: =B9+200 -> 1000 | C10: 5 | D10: =SUM($C$6:C10) -> 15.2 | E10: 0 | F10: 0.9 | G10: 0.1 | H10: 0 | I10: =1-SUM(E10:H10) -> 0 | J10: 1.8 | L10: 最大值 | M10: 初始值 | N10: 参数1 | O10: 参数2 | P10: 参数3 | Q10: 参数4 | W10: 7 | X10: =SUMIF($E$19:$E$2018,"<="&W10,$L$19:$L$2018) -> 788.8
A11: =B10+1 -> 1001 | B11: =B10+200 -> 1200 | C11: 7 | D11: =SUM($C$6:C11) -> 22.2 | E11: 0 | F11: 0.9 | G11: 0.1 | H11: 0 | I11: =1-SUM(E11:H11) -> 0 | J11: 2 | L11: 500 | M11: 0.01 | N11: 0.2 | O11: 0.3 | P11: 0.3 | Q11: =1-SUM(M11:P11) -> 0.19 | W11: 14 | X11: =SUMIF($E$19:$E$2018,"<="&W11,$L$19:$L$2018) -> 1319
A12: =B11+1 -> 1201 | B12: =B11+200 -> 1400 | C12: 10 | D12: =SUM($C$6:C12) -> 32.2 | E12: 0 | F12: 0.9 | G12: 0.1 | H12: 0 | I12: =1-SUM(E12:H12) -> 0 | J12: 2.2 | W12: 30 | X12: =SUMIF($E$19:$E$2018,"<="&W12,$L$19:$L$2018) -> 2149.8
A13: =B12+1 -> 1401 | B13: =B12+200 -> 1600 | C13: 14 | D13: =SUM($C$6:C13) -> 46.2 | E13: 0 | F13: 0.9 | G13: 0.1 | H13: 0 | I13: =1-SUM(E13:H13) -> 0 | J13: 2.4
A14: =B13+1 -> 1601 | B14: =B13+200 -> 1800 | C14: 19 | D14: =SUM($C$6:C14) -> 65.2 | E14: 0 | F14: 0.95 | G14: 0.05 | H14: 0 | I14: =1-SUM(E14:H14) -> 0 | J14: 2.6 | S14: 玩家攻击间隔 | U14: 技能目标误差修正
A15: =B14+1 -> 1801 | B15: =B14+200 -> 2000 | C15: =A3-SUM(C6:C14) -> 34.8 | D15: =SUM($C$6:C15) -> 100 | E15: 0 | F15: 1 | G15: 0 | H15: 0 | I15: =1-SUM(E15:H15) -> 0 | J15: 2.8 | S15: =[1]人物技能基础!$F$4 -> 0.6 | U15: =[2]关卡!$F$2 -> 0.8
A17: 关卡 | B17: 关卡区间 | C17: 区间总时间/天 | D17: 升级时间/天 | E17: 总时间/天 | F17: rexp/秒 | G17: remoney/秒 | H17: rexp/时 | I17: remoney/时 | J17: 真实等级 | K17: 经验奖励 | L17: 钻石奖励/rmb | M17: 发放数量 | N17: 属性等级 | O17: 怪物受击 | P17: 期望杀怪时间/s | Q17: 需要杀怪数 | R17: boss能量 | T17: 为了配合新手流程，前面20关的经验可能比后面多，先试试感受
A18: 0 | F18: =F19*0.9 -> 0.94504503 | G18: =G19*0.9 -> 4.5450338 | H18: =INT(F18*60*60/1000)*1000 -> 3000 | I18: =INT(G18*60*60/100)*100 -> 16300 | J18: 1 | N18: 1
A19: 1 | B19: =MATCH($A19,$A$5:$A$15,1)-1 -> 1 | C19: =INDEX($C$5:$C$15,$B19+1)*(INDEX($E$5:$E$15,$B19+1)+INDEX($F$5:$F$15,$B19+1)*(($A19-INDEX($A$5:$A$15,$B19+1)+1)/(INDEX($B$5:$B$15,$B19+1)-INDEX($A$5:$A$15,$B19+1)+1))^1+INDEX($G$5:$G$15,$B19+1)*(($A19-INDEX($A$5:$A$15,$B19+1)+1)/(INDEX($B$5:$B$15,$B19+1)-INDEX($A$5:$A$15,$B19+1)+1))^2+INDEX($H$5:$H$15,$B19+1)*(($A19-INDEX($A$5:$A$15,$B19+1)+1)/(INDEX($B$5:$B$15,$B19+1)-INDEX($A$5:$A$15,$B19+1)+1))^3+INDEX($I$5:$I$15,$B19+1)*(($A19-INDEX($A$5:$A$15,$B19+1)+1)/(INDEX($B$5:$B$15,$B19+1)-INDEX($A$5:$A$15,$B19+1)+1))^4) -> 0.0018090451 | D19: =IF(ISNA(MATCH(A19,$A$6:$A$15,0)),C19-C17,C19) -> 0.0018090451 | E19: =SUM($D$19:D19) -> 0.0018090451 | F19: =$L$7*($M$7+$N$7*($A19/$B$3)^1+$O$7*($A19/$B$3)^2+$P$7*($A19/$B$3)^3+$Q$7*($A19/$B$3)^4) -> 1.05005 | G19: =$L$11*($M$11+$N$11*($A19/$B$3)^1+$O$11*($A19/$B$3)^2+$P$11*($A19/$B$3)^3+$Q$11*($A19/$B$3)^4) -> 5.0500375 | H19: =INT(F19*60*60/100)*100 -> 3700 | I19: =INT(G19*60*60/100)*100 -> 18100 | J19: =IF(A19<[3]关卡对接!$A$4,INDEX([3]关卡对接!$C$7:$C$141,A19),MATCH(E19,人物经验!$H$24:$H$573,1)) -> 45 | K19: =IF([3]关卡对接!F7="",INT(INDEX(人物经验!$J$24:$J$573,关卡!J19)*关卡!$S$7),[3]关卡对接!F7) -> 168 | L19: =VLOOKUP(A19,$A$5:$J$15,10,1) -> 1 | M19: =L19/[4]货币基础!$B$4 -> 100 | N19: =IF(A19<[3]关卡对接!$A$4,INDEX([3]关卡对接!$E$7:$E$141,A19),MATCH(E19,人物经验!$H$24:$H$573,1)) -> 30 | O19: 1 | P19: 0.75 | Q19: =INT(P19/$S$15/O19*VLOOKUP(J19,[1]人物技能基础!$N$3:$O$553,2,0)*$U$15) -> 3 | R19: =INT(Q19*12.5) -> 37
A20: 2 | B20: =MATCH($A20,$A$5:$A$15,1)-1 -> 1 | C20: =INDEX($C$5:$C$15,$B20+1)*(INDEX($E$5:$E$15,$B20+1)+INDEX($F$5:$F$15,$B20+1)*(($A20-INDEX($A$5:$A$15,$B20+1)+1)/(INDEX($B$5:$B$15,$B20+1)-INDEX($A$5:$A$15,$B20+1)+1))^1+INDEX($G$5:$G$15,$B20+1)*(($A20-INDEX($A$5:$A$15,$B20+1)+1)/(INDEX($B$5:$B$15,$B20+1)-INDEX($A$5:$A$15,$B20+1)+1))^2+INDEX($H$5:$H$15,$B20+1)*(($A20-INDEX($A$5:$A$15,$B20+1)+1)/(INDEX($B$5:$B$15,$B20+1)-INDEX($A$5:$A$15,$B20+1)+1))^3+INDEX($I$5:$I$15,$B20+1)*(($A20-INDEX($A$5:$A$15,$B20+1)+1)/(INDEX($B$5:$B$15,$B20+1)-INDEX($A$5:$A$15,$B20+1)+1))^4) -> 0.0036363612 | D20: =IF(ISNA(MATCH(A20,$A$6:$A$15,0)),C20-C19,C20) -> 0.0018273161 | E20: =SUM($D$19:D20) -> 0.0036363612 | F20: =$L$7*($M$7+$N$7*($A20/$B$3)^1+$O$7*($A20/$B$3)^2+$P$7*($A20/$B$3)^3+$Q$7*($A20/$B$3)^4) -> 1.1002003 | G20: =$L$11*($M$11+$N$11*($A20/$B$3)^1+$O$11*($A20/$B$3)^2+$P$11*($A20/$B$3)^3+$Q$11*($A20/$B$3)^4) -> 5.1001502 | H20: =INT(F20*60*60/100)*100 -> 3900 | I20: =INT(G20*60*60/100)*100 -> 18300 | J20: =IF(A20<[3]关卡对接!$A$4,INDEX([3]关卡对接!$C$7:$C$141,A20),MATCH(E20,人物经验!$H$24:$H$573,1)) -> 47 | K20: =IF([3]关卡对接!F8="",INT(INDEX(人物经验!$J$24:$J$573,关卡!J20)*关卡!$S$7),[3]关卡对接!F8) -> 90 | L20: =VLOOKUP(A20,$A$5:$J$15,10,1) -> 1 | M20: =L20/[4]货币基础!$B$4 -> 100 | N20: =IF(A20<[3]关卡对接!$A$4,INDEX([3]关卡对接!$E$7:$E$141,A20),MATCH(E20,人物经验!$H$24:$H$573,1)) -> 32 | O20: =INDEX([2]关卡!$G$6:$G$2005,A20) -> 1 | P20: 0.75 | Q20: =INT(P20/$S$15/O20*VLOOKUP(J20,[1]人物技能基础!$N$3:$O$553,2,0)*$U$15) -> 3 | R20: =INT(Q20*12.5) -> 37
A21: 3 | B21: =MATCH($A21,$A$5:$A$15,1)-1 -> 1 | C21: =INDEX($C$5:$C$15,$B21+1)*(INDEX($E$5:$E$15,$B21+1)+INDEX($F$5:$F$15,$B21+1)*(($A21-INDEX($A$5:$A$15,$B21+1)+1)/(INDEX($B$5:$B$15,$B21+1)-INDEX($A$5:$A$15,$B21+1)+1))^1+INDEX($G$5:$G$15,$B21+1)*(($A21-INDEX($A$5:$A$15,$B21+1)+1)/(INDEX($B$5:$B$15,$B21+1)-INDEX($A$5:$A$15,$B21+1)+1))^2+INDEX($H$5:$H$15,$B21+1)*(($A21-INDEX($A$5:$A$15,$B21+1)+1)/(INDEX($B$5:$B$15,$B21+1)-INDEX($A$5:$A$15,$B21+1)+1))^3+INDEX($I$5:$I$15,$B21+1)*(($A21-INDEX($A$5:$A$15,$B21+1)+1)/(INDEX($B$5:$B$15,$B21+1)-INDEX($A$5:$A$15,$B21+1)+1))^4) -> 0.0054822211 | D21: =IF(ISNA(MATCH(A21,$A$6:$A$15,0)),C21-C20,C21) -> 0.0018458599 | E21: =SUM($D$19:D21) -> 0.0054822211 | F21: =$L$7*($M$7+$N$7*($A21/$B$3)^1+$O$7*($A21/$B$3)^2+$P$7*($A21/$B$3)^3+$Q$7*($A21/$B$3)^4) -> 1.150451 | G21: =$L$11*($M$11+$N$11*($A21/$B$3)^1+$O$11*($A21/$B$3)^2+$P$11*($A21/$B$3)^3+$Q$11*($A21/$B$3)^4) -> 5.150338 | H21: =INT(F21*60*60/100)*100 -> 4100 | I21: =INT(G21*60*60/100)*100 -> 18500 | J21: =IF(A21<[3]关卡对接!$A$4,INDEX([3]关卡对接!$C$7:$C$141,A21),MATCH(E21,人物经验!$H$24:$H$573,1)) -> 48 | K21: =IF([3]关卡对接!F9="",INT(INDEX(人物经验!$J$24:$J$573,关卡!J21)*关卡!$S$7),[3]关卡对接!F9) -> 94 | L21: =VLOOKUP(A21,$A$5:$J$15,10,1) -> 1 | M21: =L21/[4]货币基础!$B$4 -> 100 | N21: =IF(A21<[3]关卡对接!$A$4,INDEX([3]关卡对接!$E$7:$E$141,A21),MATCH(E21,人物经验!$H$24:$H$573,1)) -> 33 | O21: =INDEX([2]关卡!$G$6:$G$2005,A21) -> 1 | P21: 0.75 | Q21: =INT(P21/$S$15/O21*VLOOKUP(J21,[1]人物技能基础!$N$3:$O$553,2,0)*$U$15) -> 3 | R21: =INT(Q21*12.5) -> 37
A22: 4 | B22: =MATCH($A22,$A$5:$A$15,1)-1 -> 1 | C22: =INDEX($C$5:$C$15,$B22+1)*(INDEX($E$5:$E$15,$B22+1)+INDEX($F$5:$F$15,$B22+1)*(($A22-INDEX($A$5:$A$15,$B22+1)+1)/(INDEX($B$5:$B$15,$B22+1)-INDEX($A$5:$A$15,$B22+1)+1))^1+INDEX($G$5:$G$15,$B22+1)*(($A22-INDEX($A$5:$A$15,$B22+1)+1)/(INDEX($B$5:$B$15,$B22+1)-INDEX($A$5:$A$15,$B22+1)+1))^2+INDEX($H$5:$H$15,$B22+1)*(($A22-INDEX($A$5:$A$15,$B22+1)+1)/(INDEX($B$5:$B$15,$B22+1)-INDEX($A$5:$A$15,$B22+1)+1))^3+INDEX($I$5:$I$15,$B22+1)*(($A22-INDEX($A$5:$A$15,$B22+1)+1)/(INDEX($B$5:$B$15,$B22+1)-INDEX($A$5:$A$15,$B22+1)+1))^4) -> 0.0073468992 | D22: =IF(ISNA(MATCH(A22,$A$6:$A$15,0)),C22-C21,C22) -> 0.0018646781 | E22: =SUM($D$19:D22) -> 0.0073468992 | F22: =$L$7*($M$7+$N$7*($A22/$B$3)^1+$O$7*($A22/$B$3)^2+$P$7*($A22/$B$3)^3+$Q$7*($A22/$B$3)^4) -> 1.2008024 | G22: =$L$11*($M$11+$N$11*($A22/$B$3)^1+$O$11*($A22/$B$3)^2+$P$11*($A22/$B$3)^3+$Q$11*($A22/$B$3)^4) -> 5.2006012 | H22: =INT(F22*60*60/100)*100 -> 4300 | I22: =INT(G22*60*60/100)*100 -> 18700 | J22: =IF(A22<[3]关卡对接!$A$4,INDEX([3]关卡对接!$C$7:$C$141,A22),MATCH(E22,人物经验!$H$24:$H$573,1)) -> 60 | K22: =IF([3]关卡对接!F10="",INT(INDEX(人物经验!$J$24:$J$573,关卡!J22)*关卡!$S$7),[3]关卡对接!F10) -> 423 | L22: =VLOOKUP(A22,$A$5:$J$15,10,1) -> 1 | M22: =L22/[4]货币基础!$B$4 -> 100 | N22: =IF(A22<[3]关卡对接!$A$4,INDEX([3]关卡对接!$E$7:$E$141,A22),MATCH(E22,人物经验!$H$24:$H$573,1)) -> 52 | O22: =INDEX([2]关卡!$G$6:$G$2005,A22) -> 1.25 | P22: 1 | Q22: =INT(P22/$S$15/O22*VLOOKUP(J22,[1]人物技能基础!$N$3:$O$553,2,0)*$U$15) -> 3 | R22: =INT(Q22*12.5) -> 37
A23: 5 | B23: =MATCH($A23,$A$5:$A$15,1)-1 -> 1 | C23: =INDEX($C$5:$C$15,$B23+1)*(INDEX($E$5:$E$15,$B23+1)+INDEX($F$5:$F$15,$B23+1)*(($A23-INDEX($A$5:$A$15,$B23+1)+1)/(INDEX($B$5:$B$15,$B23+1)-INDEX($A$5:$A$15,$B23+1)+1))^1+INDEX($G$5:$G$15,$B23+1)*(($A23-INDEX($A$5:$A$15,$B23+1)+1)/(INDEX($B$5:$B$15,$B23+1)-INDEX($A$5:$A$15,$B23+1)+1))^2+INDEX($H$5:$H$15,$B23+1)*(($A23-INDEX($A$5:$A$15,$B23+1)+1)/(INDEX($B$5:$B$15,$B23+1)-INDEX($A$5:$A$15,$B23+1)+1))^3+INDEX($I$5:$I$15,$B23+1)*(($A23-INDEX($A$5:$A$15,$B23+1)+1)/(INDEX($B$5:$B$15,$B23+1)-INDEX($A$5:$A$15,$B23+1)+1))^4) -> 0.0092306719 | D23: =IF(ISNA(MATCH(A23,$A$6:$A$15,0)),C23-C22,C23) -> 0.0018837727 | E23: =SUM($D$19:D23) -> 0.0092306719 | F23: =$L$7*($M$7+$N$7*($A23/$B$3)^1+$O$7*($A23/$B$3)^2+$P$7*($A23/$B$3)^3+$Q$7*($A23/$B$3)^4) -> 1.2512547 | G23: =$L$11*($M$11+$N$11*($A23/$B$3)^1+$O$11*($A23/$B$3)^2+$P$11*($A23/$B$3)^3+$Q$11*($A23/$B$3)^4) -> 5.2509398 | H23: =INT(F23*60*60/100)*100 -> 4500 | I23: =INT(G23*60*60/100)*100 -> 18900 | J23: =IF(A23<[3]关卡对接!$A$4,INDEX([3]关卡对接!$C$7:$C$141,A23),MATCH(E23,人物经验!$H$24:$H$573,1)) -> 62 | K23: =IF([3]关卡对接!F11="",INT(INDEX(人物经验!$J$24:$J$573,关卡!J23)*关卡!$S$7),[3]关卡对接!F11) -> 467 | L23: =VLOOKUP(A23,$A$5:$J$15,10,1) -> 1 | M23: =L23/[4]货币基础!$B$4 -> 100 | N23: =IF(A23<[3]关卡对接!$A$4,INDEX([3]关卡对接!$E$7:$E$141,A23),MATCH(E23,人物经验!$H$24:$H$573,1)) -> 54 | O23: =INDEX([2]关卡!$G$6:$G$2005,A23) -> 1.5 | P23: 1 | Q23: =INT(P23/$S$15/O23*VLOOKUP(J23,[1]人物技能基础!$N$3:$O$553,2,0)*$U$15) -> 3 | R23: =INT(Q23*12.5) -> 37
A24: 6 | B24: =MATCH($A24,$A$5:$A$15,1)-1 -> 1 | C24: =INDEX($C$5:$C$15,$B24+1)*(INDEX($E$5:$E$15,$B24+1)+INDEX($F$5:$F$15,$B24+1)*(($A24-INDEX($A$5:$A$15,$B24+1)+1)/(INDEX($B$5:$B$15,$B24+1)-INDEX($A$5:$A$15,$B24+1)+1))^1+INDEX($G$5:$G$15,$B24+1)*(($A24-INDEX($A$5:$A$15,$B24+1)+1)/(INDEX($B$5:$B$15,$B24+1)-INDEX($A$5:$A$15,$B24+1)+1))^2+INDEX($H$5:$H$15,$B24+1)*(($A24-INDEX($A$5:$A$15,$B24+1)+1)/(INDEX($B$5:$B$15,$B24+1)-INDEX($A$5:$A$15,$B24+1)+1))^3+INDEX($I$5:$I$15,$B24+1)*(($A24-INDEX($A$5:$A$15,$B24+1)+1)/(INDEX($B$5:$B$15,$B24+1)-INDEX($A$5:$A$15,$B24+1)+1))^4) -> 0.011133817 | D24: =IF(ISNA(MATCH(A24,$A$6:$A$15,0)),C24-C23,C24) -> 0.0019031453 | E24: =SUM($D$19:D24) -> 0.011133817 | F24: =$L$7*($M$7+$N$7*($A24/$B$3)^1+$O$7*($A24/$B$3)^2+$P$7*($A24/$B$3)^3+$Q$7*($A24/$B$3)^4) -> 1.3018081 | G24: =$L$11*($M$11+$N$11*($A24/$B$3)^1+$O$11*($A24/$B$3)^2+$P$11*($A24/$B$3)^3+$Q$11*($A24/$B$3)^4) -> 5.3013541 | H24: =INT(F24*60*60/100)*100 -> 4600 | I24: =INT(G24*60*60/100)*100 -> 19000 | J24: =IF(A24<[3]关卡对接!$A$4,INDEX([3]关卡对接!$C$7:$C$141,A24),MATCH(E24,人物经验!$H$24:$H$573,1)) -> 64 | K24: =IF([3]关卡对接!F12="",INT(INDEX(人物经验!$J$24:$J$573,关卡!J24)*关卡!$S$7),[3]关卡对接!F12) -> 507 | L24: =VLOOKUP(A24,$A$5:$J$15,10,1) -> 1 | M24: =L24/[4]货币基础!$B$4 -> 100 | N24: =IF(A24<[3]关卡对接!$A$4,INDEX([3]关卡对接!$E$7:$E$141,A24),MATCH(E24,人物经验!$H$24:$H$573,1)) -> 56 | O24: =INDEX([2]关卡!$G$6:$G$2005,A24) -> 1.75 | P24: 1.25 | Q24: =INT(P24/$S$15/O24*VLOOKUP(J24,[1]人物技能基础!$N$3:$O$553,2,0)*$U$15) -> 3 | R24: =INT(Q24*12.5) -> 37
A25: 7 | B25: =MATCH($A25,$A$5:$A$15,1)-1 -> 1 | C25: =INDEX($C$5:$C$15,$B25+1)*(INDEX($E$5:$E$15,$B25+1)+INDEX($F$5:$F$15,$B25+1)*(($A25-INDEX($A$5:$A$15,$B25+1)+1)/(INDEX($B$5:$B$15,$B25+1)-INDEX($A$5:$A$15,$B25+1)+1))^1+INDEX($G$5:$G$15,$B25+1)*(($A25-INDEX($A$5:$A$15,$B25+1)+1)/(INDEX($B$5:$B$15,$B25+1)-INDEX($A$5:$A$15,$B25+1)+1))^2+INDEX($H$5:$H$15,$B25+1)*(($A25-INDEX($A$5:$A$15,$B25+1)+1)/(INDEX($B$5:$B$15,$B25+1)-INDEX($A$5:$A$15,$B25+1)+1))^3+INDEX($I$5:$I$15,$B25+1)*(($A25-INDEX($A$5:$A$15,$B25+1)+1)/(INDEX($B$5:$B$15,$B25+1)-INDEX($A$5:$A$15,$B25+1)+1))^4) -> 0.013056615 | D25: =IF(ISNA(MATCH(A25,$A$6:$A$15,0)),C25-C24,C25) -> 0.0019227979 | E25: =SUM($D$19:D25) -> 0.013056615 | F25: =$L$7*($M$7+$N$7*($A25/$B$3)^1+$O$7*($A25/$B$3)^2+$P$7*($A25/$B$3)^3+$Q$7*($A25/$B$3)^4) -> 1.3524629 | G25: =$L$11*($M$11+$N$11*($A25/$B$3)^1+$O$11*($A25/$B$3)^2+$P$11*($A25/$B$3)^3+$Q$11*($A25/$B$3)^4) -> 5.3518439 | H25: =INT(F25*60*60/100)*100 -> 4800 | I25: =INT(G25*60*60/100)*100 -> 19200 | J25: =IF(A25<[3]关卡对接!$A$4,INDEX([3]关卡对接!$C$7:$C$141,A25),MATCH(E25,人物经验!$H$24:$H$573,1)) -> 66 | K25: =IF([3]关卡对接!F13="",INT(INDEX(人物经验!$J$24:$J$573,关卡!J25)*关卡!$S$7),[3]关卡对接!F13) -> 275 | L25: =VLOOKUP(A25,$A$5:$J$15,10,1) -> 1 | M25: =L25/[4]货币基础!$B$4 -> 100 | N25: =IF(A25<[3]关卡对接!$A$4,INDEX([3]关卡对接!$E$7:$E$141,A25),MATCH(E25,人物经验!$H$24:$H$573,1)) -> 59 | O25: =INDEX([2]关卡!$G$6:$G$2005,A25) -> 2 | P25: 1.25 | Q25: =INT(P25/$S$15/O25*VLOOKUP(J25,[1]人物技能基础!$N$3:$O$553,2,0)*$U$15) -> 3 | R25: =INT(Q25*12.5) -> 37
A26: 8 | B26: =MATCH($A26,$A$5:$A$15,1)-1 -> 1 | C26: =INDEX($C$5:$C$15,$B26+1)*(INDEX($E$5:$E$15,$B26+1)+INDEX($F$5:$F$15,$B26+1)*(($A26-INDEX($A$5:$A$15,$B26+1)+1)/(INDEX($B$5:$B$15,$B26+1)-INDEX($A$5:$A$15,$B26+1)+1))^1+INDEX($G$5:$G$15,$B26+1)*(($A26-INDEX($A$5:$A$15,$B26+1)+1)/(INDEX($B$5:$B$15,$B26+1)-INDEX($A$5:$A$15,$B26+1)+1))^2+INDEX($H$5:$H$15,$B26+1)*(($A26-INDEX($A$5:$A$15,$B26+1)+1)/(INDEX($B$5:$B$15,$B26+1)-INDEX($A$5:$A$15,$B26+1)+1))^3+INDEX($I$5:$I$15,$B26+1)*(($A26-INDEX($A$5:$A$15,$B26+1)+1)/(INDEX($B$5:$B$15,$B26+1)-INDEX($A$5:$A$15,$B26+1)+1))^4) -> 0.014999347 | D26: =IF(ISNA(MATCH(A26,$A$6:$A$15,0)),C26-C25,C26) -> 0.0019427321 | E26: =SUM($D$19:D26) -> 0.014999347 | F26: =$L$7*($M$7+$N$7*($A26/$B$3)^1+$O$7*($A26/$B$3)^2+$P$7*($A26/$B$3)^3+$Q$7*($A26/$B$3)^4) -> 1.4032193 | G26: =$L$11*($M$11+$N$11*($A26/$B$3)^1+$O$11*($A26/$B$3)^2+$P$11*($A26/$B$3)^3+$Q$11*($A26/$B$3)^4) -> 5.4024096 | H26: =INT(F26*60*60/100)*100 -> 5000 | I26: =INT(G26*60*60/100)*100 -> 19400 | J26: =IF(A26<[3]关卡对接!$A$4,INDEX([3]关卡对接!$C$7:$C$141,A26),MATCH(E26,人物经验!$H$24:$H$573,1)) -> 67 | K26: =IF([3]关卡对接!F14="",INT(INDEX(人物经验!$J$24:$J$573,关卡!J26)*关卡!$S$7),[3]关卡对接!F14) -> 284 | L26: =VLOOKUP(A26,$A$5:$J$15,10,1) -> 1 | M26: =L26/[4]货币基础!$B$4 -> 100 | N26: =IF(A26<[3]关卡对接!$A$4,INDEX([3]关卡对接!$E$7:$E$141,A26),MATCH(E26,人物经验!$H$24:$H$573,1)) -> 60 | O26: =INDEX([2]关卡!$G$6:$G$2005,A26) -> 2.25 | P26: 1.5 | Q26: =INT(P26/$S$15/O26*VLOOKUP(J26,[1]人物技能基础!$N$3:$O$553,2,0)*$U$15) -> 3 | R26: =INT(Q26*12.5) -> 37
A27: 9 | B27: =MATCH($A27,$A$5:$A$15,1)-1 -> 1 | C27: =INDEX($C$5:$C$15,$B27+1)*(INDEX($E$5:$E$15,$B27+1)+INDEX($F$5:$F$15,$B27+1)*(($A27-INDEX($A$5:$A$15,$B27+1)+1)/(INDEX($B$5:$B$15,$B27+1)-INDEX($A$5:$A$15,$B27+1)+1))^1+INDEX($G$5:$G$15,$B27+1)*(($A27-INDEX($A$5:$A$15,$B27+1)+1)/(INDEX($B$5:$B$15,$B27+1)-INDEX($A$5:$A$15,$B27+1)+1))^2+INDEX($H$5:$H$15,$B27+1)*(($A27-INDEX($A$5:$A$15,$B27+1)+1)/(INDEX($B$5:$B$15,$B27+1)-INDEX($A$5:$A$15,$B27+1)+1))^3+INDEX($I$5:$I$15,$B27+1)*(($A27-INDEX($A$5:$A$15,$B27+1)+1)/(INDEX($B$5:$B$15,$B27+1)-INDEX($A$5:$A$15,$B27+1)+1))^4) -> 0.016962297 | D27: =IF(ISNA(MATCH(A27,$A$6:$A$15,0)),C27-C26,C27) -> 0.0019629499 | E27: =SUM($D$19:D27) -> 0.016962297 | F27: =$L$7*($M$7+$N$7*($A27/$B$3)^1+$O$7*($A27/$B$3)^2+$P$7*($A27/$B$3)^3+$Q$7*($A27/$B$3)^4) -> 1.4540775 | G27: =$L$11*($M$11+$N$11*($A27/$B$3)^1+$O$11*($A27/$B$3)^2+$P$11*($A27/$B$3)^3+$Q$11*($A27/$B$3)^4) -> 5.4530512 | H27: =INT(F27*60*60/100)*100 -> 5200 | I27: =INT(G27*60*60/100)*100 -> 19600 | J27: =IF(A27<[3]关卡对接!$A$4,INDEX([3]关卡对接!$C$7:$C$141,A27),MATCH(E27,人物经验!$H$24:$H$573,1)) -> 69 | K27: =IF([3]关卡对接!F15="",INT(INDEX(人物经验!$J$24:$J$573,关卡!J27)*关卡!$S$7),[3]关卡对接!F15) -> 157 | L27: =VLOOKUP(A27,$A$5:$J$15,10,1) -> 1 | M27: =L27/[4]货币基础!$B$4 -> 100 | N27: =IF(A27<[3]关卡对接!$A$4,INDEX([3]关卡对接!$E$7:$E$141,A27),MATCH(E27,人物经验!$H$24:$H$573,1)) -> 63 | O27: =INDEX([2]关卡!$G$6:$G$2005,A27) -> 2.5 | P27: 2 | Q27: =INT(P27/$S$15/O27*VLOOKUP(J27,[1]人物技能基础!$N$3:$O$553,2,0)*$U$15) -> 3 | R27: =INT(Q27*12.5) -> 37
A28: 10 | B28: =MATCH($A28,$A$5:$A$15,1)-1 -> 1 | C28: =INDEX($C$5:$C$15,$B28+1)*(INDEX($E$5:$E$15,$B28+1)+INDEX($F$5:$F$15,$B28+1)*(($A28-INDEX($A$5:$A$15,$B28+1)+1)/(INDEX($B$5:$B$15,$B28+1)-INDEX($A$5:$A$15,$B28+1)+1))^1+INDEX($G$5:$G$15,$B28+1)*(($A28-INDEX($A$5:$A$15,$B28+1)+1)/(INDEX($B$5:$B$15,$B28+1)-INDEX($A$5:$A$15,$B28+1)+1))^2+INDEX($H$5:$H$15,$B28+1)*(($A28-INDEX($A$5:$A$15,$B28+1)+1)/(INDEX($B$5:$B$15,$B28+1)-INDEX($A$5:$A$15,$B28+1)+1))^3+INDEX($I$5:$I$15,$B28+1)*(($A28-INDEX($A$5:$A$15,$B28+1)+1)/(INDEX($B$5:$B$15,$B28+1)-INDEX($A$5:$A$15,$B28+1)+1))^4) -> 0.01894575 | D28: =IF(ISNA(MATCH(A28,$A$6:$A$15,0)),C28-C27,C28) -> 0.0019834529 | E28: =SUM($D$19:D28) -> 0.01894575 | F28: =$L$7*($M$7+$N$7*($A28/$B$3)^1+$O$7*($A28/$B$3)^2+$P$7*($A28/$B$3)^3+$Q$7*($A28/$B$3)^4) -> 1.5050377 | G28: =$L$11*($M$11+$N$11*($A28/$B$3)^1+$O$11*($A28/$B$3)^2+$P$11*($A28/$B$3)^3+$Q$11*($A28/$B$3)^4) -> 5.5037688 | H28: =INT(F28*60*60/100)*100 -> 5400 | I28: =INT(G28*60*60/100)*100 -> 19800 | J28: =IF(A28<[3]关卡对接!$A$4,INDEX([3]关卡对接!$C$7:$C$141,A28),MATCH(E28,人物经验!$H$24:$H$573,1)) -> 70 | K28: =IF([3]关卡对接!F16="",INT(INDEX(人物经验!$J$24:$J$573,关卡!J28)*关卡!$S$7),[3]关卡对接!F16) -> 334 | L28: =VLOOKUP(A28,$A$5:$J$15,10,1) -> 1 | M28: =L28/[4]货币基础!$B$4 -> 100 | N28: =IF(A28<[3]关卡对接!$A$4,INDEX([3]关卡对接!$E$7:$E$141,A28),MATCH(E28,人物经验!$H$24:$H$573,1)) -> 64 | O28: =INDEX([2]关卡!$G$6:$G$2005,A28) -> 2.75 | P28: 2 | Q28: =INT(P28/$S$15/O28*VLOOKUP(J28,[1]人物技能基础!$N$3:$O$553,2,0)*$U$15) -> 3 | R28: =INT(Q28*12.5) -> 37
A29: 11 | B29: =MATCH($A29,$A$5:$A$15,1)-1 -> 1 | C29: =INDEX($C$5:$C$15,$B29+1)*(INDEX($E$5:$E$15,$B29+1)+INDEX($F$5:$F$15,$B29+1)*(($A29-INDEX($A$5:$A$15,$B29+1)+1)/(INDEX($B$5:$B$15,$B29+1)-INDEX($A$5:$A$15,$B29+1)+1))^1+INDEX($G$5:$G$15,$B29+1)*(($A29-INDEX($A$5:$A$15,$B29+1)+1)/(INDEX($B$5:$B$15,$B29+1)-INDEX($A$5:$A$15,$B29+1)+1))^2+INDEX($H$5:$H$15,$B29+1)*(($A29-INDEX($A$5:$A$15,$B29+1)+1)/(INDEX($B$5:$B$15,$B29+1)-INDEX($A$5:$A$15,$B29+1)+1))^3+INDEX($I$5:$I$15,$B29+1)*(($A29-INDEX($A$5:$A$15,$B29+1)+1)/(INDEX($B$5:$B$15,$B29+1)-INDEX($A$5:$A$15,$B29+1)+1))^4) -> 0.020949993 | D29: =IF(ISNA(MATCH(A29,$A$6:$A$15,0)),C29-C28,C29) -> 0.0020042431 | E29: =SUM($D$19:D29) -> 0.020949993 | F29: =$L$7*($M$7+$N$7*($A29/$B$3)^1+$O$7*($A29/$B$3)^2+$P$7*($A29/$B$3)^3+$Q$7*($A29/$B$3)^4) -> 1.5561003 | G29: =$L$11*($M$11+$N$11*($A29/$B$3)^1+$O$11*($A29/$B$3)^2+$P$11*($A29/$B$3)^3+$Q$11*($A29/$B$3)^4) -> 5.5545625 | H29: =INT(F29*60*60/100)*100 -> 5600 | I29: =INT(G29*60*60/100)*100 -> 19900 | J29: =IF(A29<[3]关卡对接!$A$4,INDEX([3]关卡对接!$C$7:$C$141,A29),MATCH(E29,人物经验!$H$24:$H$573,1)) -> 72 | K29: =IF([3]关卡对接!F17="",INT(INDEX(人物经验!$J$24:$J$573,关卡!J29)*关卡!$S$7),[3]关卡对接!F17) -> 298 | L29: =VLOOKUP(A29,$A$5:$J$15,10,1) -> 1 | M29: =L29/[4]货币基础!$B$4 -> 100 | N29: =IF(A29<[3]关卡对接!$A$4,INDEX([3]关卡对接!$E$7:$E$141,A29),MATCH(E29,人物经验!$H$24:$H$573,1)) -> 67 | O29: =INDEX([2]关卡!$G$6:$G$2005,A29) -> 3 | P29: 2 | Q29: =INT(P29/$S$15/O29*VLOOKUP(J29,[1]人物技能基础!$N$3:$O$553,2,0)*$U$15) -> 3 | R29: =INT(Q29*12.5) -> 37
A30: 12 | B30: =MATCH($A30,$A$5:$A$15,1)-1 -> 1 | C30: =INDEX($C$5:$C$15,$B30+1)*(INDEX($E$5:$E$15,$B30+1)+INDEX($F$5:$F$15,$B30+1)*(($A30-INDEX($A$5:$A$15,$B30+1)+1)/(INDEX($B$5:$B$15,$B30+1)-INDEX($A$5:$A$15,$B30+1)+1))^1+INDEX($G$5:$G$15,$B30+1)*(($A30-INDEX($A$5:$A$15,$B30+1)+1)/(INDEX($B$5:$B$15,$B30+1)-INDEX($A$5:$A$15,$B30+1)+1))^2+INDEX($H$5:$H$15,$B30+1)*(($A30-INDEX($A$5:$A$15,$B30+1)+1)/(INDEX($B$5:$B$15,$B30+1)-INDEX($A$5:$A$15,$B30+1)+1))^3+INDEX($I$5:$I$15,$B30+1)*(($A30-INDEX($A$5:$A$15,$B30+1)+1)/(INDEX($B$5:$B$15,$B30+1)-INDEX($A$5:$A$15,$B30+1)+1))^4) -> 0.022975315 | D30: =IF(ISNA(MATCH(A30,$A$6:$A$15,0)),C30-C29,C30) -> 0.0020253221 | E30: =SUM($D$19:D30) -> 0.022975315 | F30: =$L$7*($M$7+$N$7*($A30/$B$3)^1+$O$7*($A30/$B$3)^2+$P$7*($A30/$B$3)^3+$Q$7*($A30/$B$3)^4) -> 1.6072653 | G30: =$L$11*($M$11+$N$11*($A30/$B$3)^1+$O$11*($A30/$B$3)^2+$P$11*($A30/$B$3)^3+$Q$11*($A30/$B$3)^4) -> 5.6054325 | H30: =INT(F30*60*60/100)*100 -> 5700 | I30: =INT(G30*60*60/100)*100 -> 20100 | J30: =IF(A30<[3]关卡对接!$A$4,INDEX([3]关卡对接!$C$7:$C$141,A30),MATCH(E30,人物经验!$H$24:$H$573,1)) -> 73 | K30: =IF([3]关卡对接!F18="",INT(INDEX(人物经验!$J$24:$J$573,关卡!J30)*关卡!$S$7),[3]关卡对接!F18) -> 267 | L30: =VLOOKUP(A30,$A$5:$J$15,10,1) -> 1 | M30: =L30/[4]货币基础!$B$4 -> 100 | N30: =IF(A30<[3]关卡对接!$A$4,INDEX([3]关卡对接!$E$7:$E$141,A30),MATCH(E30,人物经验!$H$24:$H$573,1)) -> 68 | O30: =INDEX([2]关卡!$G$6:$G$2005,A30) -> 3 | P30: 2 | Q30: =INT(P30/$S$15/O30*VLOOKUP(J30,[1]人物技能基础!$N$3:$O$553,2,0)*$U$15) -> 3 | R30: =INT(Q30*12.5) -> 37
A31: 13 | B31: =MATCH($A31,$A$5:$A$15,1)-1 -> 1 | C31: =INDEX($C$5:$C$15,$B31+1)*(INDEX($E$5:$E$15,$B31+1)+INDEX($F$5:$F$15,$B31+1)*(($A31-INDEX($A$5:$A$15,$B31+1)+1)/(INDEX($B$5:$B$15,$B31+1)-INDEX($A$5:$A$15,$B31+1)+1))^1+INDEX($G$5:$G$15,$B31+1)*(($A31-INDEX($A$5:$A$15,$B31+1)+1)/(INDEX($B$5:$B$15,$B31+1)-INDEX($A$5:$A$15,$B31+1)+1))^2+INDEX($H$5:$H$15,$B31+1)*(($A31-INDEX($A$5:$A$15,$B31+1)+1)/(INDEX($B$5:$B$15,$B31+1)-INDEX($A$5:$A$15,$B31+1)+1))^3+INDEX($I$5:$I$15,$B31+1)*(($A31-INDEX($A$5:$A$15,$B31+1)+1)/(INDEX($B$5:$B$15,$B31+1)-INDEX($A$5:$A$15,$B31+1)+1))^4) -> 0.025022007 | D31: =IF(ISNA(MATCH(A31,$A$6:$A$15,0)),C31-C30,C31) -> 0.0020466919 | E31: =SUM($D$19:D31) -> 0.025022007 | F31: =$L$7*($M$7+$N$7*($A31/$B$3)^1+$O$7*($A31/$B$3)^2+$P$7*($A31/$B$3)^3+$Q$7*($A31/$B$3)^4) -> 1.6585331 | G31: =$L$11*($M$11+$N$11*($A31/$B$3)^1+$O$11*($A31/$B$3)^2+$P$11*($A31/$B$3)^3+$Q$11*($A31/$B$3)^4) -> 5.6563789 | H31: =INT(F31*60*60/100)*100 -> 5900 | I31: =INT(G31*60*60/100)*100 -> 20300 | J31: =IF(A31<[3]关卡对接!$A$4,INDEX([3]关卡对接!$C$7:$C$141,A31),MATCH(E31,人物经验!$H$24:$H$573,1)) -> 74 | K31: =IF([3]关卡对接!F19="",INT(INDEX(人物经验!$J$24:$J$573,关卡!J31)*关卡!$S$7),[3]关卡对接!F19) -> 244 | L31: =VLOOKUP(A31,$A$5:$J$15,10,1) -> 1 | M31: =L31/[4]货币基础!$B$4 -> 100 | N31: =IF(A31<[3]关卡对接!$A$4,INDEX([3]关卡对接!$E$7:$E$141,A31),MATCH(E31,人物经验!$H$24:$H$573,1)) -> 70 | O31: =INDEX([2]关卡!$G$6:$G$2005,A31) -> 3 | P31: 2 | Q31: =INT(P31/$S$15/O31*VLOOKUP(J31,[1]人物技能基础!$N$3:$O$553,2,0)*$U$15) -> 3 | R31: =INT(Q31*12.5) -> 37
... A2018: 2000 | B2018: =MATCH($A2018,$A$5:$A$15,1)-1 -> 10 | C2018: =INDEX($C$5:$C$15,$B2018+1)*(INDEX($E$5:$E$15,$B2018+1)+INDEX($F$5:$F$15,$B2018+1)*(($A2018-INDEX($A$5:$A$15,$B2018+1)+1)/(INDEX($B$5:$B$15,$B2018+1)-INDEX($A$5:$A$15,$B2018+1)+1))^1+INDEX($G$5:$G$15,$B2018+1)*(($A2018-INDEX($A$5:$A$15,$B2018+1)+1)/(INDEX($B$5:$B$15,$B2018+1)-INDEX($A$5:$A$15,$B2018+1)+1))^2+INDEX($H$5:$H$15,$B2018+1)*(($A2018-INDEX($A$5:$A$15,$B2018+1)+1)/(INDEX($B$5:$B$15,$B2018+1)-INDEX($A$5:$A$15,$B2018+1)+1))^3+INDEX($I$5:$I$15,$B2018+1)*(($A2018-INDEX($A$5:$A$15,$B2018+1)+1)/(INDEX($B$5:$B$15,$B2018+1)-INDEX($A$5:$A$15,$B2018+1)+1))^4) -> 34.8 | D2018: =IF(ISNA(MATCH(A2018,$A$6:$A$15,0)),C2018-C2017,C2018) -> 0.174 | E2018: =SUM($D$19:D2018) -> 100 | F2018: =$L$7*($M$7+$N$7*($A2018/$B$3)^1+$O$7*($A2018/$B$3)^2+$P$7*($A2018/$B$3)^3+$Q$7*($A2018/$B$3)^4) -> 1000 | G2018: =$L$11*($M$11+$N$11*($A2018/$B$3)^1+$O$11*($A2018/$B$3)^2+$P$11*($A2018/$B$3)^3+$Q$11*($A2018/$B$3)^4) -> 500 | H2018: =INT(F2018*60*60/100)*100 -> 3600000 | I2018: =INT(G2018*60*60/100)*100 -> 1800000 | J2018: =IF(A2018<[3]关卡对接!$A$4,INDEX([3]关卡对接!$C$7:$C$141,A2018),MATCH(E2018,人物经验!$H$24:$H$573,1)) -> 550 | K2018: =IF([3]关卡对接!F2006="",INT(INDEX(人物经验!$J$24:$J$573,关卡!J2018)*关卡!$S$7),[3]关卡对接!F2006) -> 53960 | L2018: =VLOOKUP(A2018,$A$5:$J$15,10,1) -> 2.8 | M2018: =L2018/[4]货币基础!$B$4 -> 280 | N2018: =IF(A2018<[3]关卡对接!$A$4,INDEX([3]关卡对接!$E$7:$E$141,A2018),MATCH(E2018,人物经验!$H$24:$H$573,1)) -> 550 | O2018: =INDEX([2]关卡!$G$6:$G$2005,A2018) -> 3 | P2018: 6 | Q2018: =INT(P2018/$S$15/O2018*VLOOKUP(J2018,[1]人物技能基础!$N$3:$O$553,2,0)*$U$15) -> 9 | R2018: =INT(Q2018*12.5) -> 112
