Workbook

Sheet 标准新手流程（非R）
A2: 首日60分钟可到达等级
A3: =MATCH(24*[1]经验产出!$R$5,[1]人物经验!$G$24:$G$573,1) -> 198
Q4: 经验投放 | V4: 金币奖励 | X4: 元宝奖励 | Z4: 钻石奖励 | AB4: 其他奖励 | AE4: 装备穿戴情况
A5: 流程 | B5: 地图 | C5: 初始等级 | D5: 结束等级 | E5: 地图总时间/分 | F5: 产出总经验 | G5: 玩法流程 | H5: 玩法内容 | I5: 用时/秒 | J5: 累计/分 | K5: 任务奖励 | L5: 任务奖励2 | M5: 任务奖励3 | N5: 其他奖励4 | O5: 其他奖励5 | P5: 期望等级 | Q5: 开始等级 | R5: 等级进度 | S5: 完成等级 | T5: 等级进度 | U5: 经验奖励 | V5: 金币投放 | W5: 金币奖励 | X5: 元宝投放 | Y5: 元宝奖励 | Z5: 钻石投放 | AA5: 钻石奖励 | AB5: 价值 | AC5: 数量 | AD5: 备注 | AE5: 武器 | AF5: 项链 | AG5: 戒指 | AH5: 护手 | AI5: 头盔 | AJ5: 衣服 | AK5: 腰带 | AL5: 靴子
A6: 1 | B6: 新手村 | C6: 1 | D6: =C15 -> 20 | E6: =SUM(I6:I14)/60 -> 1 | F6: =VLOOKUP(D6,新手阶段非R升级节奏!$A$2:$C$222,3,0)-VLOOKUP(C6,新手阶段非R升级节奏!$A$2:$C$222,3,0) -> 261 | G6: 主线任务100001 | H6: 对话 | I6: 5 | J6: =SUM($I$6:I6)/60 -> 0.083333333 | K6: 经验 | P6: 1 | Q6: 1 | R6: 0 | S6: 3 | T6: 0 | U6: =IF(K6="经验",ROUND(INDEX([1]人物经验!$N$24:$N$573,S6)*T6+INDEX([1]人物经验!$O$24:$O$573,S6)-INDEX([1]人物经验!$O$24:$O$573,Q6)-INDEX([1]人物经验!$N$24:$N$573,Q6)*R6,0),"") -> 9 | W6: =IF(K6="金币",INT(V6/[2]货币基础!$B$6*3600*INDEX([1]人物经验!$K$24:$K$573,P6)/1000+1)*1000,"") | Y6: =IF(K6="元宝",X6/[2]货币基础!$B$5,"") | AA6: =IF(K6="钻石",Z6/[2]货币基础!$B$4,"") | AD6: 第一套装备
G7: 主线任务100002 | H7: 采集武器 | I7: 5 | J7: =SUM($I$6:I7)/60 -> 0.16666667 | K7: 经验 | P7: 3 | Q7: =S6 -> 3 | R7: =T6 -> 0 | S7: 6 | T7: 0 | U7: =IF(K7="经验",ROUND(INDEX([1]人物经验!$N$24:$N$573,S7)*T7+INDEX([1]人物经验!$O$24:$O$573,S7)-INDEX([1]人物经验!$O$24:$O$573,Q7)-INDEX([1]人物经验!$N$24:$N$573,Q7)*R7,0),"") -> 21 | W7: =IF(K7="金币",INT(V7/[2]货币基础!$B$6*3600*INDEX([1]人物经验!$K$24:$K$573,P7)/1000+1)*1000,"") | Y7: =IF(K7="元宝",X7/[2]货币基础!$B$5,"") | AA7: =IF(K7="钻石",Z7/[2]货币基础!$B$4,"")
G8: 主线任务100003 | H8: 对话送武器 | I8: 5 | J8: =SUM($I$6:I8)/60 -> 0.25 | K8: 经验 | L8: 新手白武器 | P8: 6 | Q8: =S7 -> 6 | R8: =T7 -> 0 | S8: 9 | T8: 0 | U8: =IF(K8="经验",ROUND(INDEX([1]人物经验!$N$24:$N$573,S8)*T8+INDEX([1]人物经验!$O$24:$O$573,S8)-INDEX([1]人物经验!$O$24:$O$573,Q8)-INDEX([1]人物经验!$N$24:$N$573,Q8)*R8,0),"") -> 30 | W8: =IF(K8="金币",INT(V8/[2]货币基础!$B$6*3600*INDEX([1]人物经验!$K$24:$K$573,P8)/1000+1)*1000,"") | Y8: =IF(K8="元宝",X8/[2]货币基础!$B$5,"") | AA8: =IF(K8="钻石",Z8/[2]货币基础!$B$4,"")
G9: 主线任务100004 | H9: 穿戴武器 | I9: 5 | J9: =SUM($I$6:I9)/60 -> 0.33333333 | K9: 经验 | P9: 9 | Q9: =S8 -> 9 | R9: =T8 -> 0 | S9: 11 | T9: 0 | U9: =IF(K9="经验",ROUND(INDEX([1]人物经验!$N$24:$N$573,S9)*T9+INDEX([1]人物经验!$O$24:$O$573,S9)-INDEX([1]人物经验!$O$24:$O$573,Q9)-INDEX([1]人物经验!$N$24:$N$573,Q9)*R9,0),"") -> 25 | W9: =IF(K9="金币",INT(V9/[2]货币基础!$B$6*3600*INDEX([1]人物经验!$K$24:$K$573,P9)/1000+1)*1000,"") | Y9: =IF(K9="元宝",X9/[2]货币基础!$B$5,"") | AA9: =IF(K9="钻石",Z9/[2]货币基础!$B$4,"") | AE9: 1级白
G10: 主线任务100005 | H10: 对话开启坐骑 | I10: 10 | J10: =SUM($I$6:I10)/60 -> 0.5 | K10: 经验 | P10: 11 | Q10: =S9 -> 11 | R10: =T9 -> 0 | S10: 13 | T10: 0 | U10: =IF(K10="经验",ROUND(INDEX([1]人物经验!$N$24:$N$573,S10)*T10+INDEX([1]人物经验!$O$24:$O$573,S10)-INDEX([1]人物经验!$O$24:$O$573,Q10)-INDEX([1]人物经验!$N$24:$N$573,Q10)*R10,0),"") -> 29 | W10: =IF(K10="金币",INT(V10/[2]货币基础!$B$6*3600*INDEX([1]人物经验!$K$24:$K$573,P10)/1000+1)*1000,"") | Y10: =IF(K10="元宝",X10/[2]货币基础!$B$5,"") | AA10: =IF(K10="钻石",Z10/[2]货币基础!$B$4,"") | AD10: 获得坐骑 | AE10: 1级白
G11: 主线任务100006 | H11: 对话送衣服 | I11: 5 | J11: =SUM($I$6:I11)/60 -> 0.58333333 | K11: 经验 | L11: 新手白衣服 | P11: 13 | Q11: =S10 -> 13 | R11: =T10 -> 0 | S11: 15 | T11: 0 | U11: =IF(K11="经验",ROUND(INDEX([1]人物经验!$N$24:$N$573,S11)*T11+INDEX([1]人物经验!$O$24:$O$573,S11)-INDEX([1]人物经验!$O$24:$O$573,Q11)-INDEX([1]人物经验!$N$24:$N$573,Q11)*R11,0),"") -> 35 | W11: =IF(K11="金币",INT(V11/[2]货币基础!$B$6*3600*INDEX([1]人物经验!$K$24:$K$573,P11)/1000+1)*1000,"") | Y11: =IF(K11="元宝",X11/[2]货币基础!$B$5,"") | AA11: =IF(K11="钻石",Z11/[2]货币基础!$B$4,"") | AE11: 1级白
G12: 主线任务100007 | H12: 穿戴衣服 | I12: 5 | J12: =SUM($I$6:I12)/60 -> 0.66666667 | K12: 经验 | P12: 15 | Q12: =S11 -> 15 | R12: =T11 -> 0 | S12: 17 | T12: 0 | U12: =IF(K12="经验",ROUND(INDEX([1]人物经验!$N$24:$N$573,S12)*T12+INDEX([1]人物经验!$O$24:$O$573,S12)-INDEX([1]人物经验!$O$24:$O$573,Q12)-INDEX([1]人物经验!$N$24:$N$573,Q12)*R12,0),"") -> 41 | W12: =IF(K12="金币",INT(V12/[2]货币基础!$B$6*3600*INDEX([1]人物经验!$K$24:$K$573,P12)/1000+1)*1000,"") | Y12: =IF(K12="元宝",X12/[2]货币基础!$B$5,"") | AA12: =IF(K12="钻石",Z12/[2]货币基础!$B$4,"") | AE12: 1级白 | AJ12: 1级白
G13: 主线任务100008 | H13: 对话激活技能1 | I13: 10 | J13: =SUM($I$6:I13)/60 -> 0.83333333 | K13: 经验 | P13: 17 | Q13: =S12 -> 17 | R13: =T12 -> 0 | S13: 20 | T13: 0 | U13: =IF(K13="经验",ROUND(INDEX([1]人物经验!$N$24:$N$573,S13)*T13+INDEX([1]人物经验!$O$24:$O$573,S13)-INDEX([1]人物经验!$O$24:$O$573,Q13)-INDEX([1]人物经验!$N$24:$N$573,Q13)*R13,0),"") -> 71 | W13: =IF(K13="金币",INT(V13/[2]货币基础!$B$6*3600*INDEX([1]人物经验!$K$24:$K$573,P13)/1000+1)*1000,"") | Y13: =IF(K13="元宝",X13/[2]货币基础!$B$5,"") | AA13: =IF(K13="钻石",Z13/[2]货币基础!$B$4,"") | AD13: 激活技能1 | AE13: 1级白 | AJ13: 1级白
G14: 主线任务100009 | H14: 对话送头盔护手 | I14: 10 | J14: =SUM($I$6:I14)/60 -> 1 | K14: 新手白头盔 | L14: 新手白护手 | P14: 20 | Q14: =S13 -> 20 | R14: =T13 -> 0 | S14: 20 | T14: 0 | U14: =IF(K14="经验",ROUND(INDEX([1]人物经验!$N$24:$N$573,S14)*T14+INDEX([1]人物经验!$O$24:$O$573,S14)-INDEX([1]人物经验!$O$24:$O$573,Q14)-INDEX([1]人物经验!$N$24:$N$573,Q14)*R14,0),"") | W14: =IF(K14="金币",INT(V14/[2]货币基础!$B$6*3600*INDEX([1]人物经验!$K$24:$K$573,P14)/1000+1)*1000,"") | Y14: =IF(K14="元宝",X14/[2]货币基础!$B$5,"") | AA14: =IF(K14="钻石",Z14/[2]货币基础!$B$4,"") | AE14: 1级白 | AJ14: 1级白
A15: 2 | B15: 天门 | C15: 20 | D15: =C27 -> 40 | E15: =SUM(I15:I26)/60 -> 1 | F15: =VLOOKUP(D15,新手阶段非R升级节奏!$A$2:$C$222,3,0)-VLOOKUP(C15,新手阶段非R升级节奏!$A$2:$C$222,3,0) -> 725 | G15: 主线任务100010 | H15: 对话 | I15: 5 | J15: =SUM($I$6:I15)/60 -> 1.0833333 | K15: 经验 | L15: 新手白腰带 | M15: 新手白戒指 | P15: 20 | Q15: =S14 -> 20 | R15: =T14 -> 0 | S15: 22 | T15: 0 | U15: =IF(K15="经验",ROUND(INDEX([1]人物经验!$N$24:$N$573,S15)*T15+INDEX([1]人物经验!$O$24:$O$573,S15)-INDEX([1]人物经验!$O$24:$O$573,Q15)-INDEX([1]人物经验!$N$24:$N$573,Q15)*R15,0),"") -> 54 | W15: =IF(K15="金币",INT(V15/[2]货币基础!$B$6*3600*INDEX([1]人物经验!$K$24:$K$573,P15)/1000+1)*1000,"") | Y15: =IF(K15="元宝",X15/[2]货币基础!$B$5,"") | AA15: =IF(K15="钻石",Z15/[2]货币基础!$B$4,"") | AE15: 1级白 | AJ15: 1级白
G16: 主线任务100011 | H16: 一键穿戴 | I16: 5 | J16: =SUM($I$6:I16)/60 -> 1.1666667 | K16: 经验 | P16: 22 | Q16: =S15 -> 22 | R16: =T15 -> 0 | S16: 24 | T16: 0 | U16: =IF(K16="经验",ROUND(INDEX([1]人物经验!$N$24:$N$573,S16)*T16+INDEX([1]人物经验!$O$24:$O$573,S16)-INDEX([1]人物经验!$O$24:$O$573,Q16)-INDEX([1]人物经验!$N$24:$N$573,Q16)*R16,0),"") -> 58 | W16: =IF(K16="金币",INT(V16/[2]货币基础!$B$6*3600*INDEX([1]人物经验!$K$24:$K$573,P16)/1000+1)*1000,"") | Y16: =IF(K16="元宝",X16/[2]货币基础!$B$5,"") | AA16: =IF(K16="钻石",Z16/[2]货币基础!$B$4,"") | AE16: 1级白 | AG16: 1级白 | AH16: 1级白 | AI16: 1级白 | AJ16: 1级白 | AK16: 1级白
G17: 杀怪1 | I17: 6 | J17: =SUM($I$6:I17)/60 -> 1.2666667 | K17: 经验 | P17: 24 | Q17: =S16 -> 24 | R17: =T16 -> 0 | S17: 30 | T17: 0 | U17: =IF(K17="经验",ROUND(INDEX([1]人物经验!$N$24:$N$573,S17)*T17+INDEX([1]人物经验!$O$24:$O$573,S17)-INDEX([1]人物经验!$O$24:$O$573,Q17)-INDEX([1]人物经验!$N$24:$N$573,Q17)*R17,0),"") -> 194 | W17: =IF(K17="金币",INT(V17/[2]货币基础!$B$6*3600*INDEX([1]人物经验!$K$24:$K$573,P17)/1000+1)*1000,"") | Y17: =IF(K17="元宝",X17/[2]货币基础!$B$5,"") | AA17: =IF(K17="钻石",Z17/[2]货币基础!$B$4,"") | AE17: 1级白 | AG17: 1级白 | AH17: 1级白 | AI17: 1级白 | AJ17: 1级白 | AK17: 1级白
G18: 主线任务100012 | H18: 交杀怪1 | I18: 4 | J18: =SUM($I$6:I18)/60 -> 1.3333333 | K18: 经验 | P18: 30 | Q18: =S17 -> 30 | R18: =T17 -> 0 | S18: 31 | T18: 0 | U18: =IF(K18="经验",ROUND(INDEX([1]人物经验!$N$24:$N$573,S18)*T18+INDEX([1]人物经验!$O$24:$O$573,S18)-INDEX([1]人物经验!$O$24:$O$573,Q18)-INDEX([1]人物经验!$N$24:$N$573,Q18)*R18,0),"") -> 36 | W18: =IF(K18="金币",INT(V18/[2]货币基础!$B$6*3600*INDEX([1]人物经验!$K$24:$K$573,P18)/1000+1)*1000,"") | Y18: =IF(K18="元宝",X18/[2]货币基础!$B$5,"") | AA18: =IF(K18="钻石",Z18/[2]货币基础!$B$4,"") | AE18: 1级白 | AG18: 1级白 | AH18: 1级白 | AI18: 1级白 | AJ18: 1级白 | AK18: 1级白
G19: 主线任务100013 | H19: 对话 | I19: 5 | J19: =SUM($I$6:I19)/60 -> 1.4166667 | K19: 经验 | L19: 大招碎片1 | P19: 31 | Q19: =S18 -> 31 | R19: =T18 -> 0 | S19: 32 | T19: 0 | U19: =IF(K19="经验",ROUND(INDEX([1]人物经验!$N$24:$N$573,S19)*T19+INDEX([1]人物经验!$O$24:$O$573,S19)-INDEX([1]人物经验!$O$24:$O$573,Q19)-INDEX([1]人物经验!$N$24:$N$573,Q19)*R19,0),"") -> 37 | W19: =IF(K19="金币",INT(V19/[2]货币基础!$B$6*3600*INDEX([1]人物经验!$K$24:$K$573,P19)/1000+1)*1000,"") | Y19: =IF(K19="元宝",X19/[2]货币基础!$B$5,"") | AA19: =IF(K19="钻石",Z19/[2]货币基础!$B$4,"") | AE19: 1级白 | AG19: 1级白 | AH19: 1级白 | AI19: 1级白 | AJ19: 1级白 | AK19: 1级白
G20: 主线任务100014 | H20: 激活大招碎片1 | I20: 5 | J20: =SUM($I$6:I20)/60 -> 1.5 | K20: 元宝 | P20: 32 | Q20: =S19 -> 32 | R20: =T19 -> 0 | S20: 32 | T20: 0 | U20: =IF(K20="经验",ROUND(INDEX([1]人物经验!$N$24:$N$573,S20)*T20+INDEX([1]人物经验!$O$24:$O$573,S20)-INDEX([1]人物经验!$O$24:$O$573,Q20)-INDEX([1]人物经验!$N$24:$N$573,Q20)*R20,0),"") | W20: =IF(K20="金币",INT(V20/[2]货币基础!$B$6*3600*INDEX([1]人物经验!$K$24:$K$573,P20)/1000+1)*1000,"") | X20: 0.5 | Y20: =IF(K20="元宝",X20/[2]货币基础!$B$5,"") -> 5000 | AA20: =IF(K20="钻石",Z20/[2]货币基础!$B$4,"") | AE20: 1级白 | AG20: 1级白 | AH20: 1级白 | AI20: 1级白 | AJ20: 1级白 | AK20: 1级白
G21: 主线任务100015 | H21: 对话 | I21: 5 | J21: =SUM($I$6:I21)/60 -> 1.5833333 | K21: 经验 | L21: 大招碎片2 | P21: 32 | Q21: =S20 -> 32 | R21: =T20 -> 0 | S21: 33 | T21: 0 | U21: =IF(K21="经验",ROUND(INDEX([1]人物经验!$N$24:$N$573,S21)*T21+INDEX([1]人物经验!$O$24:$O$573,S21)-INDEX([1]人物经验!$O$24:$O$573,Q21)-INDEX([1]人物经验!$N$24:$N$573,Q21)*R21,0),"") -> 39 | W21: =IF(K21="金币",INT(V21/[2]货币基础!$B$6*3600*INDEX([1]人物经验!$K$24:$K$573,P21)/1000+1)*1000,"") | Y21: =IF(K21="元宝",X21/[2]货币基础!$B$5,"") | AA21: =IF(K21="钻石",Z21/[2]货币基础!$B$4,"") | AE21: 1级白 | AG21: 1级白 | AH21: 1级白 | AI21: 1级白 | AJ21: 1级白 | AK21: 1级白
G22: 主线任务100016 | H22: 激活大招碎片2 | I22: 5 | J22: =SUM($I$6:I22)/60 -> 1.6666667 | K22: 元宝 | P22: 33 | Q22: =S21 -> 33 | R22: =T21 -> 0 | S22: 33 | T22: 0 | U22: =IF(K22="经验",ROUND(INDEX([1]人物经验!$N$24:$N$573,S22)*T22+INDEX([1]人物经验!$O$24:$O$573,S22)-INDEX([1]人物经验!$O$24:$O$573,Q22)-INDEX([1]人物经验!$N$24:$N$573,Q22)*R22,0),"") | W22: =IF(K22="金币",INT(V22/[2]货币基础!$B$6*3600*INDEX([1]人物经验!$K$24:$K$573,P22)/1000+1)*1000,"") | X22: 0.5 | Y22: =IF(K22="元宝",X22/[2]货币基础!$B$5,"") -> 5000 | AA22: =IF(K22="钻石",Z22/[2]货币基础!$B$4,"") | AE22: 1级白 | AG22: 1级白 | AH22: 1级白 | AI22: 1级白 | AJ22: 1级白 | AK22: 1级白
G23: 主线任务100017 | H23: 激活神器 | I23: 0 | J23: =SUM($I$6:I23)/60 -> 1.6666667 | K23: 钻石 | P23: 33 | Q23: =S22 -> 33 | R23: =T22 -> 0 | S23: 33 | T23: 0 | U23: =IF(K23="经验",ROUND(INDEX([1]人物经验!$N$24:$N$573,S23)*T23+INDEX([1]人物经验!$O$24:$O$573,S23)-INDEX([1]人物经验!$O$24:$O$573,Q23)-INDEX([1]人物经验!$N$24:$N$573,Q23)*R23,0),"") | W23: =IF(K23="金币",INT(V23/[2]货币基础!$B$6*3600*INDEX([1]人物经验!$K$24:$K$573,P23)/1000+1)*1000,"") | Y23: =IF(K23="元宝",X23/[2]货币基础!$B$5,"") | Z23: 1 | AA23: =IF(K23="钻石",Z23/[2]货币基础!$B$4,"") -> 100 | AE23: 1级白 | AG23: 1级白 | AH23: 1级白 | AI23: 1级白 | AJ23: 1级白 | AK23: 1级白
G24: 杀怪2 | I24: 5 | J24: =SUM($I$6:I24)/60 -> 1.75 | K24: 经验 | P24: 33 | Q24: =S23 -> 33 | R24: =T23 -> 0 | S24: 39 | T24: 0 | U24: =IF(K24="经验",ROUND(INDEX([1]人物经验!$N$24:$N$573,S24)*T24+INDEX([1]人物经验!$O$24:$O$573,S24)-INDEX([1]人物经验!$O$24:$O$573,Q24)-INDEX([1]人物经验!$N$24:$N$573,Q24)*R24,0),"") -> 259 | W24: =IF(K24="金币",INT(V24/[2]货币基础!$B$6*3600*INDEX([1]人物经验!$K$24:$K$573,P24)/1000+1)*1000,"") | Y24: =IF(K24="元宝",X24/[2]货币基础!$B$5,"") | AA24: =IF(K24="钻石",Z24/[2]货币基础!$B$4,"") | AD24: 大招引导1 | AE24: 1级白 | AG24: 1级白 | AH24: 1级白 | AI24: 1级白 | AJ24: 1级白 | AK24: 1级白
G25: 主线任务100018 | H25: 交杀怪2 | I25: 5 | J25: =SUM($I$6:I25)/60 -> 1.8333333 | K25: 经验 | P25: 39 | Q25: =S24 -> 39 | R25: =T24 -> 0 | S25: 40 | T25: 0 | U25: =IF(K25="经验",ROUND(INDEX([1]人物经验!$N$24:$N$573,S25)*T25+INDEX([1]人物经验!$O$24:$O$573,S25)-INDEX([1]人物经验!$O$24:$O$573,Q25)-INDEX([1]人物经验!$N$24:$N$573,Q25)*R25,0),"") -> 48 | W25: =IF(K25="金币",INT(V25/[2]货币基础!$B$6*3600*INDEX([1]人物经验!$K$24:$K$573,P25)/1000+1)*1000,"") | Y25: =IF(K25="元宝",X25/[2]货币基础!$B$5,"") | AA25: =IF(K25="钻石",Z25/[2]货币基础!$B$4,"") | AE25: 1级白 | AG25: 1级白 | AH25: 1级白 | AI25: 1级白 | AJ25: 1级白 | AK25: 1级白
G26: 主线任务100019 | H26: 对话 | I26: 10 | J26: =SUM($I$6:I26)/60 -> 2 | K26: 新手白项链 | L26: 新手白靴子 | P26: 40 | Q26: =S25 -> 40 | R26: =T25 -> 0 | S26: 40 | T26: 0 | U26: =IF(K26="经验",ROUND(INDEX([1]人物经验!$N$24:$N$573,S26)*T26+INDEX([1]人物经验!$O$24:$O$573,S26)-INDEX([1]人物经验!$O$24:$O$573,Q26)-INDEX([1]人物经验!$N$24:$N$573,Q26)*R26,0),"") | W26: =IF(K26="金币",INT(V26/[2]货币基础!$B$6*3600*INDEX([1]人物经验!$K$24:$K$573,P26)/1000+1)*1000,"") | Y26: =IF(K26="元宝",X26/[2]货币基础!$B$5,"") | AA26: =IF(K26="钻石",Z26/[2]货币基础!$B$4,"") | AE26: 1级白 | AF26: 1级白 | AG26: 1级白 | AH26: 1级白 | AI26: 1级白 | AJ26: 1级白 | AK26: 1级白 | AL26: 1级白
A27: 3 | B27: 云梦幻境 | C27: 40 | D27: =C44 -> 50 | E27: =SUM(I27:I43)/60 -> 2 | F27: =VLOOKUP(D27,新手阶段非R升级节奏!$A$2:$C$222,3,0)-VLOOKUP(C27,新手阶段非R升级节奏!$A$2:$C$222,3,0) -> 780 | G27: 主线任务100020 | H27: 对话 | I27: 10 | J27: =SUM($I$6:I27)/60 -> 2.1666667 | K27: 经验 | P27: 40 | Q27: =S26 -> 40 | R27: =T26 -> 0 | S27: 41 | T27: 0 | U27: =IF(K27="经验",ROUND(INDEX([1]人物经验!$N$24:$N$573,S27)*T27+INDEX([1]人物经验!$O$24:$O$573,S27)-INDEX([1]人物经验!$O$24:$O$573,Q27)-INDEX([1]人物经验!$N$24:$N$573,Q27)*R27,0),"") -> 49 | W27: =IF(K27="金币",INT(V27/[2]货币基础!$B$6*3600*INDEX([1]人物经验!$K$24:$K$573,P27)/1000+1)*1000,"") | Y27: =IF(K27="元宝",X27/[2]货币基础!$B$5,"") | AA27: =IF(K27="钻石",Z27/[2]货币基础!$B$4,"") | AE27: 1级白 | AF27: 1级白 | AG27: 1级白 | AH27: 1级白 | AI27: 1级白 | AJ27: 1级白 | AK27: 1级白 | AL27: 1级白
G28: 杀怪3 | I28: 9 | J28: =SUM($I$6:I28)/60 -> 2.3166667 | K28: 经验 | P28: 41 | Q28: =S27 -> 41 | R28: =T27 -> 0 | S28: 43 | T28: 0 | U28: =IF(K28="经验",ROUND(INDEX([1]人物经验!$N$24:$N$573,S28)*T28+INDEX([1]人物经验!$O$24:$O$573,S28)-INDEX([1]人物经验!$O$24:$O$573,Q28)-INDEX([1]人物经验!$N$24:$N$573,Q28)*R28,0),"") -> 130 | W28: =IF(K28="金币",INT(V28/[2]货币基础!$B$6*3600*INDEX([1]人物经验!$K$24:$K$573,P28)/1000+1)*1000,"") | Y28: =IF(K28="元宝",X28/[2]货币基础!$B$5,"") | AA28: =IF(K28="钻石",Z28/[2]货币基础!$B$4,"") | AD28: 激活技能2 | AE28: 1级白 | AF28: 1级白 | AG28: 1级白 | AH28: 1级白 | AI28: 1级白 | AJ28: 1级白 | AK28: 1级白 | AL28: 1级白
G29: 主线任务100021 | H29: 交杀怪3 | I29: 5 | J29: =SUM($I$6:I29)/60 -> 2.4 | K29: 经验 | L29: 新手绿头盔 | P29: 43 | Q29: =S28 -> 43 | R29: =T28 -> 0 | S29: 43 | T29: 0.5 | U29: =IF(K29="经验",ROUND(INDEX([1]人物经验!$N$24:$N$573,S29)*T29+INDEX([1]人物经验!$O$24:$O$573,S29)-INDEX([1]人物经验!$O$24:$O$573,Q29)-INDEX([1]人物经验!$N$24:$N$573,Q29)*R29,0),"") -> 36 | W29: =IF(K29="金币",INT(V29/[2]货币基础!$B$6*3600*INDEX([1]人物经验!$K$24:$K$573,P29)/1000+1)*1000,"") | Y29: =IF(K29="元宝",X29/[2]货币基础!$B$5,"") | AA29: =IF(K29="钻石",Z29/[2]货币基础!$B$4,"") | AE29: 1级白 | AF29: 1级白 | AG29: 1级白 | AH29: 1级白 | AI29: 1级绿 | AJ29: 1级白 | AK29: 1级白 | AL29: 1级白
G30: 主线任务100022 | H30: 对话 | I30: 10 | J30: =SUM($I$6:I30)/60 -> 2.5666667 | K30: 经验 | L30: 新手绿衣服 | P30: 43 | Q30: =S29 -> 43 | R30: =T29 -> 0.5 | S30: 44 | T30: 0 | U30: =IF(K30="经验",ROUND(INDEX([1]人物经验!$N$24:$N$573,S30)*T30+INDEX([1]人物经验!$O$24:$O$573,S30)-INDEX([1]人物经验!$O$24:$O$573,Q30)-INDEX([1]人物经验!$N$24:$N$573,Q30)*R30,0),"") -> 36 | W30: =IF(K30="金币",INT(V30/[2]货币基础!$B$6*3600*INDEX([1]人物经验!$K$24:$K$573,P30)/1000+1)*1000,"") | Y30: =IF(K30="元宝",X30/[2]货币基础!$B$5,"") | AA30: =IF(K30="钻石",Z30/[2]货币基础!$B$4,"") | AE30: 1级白 | AF30: 1级白 | AG30: 1级白 | AH30: 1级白 | AI30: 1级绿 | AJ30: 1级绿 | AK30: 1级白 | AL30: 1级白
G31: 主线任务100023 | H31: 对话 | I31: 10 | J31: =SUM($I$6:I31)/60 -> 2.7333333 | K31: 经验 | P31: 44 | Q31: =S30 -> 44 | R31: =T30 -> 0 | S31: 44 | T31: 0.5 | U31: =IF(K31="经验",ROUND(INDEX([1]人物经验!$N$24:$N$573,S31)*T31+INDEX([1]人物经验!$O$24:$O$573,S31)-INDEX([1]人物经验!$O$24:$O$573,Q31)-INDEX([1]人物经验!$N$24:$N$573,Q31)*R31,0),"") -> 38 | W31: =IF(K31="金币",INT(V31/[2]货币基础!$B$6*3600*INDEX([1]人物经验!$K$24:$K$573,P31)/1000+1)*1000,"") | Y31: =IF(K31="元宝",X31/[2]货币基础!$B$5,"") | AA31: =IF(K31="钻石",Z31/[2]货币基础!$B$4,"") | AE31: 1级白 | AF31: 1级白 | AG31: 1级白 | AH31: 1级白 | AI31: 1级绿 | AJ31: 1级绿 | AK31: 1级白 | AL31: 1级白
G32: 主线任务100024 | H32: 对话 | I32: 10 | J32: =SUM($I$6:I32)/60 -> 2.9 | K32: 经验 | P32: 44 | Q32: =S31 -> 44 | R32: =T31 -> 0.5 | S32: 45 | T32: 0 | U32: =IF(K32="经验",ROUND(INDEX([1]人物经验!$N$24:$N$573,S32)*T32+INDEX([1]人物经验!$O$24:$O$573,S32)-INDEX([1]人物经验!$O$24:$O$573,Q32)-INDEX([1]人物经验!$N$24:$N$573,Q32)*R32,0),"") -> 38 | W32: =IF(K32="金币",INT(V32/[2]货币基础!$B$6*3600*INDEX([1]人物经验!$K$24:$K$573,P32)/1000+1)*1000,"") | Y32: =IF(K32="元宝",X32/[2]货币基础!$B$5,"") | AA32: =IF(K32="钻石",Z32/[2]货币基础!$B$4,"") | AE32: 1级白 | AF32: 1级白 | AG32: 1级白 | AH32: 1级白 | AI32: 1级绿 | AJ32: 1级绿 | AK32: 1级白 | AL32: 1级白
G33: 关卡1小怪 | I33: 2 | J33: =SUM($I$6:I33)/60 -> 2.9333333 | K33: 经验 | P33: 45 | Q33: =S32 -> 45 | R33: =T32 -> 0 | S33: 45 | T33: 0 | U33: =IF(K33="经验",ROUND(INDEX([1]人物经验!$N$24:$N$573,S33)*T33+INDEX([1]人物经验!$O$24:$O$573,S33)-INDEX([1]人物经验!$O$24:$O$573,Q33)-INDEX([1]人物经验!$N$24:$N$573,Q33)*R33,0),"") -> 0 | W33: =IF(K33="金币",INT(V33/[2]货币基础!$B$6*3600*INDEX([1]人物经验!$K$24:$K$573,P33)/1000+1)*1000,"") | Y33: =IF(K33="元宝",X33/[2]货币基础!$B$5,"") | AA33: =IF(K33="钻石",Z33/[2]货币基础!$B$4,"") | AE33: 1级白 | AF33: 1级白 | AG33: 1级白 | AH33: 1级白 | AI33: 1级绿 | AJ33: 1级绿 | AK33: 1级白 | AL33: 1级白
G34: 关卡1 | I34: 5 | J34: =SUM($I$6:I34)/60 -> 3.0166667 | K34: 经验 | N34: 新手绿护手 | P34: 45 | Q34: =S33 -> 45 | R34: =T33 -> 0 | S34: 47 | T34: 0 | U34: =IF(K34="经验",ROUND(INDEX([1]人物经验!$N$24:$N$573,S34)*T34+INDEX([1]人物经验!$O$24:$O$573,S34)-INDEX([1]人物经验!$O$24:$O$573,Q34)-INDEX([1]人物经验!$N$24:$N$573,Q34)*R34,0),"") -> 168 | W34: =IF(K34="金币",INT(V34/[2]货币基础!$B$6*3600*INDEX([1]人物经验!$K$24:$K$573,P34)/1000+1)*1000,"") | Y34: =IF(K34="元宝",X34/[2]货币基础!$B$5,"") | AA34: =IF(K34="钻石",Z34/[2]货币基础!$B$4,"") | AE34: 1级白 | AF34: 1级白 | AG34: 1级白 | AH34: 1级绿 | AI34: 1级绿 | AJ34: 1级绿 | AK34: 1级白 | AL34: 1级白
G35: 主线任务100025 | H35: 通关关卡1 | I35: 5 | K35: 元宝 | P35: 47 | Q35: =S34 -> 47 | R35: =T34 -> 0 | S35: 47 | T35: 0 | U35: =IF(K35="经验",ROUND(INDEX([1]人物经验!$N$24:$N$573,S35)*T35+INDEX([1]人物经验!$O$24:$O$573,S35)-INDEX([1]人物经验!$O$24:$O$573,Q35)-INDEX([1]人物经验!$N$24:$N$573,Q35)*R35,0),"") | W35: =IF(K35="金币",INT(V35/[2]货币基础!$B$6*3600*INDEX([1]人物经验!$K$24:$K$573,P35)/1000+1)*1000,"") | X35: 0.5 | Y35: =IF(K35="元宝",X35/[2]货币基础!$B$5,"") -> 5000 | AA35: =IF(K35="钻石",Z35/[2]货币基础!$B$4,"") | AE35: 1级白 | AF35: 1级白 | AG35: 1级白 | AH35: 1级绿 | AI35: 1级绿 | AJ35: 1级绿 | AK35: 1级白 | AL35: 1级白
G36: 关卡2小怪 | I36: 2 | J36: =SUM($I$6:I36)/60 -> 3.1333333 | K36: 经验 | P36: 47 | Q36: =S35 -> 47 | R36: =T35 -> 0 | S36: 47 | T36: 0 | U36: =IF(K36="经验",ROUND(INDEX([1]人物经验!$N$24:$N$573,S36)*T36+INDEX([1]人物经验!$O$24:$O$573,S36)-INDEX([1]人物经验!$O$24:$O$573,Q36)-INDEX([1]人物经验!$N$24:$N$573,Q36)*R36,0),"") -> 0 | W36: =IF(K36="金币",INT(V36/[2]货币基础!$B$6*3600*INDEX([1]人物经验!$K$24:$K$573,P36)/1000+1)*1000,"") | Y36: =IF(K36="元宝",X36/[2]货币基础!$B$5,"") | AA36: =IF(K36="钻石",Z36/[2]货币基础!$B$4,"") | AE36: 1级白 | AF36: 1级白 | AG36: 1级白 | AH36: 1级绿 | AI36: 1级绿 | AJ36: 1级绿 | AK36: 1级白 | AL36: 1级白
G37: 关卡2 | I37: 10 | J37: =SUM($I$6:I37)/60 -> 3.3 | K37: 经验 | N37: 新手绿腰带 | P37: 47 | Q37: =S36 -> 47 | R37: =T36 -> 0 | S37: 48 | T37: 0 | U37: =IF(K37="经验",ROUND(INDEX([1]人物经验!$N$24:$N$573,S37)*T37+INDEX([1]人物经验!$O$24:$O$573,S37)-INDEX([1]人物经验!$O$24:$O$573,Q37)-INDEX([1]人物经验!$N$24:$N$573,Q37)*R37,0),"") -> 90 | W37: =IF(K37="金币",INT(V37/[2]货币基础!$B$6*3600*INDEX([1]人物经验!$K$24:$K$573,P37)/1000+1)*1000,"") | Y37: =IF(K37="元宝",X37/[2]货币基础!$B$5,"") | AA37: =IF(K37="钻石",Z37/[2]货币基础!$B$4,"") | AE37: 1级白 | AF37: 1级白 | AG37: 1级白 | AH37: 1级绿 | AI37: 1级绿 | AJ37: 1级绿 | AK37: 1级绿 | AL37: 1级白
G38: 主线任务100026 | H38: 通关关卡2 | I38: 5 | K38: 元宝 | P38: 48 | Q38: =S37 -> 48 | R38: =T37 -> 0 | S38: 48 | T38: 0 | U38: =IF(K38="经验",ROUND(INDEX([1]人物经验!$N$24:$N$573,S38)*T38+INDEX([1]人物经验!$O$24:$O$573,S38)-INDEX([1]人物经验!$O$24:$O$573,Q38)-INDEX([1]人物经验!$N$24:$N$573,Q38)*R38,0),"") | W38: =IF(K38="金币",INT(V38/[2]货币基础!$B$6*3600*INDEX([1]人物经验!$K$24:$K$573,P38)/1000+1)*1000,"") | X38: 0.5 | Y38: =IF(K38="元宝",X38/[2]货币基础!$B$5,"") -> 5000 | AA38: =IF(K38="钻石",Z38/[2]货币基础!$B$4,"") | AD38: 激活技能3 | AE38: 1级白 | AF38: 1级白 | AG38: 1级白 | AH38: 1级绿 | AI38: 1级绿 | AJ38: 1级绿 | AK38: 1级绿 | AL38: 1级白
G39: 关卡3小怪 | I39: 2 | J39: =SUM($I$6:I39)/60 -> 3.4166667 | K39: 经验 | P39: 48 | Q39: =S38 -> 48 | R39: =T38 -> 0 | S39: 48 | T39: 0 | U39: =IF(K39="经验",ROUND(INDEX([1]人物经验!$N$24:$N$573,S39)*T39+INDEX([1]人物经验!$O$24:$O$573,S39)-INDEX([1]人物经验!$O$24:$O$573,Q39)-INDEX([1]人物经验!$N$24:$N$573,Q39)*R39,0),"") -> 0 | W39: =IF(K39="金币",INT(V39/[2]货币基础!$B$6*3600*INDEX([1]人物经验!$K$24:$K$573,P39)/1000+1)*1000,"") | Y39: =IF(K39="元宝",X39/[2]货币基础!$B$5,"") | AA39: =IF(K39="钻石",Z39/[2]货币基础!$B$4,"") | AE39: 1级白 | AF39: 1级白 | AG39: 1级白 | AH39: 1级绿 | AI39: 1级绿 | AJ39: 1级绿 | AK39: 1级绿 | AL39: 1级白
G40: 关卡3 | I40: 10 | J40: =SUM($I$6:I40)/60 -> 3.5833333 | K40: 经验 | P40: 48 | Q40: =S39 -> 48 | R40: =T39 -> 0 | S40: 49 | T40: 0 | U40: =IF(K40="经验",ROUND(INDEX([1]人物经验!$N$24:$N$573,S40)*T40+INDEX([1]人物经验!$O$24:$O$573,S40)-INDEX([1]人物经验!$O$24:$O$573,Q40)-INDEX([1]人物经验!$N$24:$N$573,Q40)*R40,0),"") -> 94 | W40: =IF(K40="金币",INT(V40/[2]货币基础!$B$6*3600*INDEX([1]人物经验!$K$24:$K$573,P40)/1000+1)*1000,"") | Y40: =IF(K40="元宝",X40/[2]货币基础!$B$5,"") | AA40: =IF(K40="钻石",Z40/[2]货币基础!$B$4,"") | AE40: 1级白 | AF40: 1级白 | AG40: 1级白 | AH40: 1级绿 | AI40: 1级绿 | AJ40: 1级绿 | AK40: 1级绿 | AL40: 1级白
G41: 主线任务100027 | H41: 通关关卡3 | I41: 5 | J41: =SUM($I$6:I41)/60 -> 3.6666667 | K41: 元宝 | P41: 49 | Q41: =S40 -> 49 | R41: =T40 -> 0 | S41: 49 | T41: 0 | U41: =IF(K41="经验",ROUND(INDEX([1]人物经验!$N$24:$N$573,S41)*T41+INDEX([1]人物经验!$O$24:$O$573,S41)-INDEX([1]人物经验!$O$24:$O$573,Q41)-INDEX([1]人物经验!$N$24:$N$573,Q41)*R41,0),"") | W41: =IF(K41="金币",INT(V41/[2]货币基础!$B$6*3600*INDEX([1]人物经验!$K$24:$K$573,P41)/1000+1)*1000,"") | X41: 0.5 | Y41: =IF(K41="元宝",X41/[2]货币基础!$B$5,"") -> 5000 | AA41: =IF(K41="钻石",Z41/[2]货币基础!$B$4,"") | AE41: 1级白 | AF41: 1级白 | AG41: 1级白 | AH41: 1级绿 | AI41: 1级绿 | AJ41: 1级绿 | AK41: 1级绿 | AL41: 1级白
G42: 主线任务100028 | H42: 一键穿戴 | I42: 10 | J42: =SUM($I$6:I42)/60 -> 3.8333333 | K42: 经验 | P42: 49 | Q42: =S41 -> 49 | R42: =T41 -> 0 | S42: 49 | T42: 0.5 | U42: =IF(K42="经验",ROUND(INDEX([1]人物经验!$N$24:$N$573,S42)*T42+INDEX([1]人物经验!$O$24:$O$573,S42)-INDEX([1]人物经验!$O$24:$O$573,Q42)-INDEX([1]人物经验!$N$24:$N$573,Q42)*R42,0),"") -> 52 | W42: =IF(K42="金币",INT(V42/[2]货币基础!$B$6*3600*INDEX([1]人物经验!$K$24:$K$573,P42)/1000+1)*1000,"") | Y42: =IF(K42="元宝",X42/[2]货币基础!$B$5,"") | AA42: =IF(K42="钻石",Z42/[2]货币基础!$B$4,"") | AE42: 1级白 | AF42: 1级白 | AG42: 1级白 | AH42: 1级绿 | AI42: 1级绿 | AJ42: 1级绿 | AK42: 1级绿 | AL42: 1级白
G43: 主线任务100029 | H43: 对话 | I43: 10 | J43: =SUM($I$6:I43)/60 -> 4 | K43: 经验 | P43: 49 | Q43: =S42 -> 49 | R43: =T42 -> 0.5 | S43: 50 | T43: 0 | U43: =IF(K43="经验",ROUND(INDEX([1]人物经验!$N$24:$N$573,S43)*T43+INDEX([1]人物经验!$O$24:$O$573,S43)-INDEX([1]人物经验!$O$24:$O$573,Q43)-INDEX([1]人物经验!$N$24:$N$573,Q43)*R43,0),"") -> 52 | W43: =IF(K43="金币",INT(V43/[2]货币基础!$B$6*3600*INDEX([1]人物经验!$K$24:$K$573,P43)/1000+1)*1000,"") | Y43: =IF(K43="元宝",X43/[2]货币基础!$B$5,"") | AA43: =IF(K43="钻石",Z43/[2]货币基础!$B$4,"") | AE43: 1级白 | AF43: 1级白 | AG43: 1级白 | AH43: 1级绿 | AI43: 1级绿 | AJ43: 1级绿 | AK43: 1级绿 | AL43: 1级白
A44: 4 | B44: 天阙城 | C44: 50 | D44: =C51 -> 60 | E44: =SUM(I44:I50)/60 -> 2 | F44: =VLOOKUP(D44,新手阶段非R升级节奏!$A$2:$C$222,3,0)-VLOOKUP(C44,新手阶段非R升级节奏!$A$2:$C$222,3,0) -> 1460 | G44: 主线任务100030 | H44: 对话 | I44: 5 | J44: =SUM($I$6:I44)/60 -> 4.0833333 | K44: 经验 | P44: 50 | Q44: =S43 -> 50 | R44: =T43 -> 0 | S44: 52 | T44: 0 | U44: =IF(K44="经验",ROUND(INDEX([1]人物经验!$N$24:$N$573,S44)*T44+INDEX([1]人物经验!$O$24:$O$573,S44)-INDEX([1]人物经验!$O$24:$O$573,Q44)-INDEX([1]人物经验!$N$24:$N$573,Q44)*R44,0),"") -> 221 | W44: =IF(K44="金币",INT(V44/[2]货币基础!$B$6*3600*INDEX([1]人物经验!$K$24:$K$573,P44)/1000+1)*1000,"") | Y44: =IF(K44="元宝",X44/[2]货币基础!$B$5,"") | AA44: =IF(K44="钻石",Z44/[2]货币基础!$B$4,"") | AD44: 第二套装备 | AE44: 1级白 | AF44: 1级白 | AG44: 1级白 | AH44: 1级绿 | AI44: 1级绿 | AJ44: 1级绿 | AK44: 1级绿 | AL44: 1级白
G45: 主线任务100031 | H45: 对话 | I45: 5 | J45: =SUM($I$6:I45)/60 -> 4.1666667 | K45: 经验 | P45: 52 | Q45: =S44 -> 52 | R45: =T44 -> 0 | S45: 54 | T45: 0 | U45: =IF(K45="经验",ROUND(INDEX([1]人物经验!$N$24:$N$573,S45)*T45+INDEX([1]人物经验!$O$24:$O$573,S45)-INDEX([1]人物经验!$O$24:$O$573,Q45)-INDEX([1]人物经验!$N$24:$N$573,Q45)*R45,0),"") -> 253 | W45: =IF(K45="金币",INT(V45/[2]货币基础!$B$6*3600*INDEX([1]人物经验!$K$24:$K$573,P45)/1000+1)*1000,"") | Y45: =IF(K45="元宝",X45/[2]货币基础!$B$5,"") | AA45: =IF(K45="钻石",Z45/[2]货币基础!$B$4,"") | AE45: 1级白 | AF45: 1级白 | AG45: 1级白 | AH45: 1级绿 | AI45: 1级绿 | AJ45: 1级绿 | AK45: 1级绿 | AL45: 1级白
G46: 主线任务100032 | H46: 装备熔炼 | I46: 30 | J46: =SUM($I$6:I46)/60 -> 4.6666667 | K46: 强化石 | P46: 54 | Q46: =S45 -> 54 | R46: =T45 -> 0 | S46: 54 | T46: 0 | U46: =IF(K46="经验",ROUND(INDEX([1]人物经验!$N$24:$N$573,S46)*T46+INDEX([1]人物经验!$O$24:$O$573,S46)-INDEX([1]人物经验!$O$24:$O$573,Q46)-INDEX([1]人物经验!$N$24:$N$573,Q46)*R46,0),"") | W46: =IF(K46="金币",INT(V46/[2]货币基础!$B$6*3600*INDEX([1]人物经验!$K$24:$K$573,P46)/1000+1)*1000,"") | Y46: =IF(K46="元宝",X46/[2]货币基础!$B$5,"") | AA46: =IF(K46="钻石",Z46/[2]货币基础!$B$4,"") | AB46: 10 | AC46: =INT(AB46/[2]总产出框架!$C$93*[3]装备强化!$AR$47/1000)*1000 -> 9000 | AE46: 1级白 | AF46: 1级白 | AG46: 1级白 | AH46: 1级绿 | AI46: 1级绿 | AJ46: 1级绿 | AK46: 1级绿 | AL46: 1级白
G47: 主线任务100033 | H47: 装备强化 | I47: 30 | J47: =SUM($I$6:I47)/60 -> 5.1666667 | K47: 经验 | L47: 50绿靴子 | P47: 54 | Q47: =S46 -> 54 | R47: =T46 -> 0 | S47: 56 | T47: 0 | U47: =IF(K47="经验",ROUND(INDEX([1]人物经验!$N$24:$N$573,S47)*T47+INDEX([1]人物经验!$O$24:$O$573,S47)-INDEX([1]人物经验!$O$24:$O$573,Q47)-INDEX([1]人物经验!$N$24:$N$573,Q47)*R47,0),"") -> 289 | W47: =IF(K47="金币",INT(V47/[2]货币基础!$B$6*3600*INDEX([1]人物经验!$K$24:$K$573,P47)/1000+1)*1000,"") | Y47: =IF(K47="元宝",X47/[2]货币基础!$B$5,"") | AA47: =IF(K47="钻石",Z47/[2]货币基础!$B$4,"") | AE47: 1级白 | AF47: 1级白 | AG47: 1级白 | AH47: 1级绿 | AI47: 1级绿 | AJ47: 1级绿 | AK47: 1级绿 | AL47: 50级绿
G48: 主线任务100034 | H48: 对话 | I48: 10 | J48: =SUM($I$6:I48)/60 -> 5.3333333 | K48: 金币 | L48: 50紫戒指 | P48: 56 | Q48: =S47 -> 56 | R48: =T47 -> 0 | S48: 56 | T48: 0 | U48: =IF(K48="经验",ROUND(INDEX([1]人物经验!$N$24:$N$573,S48)*T48+INDEX([1]人物经验!$O$24:$O$573,S48)-INDEX([1]人物经验!$O$24:$O$573,Q48)-INDEX([1]人物经验!$N$24:$N$573,Q48)*R48,0),"") | V48: 10 | W48: =IF(K48="金币",INT(V48/[2]货币基础!$B$6*3600*INDEX([1]人物经验!$K$24:$K$573,P48)/1000+1)*1000,"") -> 20000 | Y48: =IF(K48="元宝",X48/[2]货币基础!$B$5,"") | AA48: =IF(K48="钻石",Z48/[2]货币基础!$B$4,"") | AD48: 激活技能4 | AE48: 1级白 | AF48: 1级白 | AG48: 50级紫 | AH48: 1级绿 | AI48: 1级绿 | AJ48: 1级绿 | AK48: 1级绿 | AL48: 50级绿
G49: 主线任务100035 | H49: 技能升级 | I49: 30 | J49: =SUM($I$6:I49)/60 -> 5.8333333 | K49: 经验 | P49: 56 | Q49: =S48 -> 56 | R49: =T48 -> 0 | S49: 58 | T49: 0 | U49: =IF(K49="经验",ROUND(INDEX([1]人物经验!$N$24:$N$573,S49)*T49+INDEX([1]人物经验!$O$24:$O$573,S49)-INDEX([1]人物经验!$O$24:$O$573,Q49)-INDEX([1]人物经验!$N$24:$N$573,Q49)*R49,0),"") -> 325 | W49: =IF(K49="金币",INT(V49/[2]货币基础!$B$6*3600*INDEX([1]人物经验!$K$24:$K$573,P49)/1000+1)*1000,"") | Y49: =IF(K49="元宝",X49/[2]货币基础!$B$5,"") | AA49: =IF(K49="钻石",Z49/[2]货币基础!$B$4,"") | AE49: 1级白 | AF49: 1级白 | AG49: 50级紫 | AH49: 1级绿 | AI49: 1级绿 | AJ49: 1级绿 | AK49: 1级绿 | AL49: 50级绿
G50: 主线任务100036 | H50: 对话 | I50: 10 | J50: =SUM($I$6:I50)/60 -> 6 | K50: 经验 | L50: 50紫武器 | P50: 58 | Q50: =S49 -> 58 | R50: =T49 -> 0 | S50: 60 | T50: 0 | U50: =IF(K50="经验",ROUND(INDEX([1]人物经验!$N$24:$N$573,S50)*T50+INDEX([1]人物经验!$O$24:$O$573,S50)-INDEX([1]人物经验!$O$24:$O$573,Q50)-INDEX([1]人物经验!$N$24:$N$573,Q50)*R50,0),"") -> 372 | W50: =IF(K50="金币",INT(V50/[2]货币基础!$B$6*3600*INDEX([1]人物经验!$K$24:$K$573,P50)/1000+1)*1000,"") | Y50: =IF(K50="元宝",X50/[2]货币基础!$B$5,"") | AA50: =IF(K50="钻石",Z50/[2]货币基础!$B$4,"") | AD50: 激活仙阶 | AE50: 50级紫 | AF50: 1级白 | AG50: 50级紫 | AH50: 1级绿 | AI50: 1级绿 | AJ50: 1级绿 | AK50: 1级绿 | AL50: 50级绿
A51: 5 | B51: 龙宫 | C51: 60 | D51: =C63 -> 68 | E51: =SUM(I51:I62)/60 -> 1.5 | F51: =VLOOKUP(D51,新手阶段非R升级节奏!$A$2:$C$222,3,0)-VLOOKUP(C51,新手阶段非R升级节奏!$A$2:$C$222,3,0) -> 1956 | G51: 主线任务100037 | H51: 对话 | I51: 5 | J51: =SUM($I$6:I51)/60 -> 6.0833333 | K51: 50绿衣服 | L51: 50绿项链 | P51: 60 | Q51: =S50 -> 60 | R51: =T50 -> 0 | S51: 60 | T51: 0 | U51: =IF(K51="经验",ROUND(INDEX([1]人物经验!$N$24:$N$573,S51)*T51+INDEX([1]人物经验!$O$24:$O$573,S51)-INDEX([1]人物经验!$O$24:$O$573,Q51)-INDEX([1]人物经验!$N$24:$N$573,Q51)*R51,0),"") | W51: =IF(K51="金币",INT(V51/[2]货币基础!$B$6*3600*INDEX([1]人物经验!$K$24:$K$573,P51)/1000+1)*1000,"") | Y51: =IF(K51="元宝",X51/[2]货币基础!$B$5,"") | AA51: =IF(K51="钻石",Z51/[2]货币基础!$B$4,"") | AE51: 50级紫 | AF51: 50级绿 | AG51: 50级紫 | AH51: 1级绿 | AI51: 1级绿 | AJ51: 1级绿 | AK51: 1级绿 | AL51: 50级绿
G52: 关卡4 | I52: 10 | J52: =SUM($I$6:I52)/60 -> 6.25 | K52: 经验 | P52: 60 | Q52: =S51 -> 60 | R52: =T51 -> 0 | S52: 62 | T52: 0 | U52: =IF(K52="经验",ROUND(INDEX([1]人物经验!$N$24:$N$573,S52)*T52+INDEX([1]人物经验!$O$24:$O$573,S52)-INDEX([1]人物经验!$O$24:$O$573,Q52)-INDEX([1]人物经验!$N$24:$N$573,Q52)*R52,0),"") -> 423 | W52: =IF(K52="金币",INT(V52/[2]货币基础!$B$6*3600*INDEX([1]人物经验!$K$24:$K$573,P52)/1000+1)*1000,"") | Y52: =IF(K52="元宝",X52/[2]货币基础!$B$5,"") | AA52: =IF(K52="钻石",Z52/[2]货币基础!$B$4,"") | AD52: 变身碎片1 | AE52: 50级紫 | AF52: 50级绿 | AG52: 50级紫 | AH52: 1级绿 | AI52: 1级绿 | AJ52: 1级绿 | AK52: 1级绿 | AL52: 50级绿
G53: 主线任务100038 | H53: 通关关卡4 | I53: 5 | J53: =SUM($I$6:I53)/60 -> 6.3333333 | K53: 元宝 | P53: 62 | Q53: =S52 -> 62 | R53: =T52 -> 0 | S53: 62 | T53: 0 | U53: =IF(K53="经验",ROUND(INDEX([1]人物经验!$N$24:$N$573,S53)*T53+INDEX([1]人物经验!$O$24:$O$573,S53)-INDEX([1]人物经验!$O$24:$O$573,Q53)-INDEX([1]人物经验!$N$24:$N$573,Q53)*R53,0),"") | W53: =IF(K53="金币",INT(V53/[2]货币基础!$B$6*3600*INDEX([1]人物经验!$K$24:$K$573,P53)/1000+1)*1000,"") | X53: 0.5 | Y53: =IF(K53="元宝",X53/[2]货币基础!$B$5,"") -> 5000 | AA53: =IF(K53="钻石",Z53/[2]货币基础!$B$4,"") | AE53: 50级紫 | AF53: 50级绿 | AG53: 50级紫 | AH53: 1级绿 | AI53: 1级绿 | AJ53: 1级绿 | AK53: 1级绿 | AL53: 50级绿
G54: 关卡5 | I54: 10 | J54: =SUM($I$6:I54)/60 -> 6.5 | K54: 经验 | P54: 62 | Q54: =S53 -> 62 | R54: =T53 -> 0 | S54: 64 | T54: 0 | U54: =IF(K54="经验",ROUND(INDEX([1]人物经验!$N$24:$N$573,S54)*T54+INDEX([1]人物经验!$O$24:$O$573,S54)-INDEX([1]人物经验!$O$24:$O$573,Q54)-INDEX([1]人物经验!$N$24:$N$573,Q54)*R54,0),"") -> 467 | W54: =IF(K54="金币",INT(V54/[2]货币基础!$B$6*3600*INDEX([1]人物经验!$K$24:$K$573,P54)/1000+1)*1000,"") | Y54: =IF(K54="元宝",X54/[2]货币基础!$B$5,"") | AA54: =IF(K54="钻石",Z54/[2]货币基础!$B$4,"") | AD54: 变身碎片2 | AE54: 50级紫 | AF54: 50级绿 | AG54: 50级紫 | AH54: 1级绿 | AI54: 1级绿 | AJ54: 1级绿 | AK54: 1级绿 | AL54: 50级绿
G55: 主线任务100039 | H55: 通关关卡5 | I55: 5 | J55: =SUM($I$6:I55)/60 -> 6.5833333 | K55: 元宝 | P55: 64 | Q55: =S54 -> 64 | R55: =T54 -> 0 | S55: 64 | T55: 0 | U55: =IF(K55="经验",ROUND(INDEX([1]人物经验!$N$24:$N$573,S55)*T55+INDEX([1]人物经验!$O$24:$O$573,S55)-INDEX([1]人物经验!$O$24:$O$573,Q55)-INDEX([1]人物经验!$N$24:$N$573,Q55)*R55,0),"") | W55: =IF(K55="金币",INT(V55/[2]货币基础!$B$6*3600*INDEX([1]人物经验!$K$24:$K$573,P55)/1000+1)*1000,"") | X55: 0.5 | Y55: =IF(K55="元宝",X55/[2]货币基础!$B$5,"") -> 5000 | AA55: =IF(K55="钻石",Z55/[2]货币基础!$B$4,"") | AE55: 50级紫 | AF55: 50级绿 | AG55: 50级紫 | AH55: 1级绿 | AI55: 1级绿 | AJ55: 1级绿 | AK55: 1级绿 | AL55: 50级绿
G56: 关卡6 | I56: 15 | J56: =SUM($I$6:I56)/60 -> 6.8333333 | K56: 经验 | P56: 64 | Q56: =S55 -> 64 | R56: =T55 -> 0 | S56: 66 | T56: 0 | U56: =IF(K56="经验",ROUND(INDEX([1]人物经验!$N$24:$N$573,S56)*T56+INDEX([1]人物经验!$O$24:$O$573,S56)-INDEX([1]人物经验!$O$24:$O$573,Q56)-INDEX([1]人物经验!$N$24:$N$573,Q56)*R56,0),"") -> 507 | W56: =IF(K56="金币",INT(V56/[2]货币基础!$B$6*3600*INDEX([1]人物经验!$K$24:$K$573,P56)/1000+1)*1000,"") | Y56: =IF(K56="元宝",X56/[2]货币基础!$B$5,"") | AA56: =IF(K56="钻石",Z56/[2]货币基础!$B$4,"") | AD56: 变身碎片3 | AE56: 50级紫 | AF56: 50级绿 | AG56: 50级紫 | AH56: 1级绿 | AI56: 1级绿 | AJ56: 1级绿 | AK56: 1级绿 | AL56: 50级绿
G57: 主线任务100040 | H57: 通关关卡6 | I57: 5 | J57: =SUM($I$6:I57)/60 -> 6.9166667 | K57: 元宝 | P57: 66 | Q57: =S56 -> 66 | R57: =T56 -> 0 | S57: 66 | T57: 0 | U57: =IF(K57="经验",ROUND(INDEX([1]人物经验!$N$24:$N$573,S57)*T57+INDEX([1]人物经验!$O$24:$O$573,S57)-INDEX([1]人物经验!$O$24:$O$573,Q57)-INDEX([1]人物经验!$N$24:$N$573,Q57)*R57,0),"") | W57: =IF(K57="金币",INT(V57/[2]货币基础!$B$6*3600*INDEX([1]人物经验!$K$24:$K$573,P57)/1000+1)*1000,"") | X57: 0.5 | Y57: =IF(K57="元宝",X57/[2]货币基础!$B$5,"") -> 5000 | AA57: =IF(K57="钻石",Z57/[2]货币基础!$B$4,"") | AE57: 50级紫 | AF57: 50级绿 | AG57: 50级紫 | AH57: 1级绿 | AI57: 1级绿 | AJ57: 1级绿 | AK57: 1级绿 | AL57: 50级绿
G58: 关卡7 | I58: 15 | J58: =SUM($I$6:I58)/60 -> 7.1666667 | K58: 经验 | P58: 66 | Q58: =S57 -> 66 | R58: =T57 -> 0 | S58: 67 | T58: 0 | U58: =IF(K58="经验",ROUND(INDEX([1]人物经验!$N$24:$N$573,S58)*T58+INDEX([1]人物经验!$O$24:$O$573,S58)-INDEX([1]人物经验!$O$24:$O$573,Q58)-INDEX([1]人物经验!$N$24:$N$573,Q58)*R58,0),"") -> 275 | W58: =IF(K58="金币",INT(V58/[2]货币基础!$B$6*3600*INDEX([1]人物经验!$K$24:$K$573,P58)/1000+1)*1000,"") | Y58: =IF(K58="元宝",X58/[2]货币基础!$B$5,"") | AA58: =IF(K58="钻石",Z58/[2]货币基础!$B$4,"") | AD58: 变身碎片4 | AE58: 50级紫 | AF58: 50级绿 | AG58: 50级紫 | AH58: 1级绿 | AI58: 1级绿 | AJ58: 1级绿 | AK58: 1级绿 | AL58: 50级绿
G59: 主线任务100041 | H59: 通关关卡7 | I59: 5 | J59: =SUM($I$6:I59)/60 -> 7.25 | K59: 元宝 | P59: 67 | Q59: =S58 -> 67 | R59: =T58 -> 0 | S59: 67 | T59: 0 | U59: =IF(K59="经验",ROUND(INDEX([1]人物经验!$N$24:$N$573,S59)*T59+INDEX([1]人物经验!$O$24:$O$573,S59)-INDEX([1]人物经验!$O$24:$O$573,Q59)-INDEX([1]人物经验!$N$24:$N$573,Q59)*R59,0),"") | W59: =IF(K59="金币",INT(V59/[2]货币基础!$B$6*3600*INDEX([1]人物经验!$K$24:$K$573,P59)/1000+1)*1000,"") | X59: 0.5 | Y59: =IF(K59="元宝",X59/[2]货币基础!$B$5,"") -> 5000 | AA59: =IF(K59="钻石",Z59/[2]货币基础!$B$4,"") | AE59: 50级紫 | AF59: 50级绿 | AG59: 50级紫 | AH59: 1级绿 | AI59: 1级绿 | AJ59: 1级绿 | AK59: 1级绿 | AL59: 50级绿
G60: 主线任务100042 | H60: 激活变身 | I60: 5 | J60: =SUM($I$6:I60)/60 -> 7.3333333 | K60: 钻石 | P60: 67 | Q60: =S59 -> 67 | R60: =T59 -> 0 | S60: 67 | T60: 0 | U60: =IF(K60="经验",ROUND(INDEX([1]人物经验!$N$24:$N$573,S60)*T60+INDEX([1]人物经验!$O$24:$O$573,S60)-INDEX([1]人物经验!$O$24:$O$573,Q60)-INDEX([1]人物经验!$N$24:$N$573,Q60)*R60,0),"") | W60: =IF(K60="金币",INT(V60/[2]货币基础!$B$6*3600*INDEX([1]人物经验!$K$24:$K$573,P60)/1000+1)*1000,"") | Y60: =IF(K60="元宝",X60/[2]货币基础!$B$5,"") | Z60: 1 | AA60: =IF(K60="钻石",Z60/[2]货币基础!$B$4,"") -> 100 | AD60: 激活变身 | AE60: 50级紫 | AF60: 50级绿 | AG60: 50级紫 | AH60: 1级绿 | AI60: 1级绿 | AJ60: 1级绿 | AK60: 1级绿 | AL60: 50级绿
G61: 关卡8 | I61: 5 | J61: =SUM($I$6:I61)/60 -> 7.4166667 | K61: 经验 | P61: 67 | Q61: =S60 -> 67 | R61: =T60 -> 0 | S61: 68 | T61: 0 | U61: =IF(K61="经验",ROUND(INDEX([1]人物经验!$N$24:$N$573,S61)*T61+INDEX([1]人物经验!$O$24:$O$573,S61)-INDEX([1]人物经验!$O$24:$O$573,Q61)-INDEX([1]人物经验!$N$24:$N$573,Q61)*R61,0),"") -> 284 | W61: =IF(K61="金币",INT(V61/[2]货币基础!$B$6*3600*INDEX([1]人物经验!$K$24:$K$573,P61)/1000+1)*1000,"") | Y61: =IF(K61="元宝",X61/[2]货币基础!$B$5,"") | AA61: =IF(K61="钻石",Z61/[2]货币基础!$B$4,"") | AE61: 50级紫 | AF61: 50级绿 | AG61: 50级紫 | AH61: 1级绿 | AI61: 1级绿 | AJ61: 1级绿 | AK61: 1级绿 | AL61: 50级绿
G62: 主线任务100043 | H62: 通关关卡8 | I62: 5 | J62: =SUM($I$6:I62)/60 -> 7.5 | K62: 元宝 | P62: 68 | Q62: =S61 -> 68 | R62: =T61 -> 0 | S62: 68 | T62: 0 | U62: =IF(K62="经验",ROUND(INDEX([1]人物经验!$N$24:$N$573,S62)*T62+INDEX([1]人物经验!$O$24:$O$573,S62)-INDEX([1]人物经验!$O$24:$O$573,Q62)-INDEX([1]人物经验!$N$24:$N$573,Q62)*R62,0),"") | W62: =IF(K62="金币",INT(V62/[2]货币基础!$B$6*3600*INDEX([1]人物经验!$K$24:$K$573,P62)/1000+1)*1000,"") | X62: 0.5 | Y62: =IF(K62="元宝",X62/[2]货币基础!$B$5,"") -> 5000 | AA62: =IF(K62="钻石",Z62/[2]货币基础!$B$4,"") | AE62: 50级紫 | AF62: 50级绿 | AG62: 50级紫 | AH62: 1级绿 | AI62: 1级绿 | AJ62: 1级绿 | AK62: 1级绿 | AL62: 50级绿
A63: 6 | B63: 天阙城 | C63: 68 | D63: =C87 -> 75 | E63: =SUM(I63:I86)/60 -> 3 | F63: =VLOOKUP(D63,新手阶段非R升级节奏!$A$2:$C$222,3,0)-VLOOKUP(C63,新手阶段非R升级节奏!$A$2:$C$222,3,0) -> 2451 | G63: 主线任务100044 | H63: 对话 | I63: 5 | J63: =SUM($I$6:I63)/60 -> 7.5833333 | K63: 经验 | P63: 68 | Q63: =S62 -> 68 | R63: =T62 -> 0 | S63: 68 | T63: 0.5 | U63: =IF(K63="经验",ROUND(INDEX([1]人物经验!$N$24:$N$573,S63)*T63+INDEX([1]人物经验!$O$24:$O$573,S63)-INDEX([1]人物经验!$O$24:$O$573,Q63)-INDEX([1]人物经验!$N$24:$N$573,Q63)*R63,0),"") -> 152 | W63: =IF(K63="金币",INT(V63/[2]货币基础!$B$6*3600*INDEX([1]人物经验!$K$24:$K$573,P63)/1000+1)*1000,"") | Y63: =IF(K63="元宝",X63/[2]货币基础!$B$5,"") | AA63: =IF(K63="钻石",Z63/[2]货币基础!$B$4,"") | AD63: 开启转生 | AE63: 50级紫 | AF63: 50级绿 | AG63: 50级紫 | AH63: 1级绿 | AI63: 1级绿 | AJ63: 1级绿 | AK63: 1级绿 | AL63: 50级绿
G64: 主线任务100045 | H64: 达成1转等级要求 | I64: 5 | J64: =SUM($I$6:I64)/60 -> 7.6666667 | K64: 钻石 | P64: 68 | Q64: =S63 -> 68 | R64: =T63 -> 0.5 | S64: 68 | T64: 0.5 | U64: =IF(K64="经验",ROUND(INDEX([1]人物经验!$N$24:$N$573,S64)*T64+INDEX([1]人物经验!$O$24:$O$573,S64)-INDEX([1]人物经验!$O$24:$O$573,Q64)-INDEX([1]人物经验!$N$24:$N$573,Q64)*R64,0),"") | W64: =IF(K64="金币",INT(V64/[2]货币基础!$B$6*3600*INDEX([1]人物经验!$K$24:$K$573,P64)/1000+1)*1000,"") | Y64: =IF(K64="元宝",X64/[2]货币基础!$B$5,"") | Z64: 2 | AA64: =IF(K64="钻石",Z64/[2]货币基础!$B$4,"") -> 200 | AE64: 50级紫 | AF64: 50级绿 | AG64: 50级紫 | AH64: 1级绿 | AI64: 1级绿 | AJ64: 1级绿 | AK64: 1级绿 | AL64: 50级绿
G65: 主线任务100046 | H65: 装备熔炼 | I65: 5 | J65: =SUM($I$6:I65)/60 -> 7.75 | K65: 强化石 | P65: 68 | Q65: =S64 -> 68 | R65: =T64 -> 0.5 | S65: 68 | T65: 0.5 | U65: =IF(K65="经验",ROUND(INDEX([1]人物经验!$N$24:$N$573,S65)*T65+INDEX([1]人物经验!$O$24:$O$573,S65)-INDEX([1]人物经验!$O$24:$O$573,Q65)-INDEX([1]人物经验!$N$24:$N$573,Q65)*R65,0),"") | W65: =IF(K65="金币",INT(V65/[2]货币基础!$B$6*3600*INDEX([1]人物经验!$K$24:$K$573,P65)/1000+1)*1000,"") | Y65: =IF(K65="元宝",X65/[2]货币基础!$B$5,"") | AA65: =IF(K65="钻石",Z65/[2]货币基础!$B$4,"") | AB65: 10 | AC65: =INT(AB65/[2]总产出框架!$C$93*[3]装备强化!$AR$47/1000)*1000 -> 9000 | AE65: 50级紫 | AF65: 50级绿 | AG65: 50级紫 | AH65: 1级绿 | AI65: 1级绿 | AJ65: 1级绿 | AK65: 1级绿 | AL65: 50级绿
G66: 主线任务100047 | H66: 装备强化 | I66: 5 | J66: =SUM($I$6:I66)/60 -> 7.8333333 | K66: 经验 | P66: 68 | Q66: =S65 -> 68 | R66: =T65 -> 0.5 | S66: 69 | T66: 0 | U66: =IF(K66="经验",ROUND(INDEX([1]人物经验!$N$24:$N$573,S66)*T66+INDEX([1]人物经验!$O$24:$O$573,S66)-INDEX([1]人物经验!$O$24:$O$573,Q66)-INDEX([1]人物经验!$N$24:$N$573,Q66)*R66,0),"") -> 152 | W66: =IF(K66="金币",INT(V66/[2]货币基础!$B$6*3600*INDEX([1]人物经验!$K$24:$K$573,P66)/1000+1)*1000,"") | Y66: =IF(K66="元宝",X66/[2]货币基础!$B$5,"") | AA66: =IF(K66="钻石",Z66/[2]货币基础!$B$4,"") | AE66: 50级紫 | AF66: 50级绿 | AG66: 50级紫 | AH66: 1级绿 | AI66: 1级绿 | AJ66: 1级绿 | AK66: 1级绿 | AL66: 50级绿
G67: 主线任务100048 | H67: 对话 | I67: 5 | J67: =SUM($I$6:I67)/60 -> 7.9166667 | K67: 经验 | P67: 69 | Q67: =S66 -> 69 | R67: =T66 -> 0 | S67: 69 | T67: 0.5 | U67: =IF(K67="经验",ROUND(INDEX([1]人物经验!$N$24:$N$573,S67)*T67+INDEX([1]人物经验!$O$24:$O$573,S67)-INDEX([1]人物经验!$O$24:$O$573,Q67)-INDEX([1]人物经验!$N$24:$N$573,Q67)*R67,0),"") -> 157 | W67: =IF(K67="金币",INT(V67/[2]货币基础!$B$6*3600*INDEX([1]人物经验!$K$24:$K$573,P67)/1000+1)*1000,"") | Y67: =IF(K67="元宝",X67/[2]货币基础!$B$5,"") | AA67: =IF(K67="钻石",Z67/[2]货币基础!$B$4,"") | AD67: 开放50级个人boss | AE67: 50级紫 | AF67: 50级绿 | AG67: 50级紫 | AH67: 1级绿 | AI67: 1级绿 | AJ67: 1级绿 | AK67: 1级绿 | AL67: 50级绿
G68: 主线任务100049 | H68: 50级个人boss | I68: 15 | J68: =SUM($I$6:I68)/60 -> 8.1666667 | K68: 钻石 | M68: 50红护手 | N68: 50橙腰带 | O68: 50紫靴子 | P68: 69 | Q68: =S67 -> 69 | R68: =T67 -> 0.5 | S68: 69 | T68: 0.5 | U68: =IF(K68="经验",ROUND(INDEX([1]人物经验!$N$24:$N$573,S68)*T68+INDEX([1]人物经验!$O$24:$O$573,S68)-INDEX([1]人物经验!$O$24:$O$573,Q68)-INDEX([1]人物经验!$N$24:$N$573,Q68)*R68,0),"") | W68: =IF(K68="金币",INT(V68/[2]货币基础!$B$6*3600*INDEX([1]人物经验!$K$24:$K$573,P68)/1000+1)*1000,"") | Y68: =IF(K68="元宝",X68/[2]货币基础!$B$5,"") | Z68: 2 | AA68: =IF(K68="钻石",Z68/[2]货币基础!$B$4,"") -> 200 | AE68: 50级紫 | AF68: 50级绿 | AG68: 50级紫 | AH68: 50级红 | AI68: 1级绿 | AJ68: 1级绿 | AK68: 50级橙 | AL68: 50级紫
G69: 关卡9 | I69: 10 | J69: =SUM($I$6:I69)/60 -> 8.3333333 | K69: 经验 | N69: 50绿头盔 | P69: 69 | Q69: =S68 -> 69 | R69: =T68 -> 0.5 | S69: 70 | T69: 0 | U69: =IF(K69="经验",ROUND(INDEX([1]人物经验!$N$24:$N$573,S69)*T69+INDEX([1]人物经验!$O$24:$O$573,S69)-INDEX([1]人物经验!$O$24:$O$573,Q69)-INDEX([1]人物经验!$N$24:$N$573,Q69)*R69,0),"") -> 157 | W69: =IF(K69="金币",INT(V69/[2]货币基础!$B$6*3600*INDEX([1]人物经验!$K$24:$K$573,P69)/1000+1)*1000,"") | Y69: =IF(K69="元宝",X69/[2]货币基础!$B$5,"") | AA69: =IF(K69="钻石",Z69/[2]货币基础!$B$4,"") | AD69: 激活技能5 | AE69: 50级紫 | AF69: 50级绿 | AG69: 50级紫 | AH69: 50级红 | AI69: 50级绿 | AJ69: 1级绿 | AK69: 50级橙 | AL69: 50级紫
G70: 主线任务100050 | H70: 通关关卡9 | I70: 5 | J70: =SUM($I$6:I70)/60 -> 8.4166667 | K70: 元宝 | P70: 70 | Q70: =S69 -> 70 | R70: =T69 -> 0 | S70: 70 | T70: 0 | U70: =IF(K70="经验",ROUND(INDEX([1]人物经验!$N$24:$N$573,S70)*T70+INDEX([1]人物经验!$O$24:$O$573,S70)-INDEX([1]人物经验!$O$24:$O$573,Q70)-INDEX([1]人物经验!$N$24:$N$573,Q70)*R70,0),"") | W70: =IF(K70="金币",INT(V70/[2]货币基础!$B$6*3600*INDEX([1]人物经验!$K$24:$K$573,P70)/1000+1)*1000,"") | X70: 0.5 | Y70: =IF(K70="元宝",X70/[2]货币基础!$B$5,"") -> 5000 | AA70: =IF(K70="钻石",Z70/[2]货币基础!$B$4,"") | AE70: 50级紫 | AF70: 50级绿 | AG70: 50级紫 | AH70: 50级红 | AI70: 50级绿 | AJ70: 1级绿 | AK70: 50级橙 | AL70: 50级紫
G71: 关卡10 | I71: 10 | J71: =SUM($I$6:I71)/60 -> 8.5833333 | K71: 经验 | N71: 50绿衣服 | P71: 70 | Q71: =S70 -> 70 | R71: =T70 -> 0 | S71: 71 | T71: 0 | U71: =IF(K71="经验",ROUND(INDEX([1]人物经验!$N$24:$N$573,S71)*T71+INDEX([1]人物经验!$O$24:$O$573,S71)-INDEX([1]人物经验!$O$24:$O$573,Q71)-INDEX([1]人物经验!$N$24:$N$573,Q71)*R71,0),"") -> 334 | W71: =IF(K71="金币",INT(V71/[2]货币基础!$B$6*3600*INDEX([1]人物经验!$K$24:$K$573,P71)/1000+1)*1000,"") | Y71: =IF(K71="元宝",X71/[2]货币基础!$B$5,"") | AA71: =IF(K71="钻石",Z71/[2]货币基础!$B$4,"") | AE71: 50级紫 | AF71: 50级绿 | AG71: 50级紫 | AH71: 50级红 | AI71: 50级绿 | AJ71: 50级绿 | AK71: 50级橙 | AL71: 50级紫
G72: 主线任务100051 | H72: 通关关卡10 | I72: 5 | J72: =SUM($I$6:I72)/60 -> 8.6666667 | K72: 元宝 | P72: 71 | Q72: =S71 -> 71 | R72: =T71 -> 0 | S72: 71 | T72: 0 | U72: =IF(K72="经验",ROUND(INDEX([1]人物经验!$N$24:$N$573,S72)*T72+INDEX([1]人物经验!$O$24:$O$573,S72)-INDEX([1]人物经验!$O$24:$O$573,Q72)-INDEX([1]人物经验!$N$24:$N$573,Q72)*R72,0),"") | W72: =IF(K72="金币",INT(V72/[2]货币基础!$B$6*3600*INDEX([1]人物经验!$K$24:$K$573,P72)/1000+1)*1000,"") | X72: 0.5 | Y72: =IF(K72="元宝",X72/[2]货币基础!$B$5,"") -> 5000 | AA72: =IF(K72="钻石",Z72/[2]货币基础!$B$4,"") | AE72: 50级紫 | AF72: 50级绿 | AG72: 50级紫 | AH72: 50级红 | AI72: 50级绿 | AJ72: 50级绿 | AK72: 50级橙 | AL72: 50级紫
G73: 主线任务100052 | H73: 对话 | I73: 10 | J73: =SUM($I$6:I73)/60 -> 8.8333333 | K73: 经验 | P73: 71 | Q73: =S72 -> 71 | R73: =T72 -> 0 | S73: 71 | T73: 0.5 | U73: =IF(K73="经验",ROUND(INDEX([1]人物经验!$N$24:$N$573,S73)*T73+INDEX([1]人物经验!$O$24:$O$573,S73)-INDEX([1]人物经验!$O$24:$O$573,Q73)-INDEX([1]人物经验!$N$24:$N$573,Q73)*R73,0),"") -> 173 | W73: =IF(K73="金币",INT(V73/[2]货币基础!$B$6*3600*INDEX([1]人物经验!$K$24:$K$573,P73)/1000+1)*1000,"") | Y73: =IF(K73="元宝",X73/[2]货币基础!$B$5,"") | AA73: =IF(K73="钻石",Z73/[2]货币基础!$B$4,"") | AE73: 50级紫 | AF73: 50级绿 | AG73: 50级紫 | AH73: 50级红 | AI73: 50级绿 | AJ73: 50级绿 | AK73: 50级橙 | AL73: 50级紫
G74: 主线任务100053 | H74: 达成1转关卡要求 | I74: 5 | J74: =SUM($I$6:I74)/60 -> 8.9166667 | K74: 钻石 | P74: 71 | Q74: =S73 -> 71 | R74: =T73 -> 0.5 | S74: 71 | T74: 0.5 | U74: =IF(K74="经验",ROUND(INDEX([1]人物经验!$N$24:$N$573,S74)*T74+INDEX([1]人物经验!$O$24:$O$573,S74)-INDEX([1]人物经验!$O$24:$O$573,Q74)-INDEX([1]人物经验!$N$24:$N$573,Q74)*R74,0),"") | W74: =IF(K74="金币",INT(V74/[2]货币基础!$B$6*3600*INDEX([1]人物经验!$K$24:$K$573,P74)/1000+1)*1000,"") | Y74: =IF(K74="元宝",X74/[2]货币基础!$B$5,"") | Z74: 3 | AA74: =IF(K74="钻石",Z74/[2]货币基础!$B$4,"") -> 300 | AE74: 50级紫 | AF74: 50级绿 | AG74: 50级紫 | AH74: 50级红 | AI74: 50级绿 | AJ74: 50级绿 | AK74: 50级橙 | AL74: 50级紫
G75: 主线任务100054 | H75: 完成坐骑材料副本 | I75: 20 | J75: =SUM($I$6:I75)/60 -> 9.25 | K75: 经验 | L75: 坐骑丹*10 | P75: 71 | Q75: =S74 -> 71 | R75: =T74 -> 0.5 | S75: 72 | T75: 0 | U75: =IF(K75="经验",ROUND(INDEX([1]人物经验!$N$24:$N$573,S75)*T75+INDEX([1]人物经验!$O$24:$O$573,S75)-INDEX([1]人物经验!$O$24:$O$573,Q75)-INDEX([1]人物经验!$N$24:$N$573,Q75)*R75,0),"") -> 173 | W75: =IF(K75="金币",INT(V75/[2]货币基础!$B$6*3600*INDEX([1]人物经验!$K$24:$K$573,P75)/1000+1)*1000,"") | Y75: =IF(K75="元宝",X75/[2]货币基础!$B$5,"") | AA75: =IF(K75="钻石",Z75/[2]货币基础!$B$4,"") | AE75: 50级紫 | AF75: 50级绿 | AG75: 50级紫 | AH75: 50级红 | AI75: 50级绿 | AJ75: 50级绿 | AK75: 50级橙 | AL75: 50级紫
G76: 主线任务100055 | H76: 升级一次坐骑 | I76: 10 | J76: =SUM($I$6:I76)/60 -> 9.4166667 | K76: 经验 | P76: 72 | Q76: =S75 -> 72 | R76: =T75 -> 0 | S76: 72 | T76: 0.5 | U76: =IF(K76="经验",ROUND(INDEX([1]人物经验!$N$24:$N$573,S76)*T76+INDEX([1]人物经验!$O$24:$O$573,S76)-INDEX([1]人物经验!$O$24:$O$573,Q76)-INDEX([1]人物经验!$N$24:$N$573,Q76)*R76,0),"") -> 184 | W76: =IF(K76="金币",INT(V76/[2]货币基础!$B$6*3600*INDEX([1]人物经验!$K$24:$K$573,P76)/1000+1)*1000,"") | Y76: =IF(K76="元宝",X76/[2]货币基础!$B$5,"") | AA76: =IF(K76="钻石",Z76/[2]货币基础!$B$4,"") | AE76: 50级紫 | AF76: 50级绿 | AG76: 50级紫 | AH76: 50级红 | AI76: 50级绿 | AJ76: 50级绿 | AK76: 50级橙 | AL76: 50级紫
G77: 主线任务100056 | H77: 全身装备达到50级 | I77: 5 | J77: =SUM($I$6:I77)/60 -> 9.5 | K77: 元宝 | P77: 72 | Q77: =S76 -> 72 | R77: =T76 -> 0.5 | S77: 72 | T77: 0.5 | U77: =IF(K77="经验",ROUND(INDEX([1]人物经验!$N$24:$N$573,S77)*T77+INDEX([1]人物经验!$O$24:$O$573,S77)-INDEX([1]人物经验!$O$24:$O$573,Q77)-INDEX([1]人物经验!$N$24:$N$573,Q77)*R77,0),"") | W77: =IF(K77="金币",INT(V77/[2]货币基础!$B$6*3600*INDEX([1]人物经验!$K$24:$K$573,P77)/1000+1)*1000,"") | X77: 1 | Y77: =IF(K77="元宝",X77/[2]货币基础!$B$5,"") -> 10000 | AA77: =IF(K77="钻石",Z77/[2]货币基础!$B$4,"") | AE77: 50级紫 | AF77: 50级绿 | AG77: 50级紫 | AH77: 50级红 | AI77: 50级绿 | AJ77: 50级绿 | AK77: 50级橙 | AL77: 50级紫
G78: 关卡11 | I78: 15 | J78: =SUM($I$6:I78)/60 -> 9.75 | K78: 经验 | N78: 50紫衣服 | P78: 72 | Q78: =S77 -> 72 | R78: =T77 -> 0.5 | S78: 73 | T78: 0.3 | U78: =IF(K78="经验",ROUND(INDEX([1]人物经验!$N$24:$N$573,S78)*T78+INDEX([1]人物经验!$O$24:$O$573,S78)-INDEX([1]人物经验!$O$24:$O$573,Q78)-INDEX([1]人物经验!$N$24:$N$573,Q78)*R78,0),"") -> 298 | W78: =IF(K78="金币",INT(V78/[2]货币基础!$B$6*3600*INDEX([1]人物经验!$K$24:$K$573,P78)/1000+1)*1000,"") | Y78: =IF(K78="元宝",X78/[2]货币基础!$B$5,"") | AA78: =IF(K78="钻石",Z78/[2]货币基础!$B$4,"") | AE78: 50级紫 | AF78: 50级绿 | AG78: 50级紫 | AH78: 50级红 | AI78: 50级绿 | AJ78: 50级紫 | AK78: 50级橙 | AL78: 50级紫
G79: 关卡12 | I79: 15 | J79: =SUM($I$6:I79)/60 -> 10 | K79: 经验 | N79: 50紫头盔 | P79: 73 | Q79: =S78 -> 73 | R79: =T78 -> 0.3 | S79: 74 | T79: 0 | U79: =IF(K79="经验",ROUND(INDEX([1]人物经验!$N$24:$N$573,S79)*T79+INDEX([1]人物经验!$O$24:$O$573,S79)-INDEX([1]人物经验!$O$24:$O$573,Q79)-INDEX([1]人物经验!$N$24:$N$573,Q79)*R79,0),"") -> 267 | W79: =IF(K79="金币",INT(V79/[2]货币基础!$B$6*3600*INDEX([1]人物经验!$K$24:$K$573,P79)/1000+1)*1000,"") | Y79: =IF(K79="元宝",X79/[2]货币基础!$B$5,"") | AA79: =IF(K79="钻石",Z79/[2]货币基础!$B$4,"") | AE79: 50级紫 | AF79: 50级绿 | AG79: 50级紫 | AH79: 50级红 | AI79: 50级紫 | AJ79: 50级紫 | AK79: 50级橙 | AL79: 50级紫
G80: 关卡13 | I80: 15 | J80: =SUM($I$6:I80)/60 -> 10.25 | K80: 经验 | N80: 50紫项链 | P80: 74 | Q80: =S79 -> 74 | R80: =T79 -> 0 | S80: 74 | T80: 0.6 | U80: =IF(K80="经验",ROUND(INDEX([1]人物经验!$N$24:$N$573,S80)*T80+INDEX([1]人物经验!$O$24:$O$573,S80)-INDEX([1]人物经验!$O$24:$O$573,Q80)-INDEX([1]人物经验!$N$24:$N$573,Q80)*R80,0),"") -> 244 | W80: =IF(K80="金币",INT(V80/[2]货币基础!$B$6*3600*INDEX([1]人物经验!$K$24:$K$573,P80)/1000+1)*1000,"") | Y80: =IF(K80="元宝",X80/[2]货币基础!$B$5,"") | AA80: =IF(K80="钻石",Z80/[2]货币基础!$B$4,"") | AE80: 50级紫 | AF80: 50级紫 | AG80: 50级紫 | AH80: 50级红 | AI80: 50级紫 | AJ80: 50级紫 | AK80: 50级橙 | AL80: 50级紫
G81: 主线任务100057 | H81: 达到1转战力要求 | I81: 5 | J81: =SUM($I$6:I81)/60 -> 10.333333 | K81: 元宝 | P81: 74 | Q81: =S80 -> 74 | R81: =T80 -> 0.6 | S81: 74 | T81: 0.6 | U81: =IF(K81="经验",ROUND(INDEX([1]人物经验!$N$24:$N$573,S81)*T81+INDEX([1]人物经验!$O$24:$O$573,S81)-INDEX([1]人物经验!$O$24:$O$573,Q81)-INDEX([1]人物经验!$N$24:$N$573,Q81)*R81,0),"") | W81: =IF(K81="金币",INT(V81/[2]货币基础!$B$6*3600*INDEX([1]人物经验!$K$24:$K$573,P81)/1000+1)*1000,"") | X81: 1 | Y81: =IF(K81="元宝",X81/[2]货币基础!$B$5,"") -> 10000 | AA81: =IF(K81="钻石",Z81/[2]货币基础!$B$4,"") | AE81: 50级紫 | AF81: 50级紫 | AG81: 50级紫 | AH81: 50级红 | AI81: 50级紫 | AJ81: 50级紫 | AK81: 50级橙 | AL81: 50级紫
G82: 主线任务100058 | H82: 完成1转 | I82: 0 | J82: =SUM($I$6:I82)/60 -> 10.333333 | K82: 钻石 | P82: 74 | Q82: =S81 -> 74 | R82: =T81 -> 0.6 | S82: 74 | T82: 0.6 | U82: =IF(K82="经验",ROUND(INDEX([1]人物经验!$N$24:$N$573,S82)*T82+INDEX([1]人物经验!$O$24:$O$573,S82)-INDEX([1]人物经验!$O$24:$O$573,Q82)-INDEX([1]人物经验!$N$24:$N$573,Q82)*R82,0),"") | W82: =IF(K82="金币",INT(V82/[2]货币基础!$B$6*3600*INDEX([1]人物经验!$K$24:$K$573,P82)/1000+1)*1000,"") | Y82: =IF(K82="元宝",X82/[2]货币基础!$B$5,"") | Z82: 3 | AA82: =IF(K82="钻石",Z82/[2]货币基础!$B$4,"") -> 300 | AE82: 50级紫 | AF82: 50级紫 | AG82: 50级紫 | AH82: 50级红 | AI82: 50级紫 | AJ82: 50级紫 | AK82: 50级橙 | AL82: 50级紫
G83: 主线任务100059 | H83: 通关关卡11 | I83: 0 | J83: =SUM($I$6:I83)/60 -> 10.333333 | K83: 元宝 | P83: 74 | Q83: =S82 -> 74 | R83: =T82 -> 0.6 | S83: 74 | T83: 0.6 | U83: =IF(K83="经验",ROUND(INDEX([1]人物经验!$N$24:$N$573,S83)*T83+INDEX([1]人物经验!$O$24:$O$573,S83)-INDEX([1]人物经验!$O$24:$O$573,Q83)-INDEX([1]人物经验!$N$24:$N$573,Q83)*R83,0),"") | W83: =IF(K83="金币",INT(V83/[2]货币基础!$B$6*3600*INDEX([1]人物经验!$K$24:$K$573,P83)/1000+1)*1000,"") | X83: 0.5 | Y83: =IF(K83="元宝",X83/[2]货币基础!$B$5,"") -> 5000 | AA83: =IF(K83="钻石",Z83/[2]货币基础!$B$4,"") | AE83: 50级紫 | AF83: 50级紫 | AG83: 50级紫 | AH83: 50级红 | AI83: 50级紫 | AJ83: 50级紫 | AK83: 50级橙 | AL83: 50级紫
G84: 主线任务100060 | H84: 通关关卡12 | I84: 0 | J84: =SUM($I$6:I84)/60 -> 10.333333 | K84: 元宝 | P84: 74 | Q84: =S83 -> 74 | R84: =T83 -> 0.6 | S84: 74 | T84: 0.6 | U84: =IF(K84="经验",ROUND(INDEX([1]人物经验!$N$24:$N$573,S84)*T84+INDEX([1]人物经验!$O$24:$O$573,S84)-INDEX([1]人物经验!$O$24:$O$573,Q84)-INDEX([1]人物经验!$N$24:$N$573,Q84)*R84,0),"") | W84: =IF(K84="金币",INT(V84/[2]货币基础!$B$6*3600*INDEX([1]人物经验!$K$24:$K$573,P84)/1000+1)*1000,"") | X84: 0.5 | Y84: =IF(K84="元宝",X84/[2]货币基础!$B$5,"") -> 5000 | AA84: =IF(K84="钻石",Z84/[2]货币基础!$B$4,"") | AE84: 50级紫 | AF84: 50级紫 | AG84: 50级紫 | AH84: 50级红 | AI84: 50级紫 | AJ84: 50级紫 | AK84: 50级橙 | AL84: 50级紫
G85: 主线任务100061 | H85: 通关关卡13 | I85: 0 | J85: =SUM($I$6:I85)/60 -> 10.333333 | K85: 元宝 | P85: 74 | Q85: =S84 -> 74 | R85: =T84 -> 0.6 | S85: 74 | T85: 0.6 | U85: =IF(K85="经验",ROUND(INDEX([1]人物经验!$N$24:$N$573,S85)*T85+INDEX([1]人物经验!$O$24:$O$573,S85)-INDEX([1]人物经验!$O$24:$O$573,Q85)-INDEX([1]人物经验!$N$24:$N$573,Q85)*R85,0),"") | W85: =IF(K85="金币",INT(V85/[2]货币基础!$B$6*3600*INDEX([1]人物经验!$K$24:$K$573,P85)/1000+1)*1000,"") | X85: 0.5 | Y85: =IF(K85="元宝",X85/[2]货币基础!$B$5,"") -> 5000 | AA85: =IF(K85="钻石",Z85/[2]货币基础!$B$4,"") | AE85: 50级紫 | AF85: 50级紫 | AG85: 50级紫 | AH85: 50级红 | AI85: 50级紫 | AJ85: 50级紫 | AK85: 50级橙 | AL85: 50级紫
G86: 主线任务100062 | H86: 对话 | I86: 10 | J86: =SUM($I$6:I86)/60 -> 10.5 | K86: 经验 | P86: 74 | Q86: =S85 -> 74 | R86: =T85 -> 0.6 | S86: 75 | T86: 0 | U86: =IF(K86="经验",ROUND(INDEX([1]人物经验!$N$24:$N$573,S86)*T86+INDEX([1]人物经验!$O$24:$O$573,S86)-INDEX([1]人物经验!$O$24:$O$573,Q86)-INDEX([1]人物经验!$N$24:$N$573,Q86)*R86,0),"") -> 162 | Y86: =IF(K86="元宝",X86/[2]货币基础!$B$5,"") | AA86: =IF(K86="钻石",Z86/[2]货币基础!$B$4,"") | AE86: 50级紫 | AF86: 50级紫 | AG86: 50级紫 | AH86: 50级红 | AI86: 50级紫 | AJ86: 50级紫 | AK86: 50级橙 | AL86: 50级紫
A87: 7 | B87: 魔界 | C87: 75 | D87: =C99 -> 79 | E87: =SUM(I87:I98)/60 -> 1.8333333 | F87: =VLOOKUP(D87,新手阶段非R升级节奏!$A$2:$C$222,3,0)-VLOOKUP(C87,新手阶段非R升级节奏!$A$2:$C$222,3,0) -> 1827 | G87: 主线任务100063 | H87: 对话 | I87: 5 | J87: =SUM($I$6:I87)/60 -> 10.583333 | K87: 经验 | P87: 75 | Q87: =S86 -> 75 | R87: =T86 -> 0 | S87: 75 | T87: 0.4 | U87: =IF(K87="经验",ROUND(INDEX([1]人物经验!$N$24:$N$573,S87)*T87+INDEX([1]人物经验!$O$24:$O$573,S87)-INDEX([1]人物经验!$O$24:$O$573,Q87)-INDEX([1]人物经验!$N$24:$N$573,Q87)*R87,0),"") -> 168 | Y87: =IF(K87="元宝",X87/[2]货币基础!$B$5,"") | AA87: =IF(K87="钻石",Z87/[2]货币基础!$B$4,"") | AD87: 第三套装备 | AE87: 50级紫 | AF87: 50级紫 | AG87: 50级紫 | AH87: 50级红 | AI87: 50级紫 | AJ87: 50级紫 | AK87: 50级橙 | AL87: 50级紫
G88: 关卡14 | I88: 15 | J88: =SUM($I$6:I88)/60 -> 10.833333 | K88: 经验 | N88: 75绿武器 | P88: 75 | Q88: =S87 -> 75 | R88: =T87 -> 0.4 | S88: 76 | T88: 0 | U88: =IF(K88="经验",ROUND(INDEX([1]人物经验!$N$24:$N$573,S88)*T88+INDEX([1]人物经验!$O$24:$O$573,S88)-INDEX([1]人物经验!$O$24:$O$573,Q88)-INDEX([1]人物经验!$N$24:$N$573,Q88)*R88,0),"") -> 253 | Y88: =IF(K88="元宝",X88/[2]货币基础!$B$5,"") | AA88: =IF(K88="钻石",Z88/[2]货币基础!$B$4,"") | AD88: 激活仙侣碎片1 | AE88: 75级绿 | AF88: 50级紫 | AG88: 50级紫 | AH88: 50级红 | AI88: 50级紫 | AJ88: 50级紫 | AK88: 50级橙 | AL88: 50级紫
G89: 主线任务100064 | H89: 通关关卡14 | I89: 5 | J89: =SUM($I$6:I89)/60 -> 10.916667 | K89: 元宝 | P89: 76 | Q89: =S88 -> 76 | R89: =T88 -> 0 | S89: 76 | T89: 0 | U89: =IF(K89="经验",ROUND(INDEX([1]人物经验!$N$24:$N$573,S89)*T89+INDEX([1]人物经验!$O$24:$O$573,S89)-INDEX([1]人物经验!$O$24:$O$573,Q89)-INDEX([1]人物经验!$N$24:$N$573,Q89)*R89,0),"") | X89: 0.5 | Y89: =IF(K89="元宝",X89/[2]货币基础!$B$5,"") -> 5000 | AA89: =IF(K89="钻石",Z89/[2]货币基础!$B$4,"") | AE89: 75级绿 | AF89: 50级紫 | AG89: 50级紫 | AH89: 50级红 | AI89: 50级紫 | AJ89: 50级紫 | AK89: 50级橙 | AL89: 50级紫
G90: 关卡15 | I90: 15 | J90: =SUM($I$6:I90)/60 -> 11.166667 | K90: 经验 | N90: 75绿戒指 | P90: 76 | Q90: =S89 -> 76 | R90: =T89 -> 0 | S90: 76 | T90: 0.6 | U90: =IF(K90="经验",ROUND(INDEX([1]人物经验!$N$24:$N$573,S90)*T90+INDEX([1]人物经验!$O$24:$O$573,S90)-INDEX([1]人物经验!$O$24:$O$573,Q90)-INDEX([1]人物经验!$N$24:$N$573,Q90)*R90,0),"") -> 269 | Y90: =IF(K90="元宝",X90/[2]货币基础!$B$5,"") | AA90: =IF(K90="钻石",Z90/[2]货币基础!$B$4,"") | AD90: 激活仙侣碎片2 | AE90: 75级绿 | AF90: 50级紫 | AG90: 75级绿 | AH90: 50级红 | AI90: 50级紫 | AJ90: 50级紫 | AK90: 50级橙 | AL90: 50级紫
G91: 主线任务100065 | H91: 通关关卡15 | I91: 5 | J91: =SUM($I$6:I91)/60 -> 11.25 | K91: 元宝 | P91: 76 | Q91: =S90 -> 76 | R91: =T90 -> 0.6 | S91: 76 | T91: 0.6 | U91: =IF(K91="经验",ROUND(INDEX([1]人物经验!$N$24:$N$573,S91)*T91+INDEX([1]人物经验!$O$24:$O$573,S91)-INDEX([1]人物经验!$O$24:$O$573,Q91)-INDEX([1]人物经验!$N$24:$N$573,Q91)*R91,0),"") | X91: 0.5 | Y91: =IF(K91="元宝",X91/[2]货币基础!$B$5,"") -> 5000 | AA91: =IF(K91="钻石",Z91/[2]货币基础!$B$4,"") | AE91: 75级绿 | AF91: 50级紫 | AG91: 75级绿 | AH91: 50级红 | AI91: 50级紫 | AJ91: 50级紫 | AK91: 50级橙 | AL91: 50级紫
G92: 关卡16 | I92: 15 | J92: =SUM($I$6:I92)/60 -> 11.5 | K92: 经验 | N92: 75紫靴子 | P92: 77 | Q92: =S91 -> 76 | R92: =T91 -> 0.6 | S92: 77 | T92: 0.2 | U92: =IF(K92="经验",ROUND(INDEX([1]人物经验!$N$24:$N$573,S92)*T92+INDEX([1]人物经验!$O$24:$O$573,S92)-INDEX([1]人物经验!$O$24:$O$573,Q92)-INDEX([1]人物经验!$N$24:$N$573,Q92)*R92,0),"") -> 272 | Y92: =IF(K92="元宝",X92/[2]货币基础!$B$5,"") | AA92: =IF(K92="钻石",Z92/[2]货币基础!$B$4,"") | AD92: 激活仙侣碎片3 | AE92: 75级绿 | AF92: 50级紫 | AG92: 75级绿 | AH92: 50级红 | AI92: 50级紫 | AJ92: 50级紫 | AK92: 50级橙 | AL92: 75级紫
G93: 主线任务100066 | H93: 通关关卡16 | I93: 5 | J93: =SUM($I$6:I93)/60 -> 11.583333 | K93: 元宝 | P93: 77 | Q93: =S92 -> 77 | R93: =T92 -> 0.2 | S93: 77 | T93: 0.2 | U93: =IF(K93="经验",ROUND(INDEX([1]人物经验!$N$24:$N$573,S93)*T93+INDEX([1]人物经验!$O$24:$O$573,S93)-INDEX([1]人物经验!$O$24:$O$573,Q93)-INDEX([1]人物经验!$N$24:$N$573,Q93)*R93,0),"") | X93: 0.5 | Y93: =IF(K93="元宝",X93/[2]货币基础!$B$5,"") -> 5000 | AA93: =IF(K93="钻石",Z93/[2]货币基础!$B$4,"") | AE93: 75级绿 | AF93: 50级紫 | AG93: 75级绿 | AH93: 50级红 | AI93: 50级紫 | AJ93: 50级紫 | AK93: 50级橙 | AL93: 75级紫
G94: 关卡17 | I94: 15 | J94: =SUM($I$6:I94)/60 -> 11.833333 | K94: 经验 | N94: 75绿项链 | P94: 77 | Q94: =S93 -> 77 | R94: =T93 -> 0.2 | S94: 78 | T94: 0 | U94: =IF(K94="经验",ROUND(INDEX([1]人物经验!$N$24:$N$573,S94)*T94+INDEX([1]人物经验!$O$24:$O$573,S94)-INDEX([1]人物经验!$O$24:$O$573,Q94)-INDEX([1]人物经验!$N$24:$N$573,Q94)*R94,0),"") -> 371 | Y94: =IF(K94="元宝",X94/[2]货币基础!$B$5,"") | AA94: =IF(K94="钻石",Z94/[2]货币基础!$B$4,"") | AD94: 激活仙侣碎片4 | AE94: 75级绿 | AF94: 75级绿 | AG94: 75级绿 | AH94: 50级红 | AI94: 50级紫 | AJ94: 50级紫 | AK94: 50级橙 | AL94: 75级紫
G95: 主线任务100067 | H95: 通关关卡17 | I95: 5 | J95: =SUM($I$6:I95)/60 -> 11.916667 | K95: 元宝 | P95: 78 | Q95: =S94 -> 78 | R95: =T94 -> 0 | S95: 78 | T95: 0 | U95: =IF(K95="经验",ROUND(INDEX([1]人物经验!$N$24:$N$573,S95)*T95+INDEX([1]人物经验!$O$24:$O$573,S95)-INDEX([1]人物经验!$O$24:$O$573,Q95)-INDEX([1]人物经验!$N$24:$N$573,Q95)*R95,0),"") | X95: 0.5 | Y95: =IF(K95="元宝",X95/[2]货币基础!$B$5,"") -> 5000 | AA95: =IF(K95="钻石",Z95/[2]货币基础!$B$4,"") | AE95: 75级绿 | AF95: 75级绿 | AG95: 75级绿 | AH95: 50级红 | AI95: 50级紫 | AJ95: 50级紫 | AK95: 50级橙 | AL95: 75级紫
G96: 主线任务100068 | H96: 激活仙侣 | I96: 5 | J96: =SUM($I$6:I96)/60 -> 12 | K96: 钻石 | P96: 78 | Q96: =S95 -> 78 | R96: =T95 -> 0 | S96: 78 | T96: 0 | U96: =IF(K96="经验",ROUND(INDEX([1]人物经验!$N$24:$N$573,S96)*T96+INDEX([1]人物经验!$O$24:$O$573,S96)-INDEX([1]人物经验!$O$24:$O$573,Q96)-INDEX([1]人物经验!$N$24:$N$573,Q96)*R96,0),"") | Y96: =IF(K96="元宝",X96/[2]货币基础!$B$5,"") | Z96: 2 | AA96: =IF(K96="钻石",Z96/[2]货币基础!$B$4,"") -> 200 | AE96: 75级绿 | AF96: 75级绿 | AG96: 75级绿 | AH96: 50级红 | AI96: 50级紫 | AJ96: 50级紫 | AK96: 50级橙 | AL96: 75级紫
G97: 关卡18 | I97: 15 | J97: =SUM($I$6:I97)/60 -> 12.25 | K97: 经验 | N97: 75绿衣服 | O97: 75级绿头盔 | P97: 78 | Q97: =S96 -> 78 | R97: =T96 -> 0 | S97: 79 | T97: 0 | U97: =IF(K97="经验",ROUND(INDEX([1]人物经验!$N$24:$N$573,S97)*T97+INDEX([1]人物经验!$O$24:$O$573,S97)-INDEX([1]人物经验!$O$24:$O$573,Q97)-INDEX([1]人物经验!$N$24:$N$573,Q97)*R97,0),"") -> 494 | Y97: =IF(K97="元宝",X97/[2]货币基础!$B$5,"") | AA97: =IF(K97="钻石",Z97/[2]货币基础!$B$4,"") | AE97: 75级绿 | AF97: 75级绿 | AG97: 75级绿 | AH97: 50级红 | AI97: 50级紫 | AJ97: 75级绿 | AK97: 50级橙 | AL97: 75级紫
G98: 主线任务100069 | H98: 通关关卡18 | I98: 5 | J98: =SUM($I$6:I98)/60 -> 12.333333 | K98: 元宝 | P98: 79 | Q98: =S97 -> 79 | R98: =T97 -> 0 | S98: 79 | T98: 0 | U98: =IF(K98="经验",ROUND(INDEX([1]人物经验!$N$24:$N$573,S98)*T98+INDEX([1]人物经验!$O$24:$O$573,S98)-INDEX([1]人物经验!$O$24:$O$573,Q98)-INDEX([1]人物经验!$N$24:$N$573,Q98)*R98,0),"") | X98: 0.5 | Y98: =IF(K98="元宝",X98/[2]货币基础!$B$5,"") -> 5000 | AA98: =IF(K98="钻石",Z98/[2]货币基础!$B$4,"") | AE98: 75级绿 | AF98: 75级绿 | AG98: 75级绿 | AH98: 50级红 | AI98: 75级绿 | AJ98: 75级绿 | AK98: 75级绿 | AL98: 75级紫
A99: 8 | B99: 天阙城 | C99: 79 | D99: 200 | E99: =SUM(I99:I144)/60 -> 32.5 | F99: =VLOOKUP(D99,新手阶段非R升级节奏!$A$2:$C$222,3,0)-VLOOKUP(C99,新手阶段非R升级节奏!$A$2:$C$222,3,0) -> 1721923 | G99: 主线任务100070 | H99: 对话 | I99: 5 | J99: =SUM($I$6:I99)/60 -> 12.416667 | K99: 经验 | P99: 79 | Q99: =S98 -> 79 | R99: =T98 -> 0 | S99: 79 | T99: 0.5 | U99: =IF(K99="经验",ROUND(INDEX([1]人物经验!$N$24:$N$573,S99)*T99+INDEX([1]人物经验!$O$24:$O$573,S99)-INDEX([1]人物经验!$O$24:$O$573,Q99)-INDEX([1]人物经验!$N$24:$N$573,Q99)*R99,0),"") -> 256 | Y99: =IF(K99="元宝",X99/[2]货币基础!$B$5,"") | AA99: =IF(K99="钻石",Z99/[2]货币基础!$B$4,"") | AE99: 75级绿 | AF99: 75级绿 | AG99: 75级绿 | AH99: 50级红 | AI99: 75级绿 | AJ99: 75级绿 | AK99: 75级绿 | AL99: 75级紫
G100: 主线任务100071 | H100: 完成仙侣材料副本 | I100: 20 | J100: =SUM($I$6:I100)/60 -> 12.75 | K100: 经验 | L100: 仙侣丹*5 | P100: 79 | Q100: =S99 -> 79 | R100: =T99 -> 0.5 | S100: 80 | T100: 0 | U100: =IF(K100="经验",ROUND(INDEX([1]人物经验!$N$24:$N$573,S100)*T100+INDEX([1]人物经验!$O$24:$O$573,S100)-INDEX([1]人物经验!$O$24:$O$573,Q100)-INDEX([1]人物经验!$N$24:$N$573,Q100)*R100,0),"") -> 256 | Y100: =IF(K100="元宝",X100/[2]货币基础!$B$5,"") | AA100: =IF(K100="钻石",Z100/[2]货币基础!$B$4,"") | AD100: 开启仙侣 | AE100: 75级绿 | AF100: 75级绿 | AG100: 75级绿 | AH100: 50级红 | AI100: 75级绿 | AJ100: 75级绿 | AK100: 75级绿 | AL100: 75级紫
G101: 主线任务100072 | H101: 提升一次仙侣 | I101: 10 | J101: =SUM($I$6:I101)/60 -> 12.916667 | K101: 经验 | P101: 80 | Q101: =S100 -> 80 | R101: =T100 -> 0 | S101: 80 | T101: 0.5 | U101: =IF(K101="经验",ROUND(INDEX([1]人物经验!$N$24:$N$573,S101)*T101+INDEX([1]人物经验!$O$24:$O$573,S101)-INDEX([1]人物经验!$O$24:$O$573,Q101)-INDEX([1]人物经验!$N$24:$N$573,Q101)*R101,0),"") -> 273 | W101: =IF(K101="金币",INT(V101/[2]货币基础!$B$6*3600*INDEX([1]人物经验!$K$24:$K$573,P101)/1000+1)*1000,"") | Y101: =IF(K101="元宝",X101/[2]货币基础!$B$5,"") | AA101: =IF(K101="钻石",Z101/[2]货币基础!$B$4,"") | AE101: 75级绿 | AF101: 75级绿 | AG101: 75级绿 | AH101: 50级红 | AI101: 75级绿 | AJ101: 75级绿 | AK101: 75级绿 | AL101: 75级紫
...

Sheet 功能开启节奏
A3: 功能列表 | B3: 开启等级
A4: 坐骑 | B4: ='标准新手流程（非R）'!S10 -> 13
A5: 大招 | B5: ='标准新手流程（非R）'!S22 -> 33
A6: 技能升级 | B6: ='标准新手流程（非R）'!S48 -> 56
A7: 装备熔炼 | B7: ='标准新手流程（非R）'!S45 -> 54
A8: 装备强化 | B8: ='标准新手流程（非R）'!S46 -> 54
A9: 变身 | B9: ='标准新手流程（非R）'!S58 -> 67
A10: 个人boss（50级） | B10: ='标准新手流程（非R）'!S67 -> 69
A11: 转生 | B11: ='标准新手流程（非R）'!S63 -> 68
A12: 坐骑材料副本 | B12: ='标准新手流程（非R）'!S74 -> 71
A13: 仙侣 | B13: ='标准新手流程（非R）'!S94 -> 78
A14: 仙侣材料副本 | B14: ='标准新手流程（非R）'!S96 -> 78
A15: 神纹 | B15: ='标准新手流程（非R）'!S102 -> 81
A16: 通天塔 | B16: ='标准新手流程（非R）'!S102 -> 81
A17: 野外boss（75级） | B17: 75
A18: 日环 | C18: 12/29未上
A19: 日常 | B19: 90 | C19: 拍的
A20: 强化石材料副本 | B20: 90
A21: 金币材料副本 | B21: 110
A22: 灵脉 | B22: 110
A23: 血战四方 | B23: 130
A24: 装备精炼 | B24: 130
A25: 竞技场 | B25: 160 | C25: 12/29未上
A26: 羽翼 | B26: 275
A27: 宠物 | B27: 235
A28: 令牌 | B28: 150
A29: 守护神剑 | B29: 160

Sheet 转生节奏
B2: 任务推送时间 | E2: 完成时间
A3: 转生等阶 | B3: 推送等级 | C3: 游戏天数 | D3: 当天游戏时间/分钟 | E3: 对应等级 | F3: 游戏天数 | G3: 当天游戏时间/分钟
A4: 1转 | B4: 40 | C4: =INT(INDEX([1]人物经验!$H$24:$H$573,B4)+1) -> 1 | D4: =IF(C4=1,INDEX([1]人物经验!$H$24:$H$573,B4)*24*60,INT(MOD(INDEX([1]人物经验!$H$24:$H$573,B4),1)*24/[1]经验产出!$S$5*60)) -> 15 | E4: 70 | F4: =INT(INDEX([1]人物经验!$H$24:$H$573,E4)+1) -> 1 | G4: =ROUND(INDEX('标准新手流程（非R）'!J6:J144,MATCH(E4,'标准新手流程（非R）'!P6:P144,1)),2) -> 8.58 | H4: 新手前15分钟引导玩家跑地图推关卡，15~20分钟引导玩家转生
A5: 2转 | E5: 235 | F5: =INT(INDEX([1]人物经验!$H$24:$H$573,E5)+1) -> 2 | G5: =IF(F5=1,INDEX([1]人物经验!$H$24:$H$573,E5)*24*60,INT(MOD(INDEX([1]人物经验!$H$24:$H$573,E5),1)*24/[1]经验产出!$S$5*60)) -> 14 | H5: 2转的等级需求可能需要删除，50级跟240级数值差距过大，会导致挫败感
A6: 3转 | E6: 275 | F6: =INT(INDEX([1]人物经验!$H$24:$H$573,E6)+1) -> 3 | G6: =IF(F6=1,INDEX([1]人物经验!$H$24:$H$573,E6)*24*60,INT(MOD(INDEX([1]人物经验!$H$24:$H$573,E6),1)*24/[1]经验产出!$S$5*60)) -> 26
A7: 4转 | E7: 300 | F7: =INT(INDEX([1]人物经验!$H$24:$H$573,E7)+1) -> 5 | G7: =IF(F7=1,INDEX([1]人物经验!$H$24:$H$573,E7)*24*60,INT(MOD(INDEX([1]人物经验!$H$24:$H$573,E7),1)*24/[1]经验产出!$S$5*60)) -> 32
A8: 5转 | E8: 350 | F8: =INT(INDEX([1]人物经验!$H$24:$H$573,E8)+1) -> 12 | G8: =IF(F8=1,INDEX([1]人物经验!$H$24:$H$573,E8)*24*60,INT(MOD(INDEX([1]人物经验!$H$24:$H$573,E8),1)*24/[1]经验产出!$S$5*60)) -> 32
A9: 6转 | E9: 400 | F9: =INT(INDEX([1]人物经验!$H$24:$H$573,E9)+1) -> 19 | G9: =IF(F9=1,INDEX([1]人物经验!$H$24:$H$573,E9)*24*60,INT(MOD(INDEX([1]人物经验!$H$24:$H$573,E9),1)*24/[1]经验产出!$S$5*60)) -> 32
A10: 7转 | E10: 450 | F10: =INT(INDEX([1]人物经验!$H$24:$H$573,E10)+1) -> 26 | G10: =IF(F10=1,INDEX([1]人物经验!$H$24:$H$573,E10)*24*60,INT(MOD(INDEX([1]人物经验!$H$24:$H$573,E10),1)*24/[1]经验产出!$S$5*60)) -> 32
A11: 8转 | E11: 500 | F11: =INT(INDEX([1]人物经验!$H$24:$H$573,E11)+1) -> 40 | G11: =IF(F11=1,INDEX([1]人物经验!$H$24:$H$573,E11)*24*60,INT(MOD(INDEX([1]人物经验!$H$24:$H$573,E11),1)*24/[1]经验产出!$S$5*60)) -> 32
A12: 9转 | E12: 550 | F12: =INT(INDEX([1]人物经验!$H$24:$H$573,E12)+1) -> 54 | G12: =IF(F12=1,INDEX([1]人物经验!$H$24:$H$573,E12)*24*60,INT(MOD(INDEX([1]人物经验!$H$24:$H$573,E12),1)*24/[1]经验产出!$S$5*60)) -> 32
A15: 材料副本
A16: 进阶副本
A17: 各种玩法的时间节点

Sheet 基础装备节奏
A2: 装备等级 | B2: 时间/分 | C2: 备注
A3: 1 | B3: 刚进游戏 | C3: 第一套
A4: 50 | B4: 4 | C4: 第二套
A5: 75 | B5: 13 | C5: 第三套
A6: 120 | B6: 33.25 | C6: 第四套
A7: 200 | B7: 64 | C7: 第五套
A11: 基础装备属性
A12: 装备强化
A13: 掉落
A14: 关卡掉落
A15: 个人boss掉落
A16: 野外boss掉落
A17: 世界boss掉落

Sheet 通天塔对接
A2: 通天塔对接 | H2: 转盘对接
A3: 阶段 | B3: 层数 | C3: 玩家等级 | D3: 游戏时间/分 | E3: 属性等级 | F3: 人物经验 | H3: 奖励序号 | I3: 玩家等级 | J3: 玩家转生等级 | K3: 奖励 | L3: 抽奖层数
A4: 新手流程 | B4: 通天塔1 | C4: =VLOOKUP(B4,'标准新手流程（非R）'!$G$5:$P$144,10,0) -> 81 | D4: =VLOOKUP(B4,'标准新手流程（非R）'!$G$5:$P$144,4,0) -> 13.083333 | E4: =IF(COUNTA($C$4:C4)<8,C4-(8-COUNTA($C$4:C4))*2,C4) -> 67 | F4: =IF(ISNA(VLOOKUP(B4,'标准新手流程（非R）'!$G$5:$U$144,15,0)),"",VLOOKUP(B4,'标准新手流程（非R）'!$G$5:$U$144,15,0)) -> 585 | H4: 1 | I4: =C13 -> 92 | J4: =MATCH(I4,转生节奏!$E$4:$E$12,1) -> 1 | K4: 钻石*999 | L4: 10
A5: 新手流程 | B5: 通天塔2 | C5: =VLOOKUP(B5,'标准新手流程（非R）'!$G$5:$P$144,10,0) -> 82 | D5: =VLOOKUP(B5,'标准新手流程（非R）'!$G$5:$P$144,4,0) -> 13.166667 | E5: =IF(COUNTA($C$4:C5)<8,C5-(8-COUNTA($C$4:C5))*2,C5) -> 70 | F5: =IF(ISNA(VLOOKUP(B5,'标准新手流程（非R）'!$G$5:$U$144,15,0)),"",VLOOKUP(B5,'标准新手流程（非R）'!$G$5:$U$144,15,0)) -> 627 | H5: 2 | I5: =C23 -> 120 | J5: =MATCH(I5,转生节奏!$E$4:$E$12,1) -> 1 | K5: 120红武器 | L5: 20
A6: 新手流程 | B6: 通天塔3 | C6: =VLOOKUP(B6,'标准新手流程（非R）'!$G$5:$P$144,10,0) -> 83 | D6: =VLOOKUP(B6,'标准新手流程（非R）'!$G$5:$P$144,4,0) -> 13.25 | E6: =IF(COUNTA($C$4:C6)<8,C6-(8-COUNTA($C$4:C6))*2,C6) -> 73 | F6: =IF(ISNA(VLOOKUP(B6,'标准新手流程（非R）'!$G$5:$U$144,15,0)),"",VLOOKUP(B6,'标准新手流程（非R）'!$G$5:$U$144,15,0)) -> 656 | H6: 3 | I6: =C33 -> 155 | J6: =MATCH(I6,转生节奏!$E$4:$E$12,1) -> 1 | K6: 1转3星衣服 | L6: 30
A7: 新手流程 | B7: 通天塔4 | C7: =VLOOKUP(B7,'标准新手流程（非R）'!$G$5:$P$144,10,0) -> 84 | D7: =VLOOKUP(B7,'标准新手流程（非R）'!$G$5:$P$144,4,0) -> 13.833333 | E7: =IF(COUNTA($C$4:C7)<8,C7-(8-COUNTA($C$4:C7))*2,C7) -> 76 | F7: =IF(ISNA(VLOOKUP(B7,'标准新手流程（非R）'!$G$5:$U$144,15,0)),"",VLOOKUP(B7,'标准新手流程（非R）'!$G$5:$U$144,15,0)) -> 676 | H7: 4 | I7: =C43 -> 205 | J7: =MATCH(I7,转生节奏!$E$4:$E$12,1) -> 1 | K7: 200橙靴子 | L7: 40
A8: 新手流程 | B8: 通天塔5 | C8: =VLOOKUP(B8,'标准新手流程（非R）'!$G$5:$P$144,10,0) -> 85 | D8: =VLOOKUP(B8,'标准新手流程（非R）'!$G$5:$P$144,4,0) -> 14.166667 | E8: =IF(COUNTA($C$4:C8)<8,C8-(8-COUNTA($C$4:C8))*2,C8) -> 79 | F8: =IF(ISNA(VLOOKUP(B8,'标准新手流程（非R）'!$G$5:$U$144,15,0)),"",VLOOKUP(B8,'标准新手流程（非R）'!$G$5:$U$144,15,0)) -> 709 | H8: 5 | I8: =C48 -> 210 | J8: =MATCH(I8,转生节奏!$E$4:$E$12,1) -> 1 | K8: 200红头盔 | L8: 45
A9: 新手流程 | B9: 通天塔6 | C9: =VLOOKUP(B9,'标准新手流程（非R）'!$G$5:$P$144,10,0) -> 86 | D9: =VLOOKUP(B9,'标准新手流程（非R）'!$G$5:$P$144,4,0) -> 14.666667 | E9: =IF(COUNTA($C$4:C9)<8,C9-(8-COUNTA($C$4:C9))*2,C9) -> 82 | F9: =IF(ISNA(VLOOKUP(B9,'标准新手流程（非R）'!$G$5:$U$144,15,0)),"",VLOOKUP(B9,'标准新手流程（非R）'!$G$5:$U$144,15,0)) -> 714 | H9: 6 | I9: =C53 -> 215 | J9: =MATCH(I9,转生节奏!$E$4:$E$12,1) -> 1 | K9: 1转3星护手 | L9: 50
A10: 新手流程 | B10: 通天塔7 | C10: =VLOOKUP(B10,'标准新手流程（非R）'!$G$5:$P$144,10,0) -> 87 | D10: =VLOOKUP(B10,'标准新手流程（非R）'!$G$5:$P$144,4,0) -> 15.416667 | E10: =IF(COUNTA($C$4:C10)<8,C10-(8-COUNTA($C$4:C10))*2,C10) -> 85 | F10: =IF(ISNA(VLOOKUP(B10,'标准新手流程（非R）'!$G$5:$U$144,15,0)),"",VLOOKUP(B10,'标准新手流程（非R）'!$G$5:$U$144,15,0)) -> 758 | H10: 7 | I10: =C58 -> 220 | J10: =MATCH(I10,转生节奏!$E$4:$E$12,1) -> 1 | K10: 200红腰带 | L10: 55
A11: 新手流程 | B11: 通天塔8 | C11: =VLOOKUP(B11,'标准新手流程（非R）'!$G$5:$P$144,10,0) -> 89 | D11: =VLOOKUP(B11,'标准新手流程（非R）'!$G$5:$P$144,4,0) -> 16.25 | E11: =IF(COUNTA($C$4:C11)<8,C11-(8-COUNTA($C$4:C11))*2,C11) -> 89 | F11: =IF(ISNA(VLOOKUP(B11,'标准新手流程（非R）'!$G$5:$U$144,15,0)),"",VLOOKUP(B11,'标准新手流程（非R）'!$G$5:$U$144,15,0)) -> 800 | H11: 8 | I11: =C63 -> 225 | J11: =MATCH(I11,转生节奏!$E$4:$E$12,1) -> 1 | K11: 200红项链 | L11: 60
A12: 新手流程 | B12: 通天塔9 | C12: =VLOOKUP(B12,'标准新手流程（非R）'!$G$5:$P$144,10,0) -> 90 | D12: =VLOOKUP(B12,'标准新手流程（非R）'!$G$5:$P$144,4,0) -> 17.25 | E12: =IF(COUNTA($C$4:C12)<8,C12-(8-COUNTA($C$4:C12))*2,C12) -> 90 | F12: =IF(ISNA(VLOOKUP(B12,'标准新手流程（非R）'!$G$5:$U$144,15,0)),"",VLOOKUP(B12,'标准新手流程（非R）'!$G$5:$U$144,15,0)) -> 836 | H12: 9 | I12: =C68 -> 230 | J12: =MATCH(I12,转生节奏!$E$4:$E$12,1) -> 1 | K12: 1转3星戒指 | L12: 65
A13: 新手流程 | B13: 通天塔10 | C13: =VLOOKUP(B13,'标准新手流程（非R）'!$G$5:$P$144,10,0) -> 92 | D13: =VLOOKUP(B13,'标准新手流程（非R）'!$G$5:$P$144,4,0) -> 18.25 | E13: =IF(COUNTA($C$4:C13)<8,C13-(8-COUNTA($C$4:C13))*2,C13) -> 92 | F13: =IF(ISNA(VLOOKUP(B13,'标准新手流程（非R）'!$G$5:$U$144,15,0)),"",VLOOKUP(B13,'标准新手流程（非R）'!$G$5:$U$144,15,0)) -> 856 | H13: 10 | I13: =C73 -> 235 | J13: =MATCH(I13,转生节奏!$E$4:$E$12,1) -> 2 | K13: 2转3星武器 | L13: 70
A14: 新手流程 | B14: 通天塔11 | C14: =VLOOKUP(B14,'标准新手流程（非R）'!$G$5:$P$144,10,0) -> 106 | D14: =VLOOKUP(B14,'标准新手流程（非R）'!$G$5:$P$144,4,0) -> 25.583333 | E14: =IF(COUNTA($C$4:C14)<8,C14-(8-COUNTA($C$4:C14))*2,C14) -> 106 | F14: =IF(ISNA(VLOOKUP(B14,'标准新手流程（非R）'!$G$5:$U$144,15,0)),"",VLOOKUP(B14,'标准新手流程（非R）'!$G$5:$U$144,15,0)) -> 949
A15: 新手流程 | B15: 通天塔12 | C15: =VLOOKUP(B15,'标准新手流程（非R）'!$G$5:$P$144,10,0) -> 107 | D15: =VLOOKUP(B15,'标准新手流程（非R）'!$G$5:$P$144,4,0) -> 26.583333 | E15: =IF(COUNTA($C$4:C15)<8,C15-(8-COUNTA($C$4:C15))*2,C15) -> 107 | F15: =IF(ISNA(VLOOKUP(B15,'标准新手流程（非R）'!$G$5:$U$144,15,0)),"",VLOOKUP(B15,'标准新手流程（非R）'!$G$5:$U$144,15,0)) -> 959
A16: 新手流程 | B16: 通天塔13 | C16: =VLOOKUP(B16,'标准新手流程（非R）'!$G$5:$P$144,10,0) -> 108 | D16: =VLOOKUP(B16,'标准新手流程（非R）'!$G$5:$P$144,4,0) -> 27.583333 | E16: =IF(COUNTA($C$4:C16)<8,C16-(8-COUNTA($C$4:C16))*2,C16) -> 108 | F16: =IF(ISNA(VLOOKUP(B16,'标准新手流程（非R）'!$G$5:$U$144,15,0)),"",VLOOKUP(B16,'标准新手流程（非R）'!$G$5:$U$144,15,0)) -> 987
A17: 新手流程 | B17: 通天塔14 | C17: =VLOOKUP(B17,'标准新手流程（非R）'!$G$5:$P$144,10,0) -> 109 | D17: =VLOOKUP(B17,'标准新手流程（非R）'!$G$5:$P$144,4,0) -> 28.583333 | E17: =IF(COUNTA($C$4:C17)<8,C17-(8-COUNTA($C$4:C17))*2,C17) -> 109 | F17: =IF(ISNA(VLOOKUP(B17,'标准新手流程（非R）'!$G$5:$U$144,15,0)),"",VLOOKUP(B17,'标准新手流程（非R）'!$G$5:$U$144,15,0)) -> 1015
A18: 新手流程 | B18: 通天塔15 | C18: =VLOOKUP(B18,'标准新手流程（非R）'!$G$5:$P$144,10,0) -> 110 | D18: =VLOOKUP(B18,'标准新手流程（非R）'!$G$5:$P$144,4,0) -> 29.583333 | E18: =IF(COUNTA($C$4:C18)<8,C18-(8-COUNTA($C$4:C18))*2,C18) -> 110 | F18: =IF(ISNA(VLOOKUP(B18,'标准新手流程（非R）'!$G$5:$U$144,15,0)),"",VLOOKUP(B18,'标准新手流程（非R）'!$G$5:$U$144,15,0)) -> 1043
A19: 新手流程 | B19: 通天塔16 | C19: =VLOOKUP(B19,'标准新手流程（非R）'!$G$5:$P$144,10,0) -> 112 | D19: =VLOOKUP(B19,'标准新手流程（非R）'!$G$5:$P$144,4,0) -> 30.666667 | E19: =IF(COUNTA($C$4:C19)<8,C19-(8-COUNTA($C$4:C19))*2,C19) -> 112 | F19: =IF(ISNA(VLOOKUP(B19,'标准新手流程（非R）'!$G$5:$U$144,15,0)),"",VLOOKUP(B19,'标准新手流程（非R）'!$G$5:$U$144,15,0)) -> 1082
A20: 新手流程 | B20: 通天塔17 | C20: =VLOOKUP(B20,'标准新手流程（非R）'!$G$5:$P$144,10,0) -> 114 | D20: =VLOOKUP(B20,'标准新手流程（非R）'!$G$5:$P$144,4,0) -> 31.666667 | E20: =IF(COUNTA($C$4:C20)<8,C20-(8-COUNTA($C$4:C20))*2,C20) -> 114 | F20: =IF(ISNA(VLOOKUP(B20,'标准新手流程（非R）'!$G$5:$U$144,15,0)),"",VLOOKUP(B20,'标准新手流程（非R）'!$G$5:$U$144,15,0)) -> 1142
A21: 新手流程 | B21: 通天塔18 | C21: =VLOOKUP(B21,'标准新手流程（非R）'!$G$5:$P$144,10,0) -> 116 | D21: =VLOOKUP(B21,'标准新手流程（非R）'!$G$5:$P$144,4,0) -> 32.666667 | E21: =IF(COUNTA($C$4:C21)<8,C21-(8-COUNTA($C$4:C21))*2,C21) -> 116 | F21: =IF(ISNA(VLOOKUP(B21,'标准新手流程（非R）'!$G$5:$U$144,15,0)),"",VLOOKUP(B21,'标准新手流程（非R）'!$G$5:$U$144,15,0)) -> 1183
A22: 新手流程 | B22: 通天塔19 | C22: =VLOOKUP(B22,'标准新手流程（非R）'!$G$5:$P$144,10,0) -> 118 | D22: =VLOOKUP(B22,'标准新手流程（非R）'!$G$5:$P$144,4,0) -> 33.666667 | E22: =IF(COUNTA($C$4:C22)<8,C22-(8-COUNTA($C$4:C22))*2,C22) -> 118 | F22: =IF(ISNA(VLOOKUP(B22,'标准新手流程（非R）'!$G$5:$U$144,15,0)),"",VLOOKUP(B22,'标准新手流程（非R）'!$G$5:$U$144,15,0)) -> 1245
A23: 新手流程 | B23: 通天塔20 | C23: =VLOOKUP(B23,'标准新手流程（非R）'!$G$5:$P$144,10,0) -> 120 | D23: =VLOOKUP(B23,'标准新手流程（非R）'!$G$5:$P$144,4,0) -> 34.666667 | E23: =IF(COUNTA($C$4:C23)<8,C23-(8-COUNTA($C$4:C23))*2,C23) -> 120 | F23: =IF(ISNA(VLOOKUP(B23,'标准新手流程（非R）'!$G$5:$U$144,15,0)),"",VLOOKUP(B23,'标准新手流程（非R）'!$G$5:$U$144,15,0)) -> 1288
A24: 新手流程 | B24: 通天塔21 | C24: =VLOOKUP(B24,'标准新手流程（非R）'!$G$5:$P$144,10,0) -> 122 | D24: =VLOOKUP(B24,'标准新手流程（非R）'!$G$5:$P$144,4,0) -> 35.75 | E24: =IF(COUNTA($C$4:C24)<8,C24-(8-COUNTA($C$4:C24))*2,C24) -> 122 | F24: =IF(ISNA(VLOOKUP(B24,'标准新手流程（非R）'!$G$5:$U$144,15,0)),"",VLOOKUP(B24,'标准新手流程（非R）'!$G$5:$U$144,15,0)) -> 1433
A25: 新手流程 | B25: 通天塔22 | C25: =VLOOKUP(B25,'标准新手流程（非R）'!$G$5:$P$144,10,0) -> 124 | D25: =VLOOKUP(B25,'标准新手流程（非R）'!$G$5:$P$144,4,0) -> 36.75 | E25: =IF(COUNTA($C$4:C25)<8,C25-(8-COUNTA($C$4:C25))*2,C25) -> 124 | F25: =IF(ISNA(VLOOKUP(B25,'标准新手流程（非R）'!$G$5:$U$144,15,0)),"",VLOOKUP(B25,'标准新手流程（非R）'!$G$5:$U$144,15,0)) -> 1547
... A28: 新手流程 | B28: 通天塔25 | C28: =VLOOKUP(B28,'标准新手流程（非R）'!$G$5:$P$144,10,0) -> 130 | D28: =VLOOKUP(B28,'标准新手流程（非R）'!$G$5:$P$144,4,0) -> 39.75 | E28: =IF(COUNTA($C$4:C28)<8,C28-(8-COUNTA($C$4:C28))*2,C28) -> 130 | F28: =IF(ISNA(VLOOKUP(B28,'标准新手流程（非R）'!$G$5:$U$144,15,0)),"",VLOOKUP(B28,'标准新手流程（非R）'!$G$5:$U$144,15,0)) -> 1990
A29: 对接区间 | B29: 通天塔26 | C29: 135 | E29: =IF(COUNTA($C$4:C29)<8,C29-(8-COUNTA($C$4:C29))*2,C29) -> 135 | F29: =IF(ISNA(VLOOKUP(B29,'标准新手流程（非R）'!$G$5:$U$144,15,0)),"",VLOOKUP(B29,'标准新手流程（非R）'!$G$5:$U$144,15,0))
A30: 对接区间 | B30: 通天塔27 | C30: 140 | E30: =IF(COUNTA($C$4:C30)<8,C30-(8-COUNTA($C$4:C30))*2,C30) -> 140 | F30: =IF(ISNA(VLOOKUP(B30,'标准新手流程（非R）'!$G$5:$U$144,15,0)),"",VLOOKUP(B30,'标准新手流程（非R）'!$G$5:$U$144,15,0))
A31: 对接区间 | B31: 通天塔28 | C31: 145 | E31: =IF(COUNTA($C$4:C31)<8,C31-(8-COUNTA($C$4:C31))*2,C31) -> 145 | F31: =IF(ISNA(VLOOKUP(B31,'标准新手流程（非R）'!$G$5:$U$144,15,0)),"",VLOOKUP(B31,'标准新手流程（非R）'!$G$5:$U$144,15,0))
A32: 对接区间 | B32: 通天塔29 | C32: 150 | E32: =IF(COUNTA($C$4:C32)<8,C32-(8-COUNTA($C$4:C32))*2,C32) -> 150 | F32: =IF(ISNA(VLOOKUP(B32,'标准新手流程（非R）'!$G$5:$U$144,15,0)),"",VLOOKUP(B32,'标准新手流程（非R）'!$G$5:$U$144,15,0))
A33: 对接区间 | B33: 通天塔30 | C33: 155 | E33: =IF(COUNTA($C$4:C33)<8,C33-(8-COUNTA($C$4:C33))*2,C33) -> 155 | F33: =IF(ISNA(VLOOKUP(B33,'标准新手流程（非R）'!$G$5:$U$144,15,0)),"",VLOOKUP(B33,'标准新手流程（非R）'!$G$5:$U$144,15,0))
A34: 对接区间 | B34: 通天塔31 | C34: 160 | E34: =IF(COUNTA($C$4:C34)<8,C34-(8-COUNTA($C$4:C34))*2,C34) -> 160 | F34: =IF(ISNA(VLOOKUP(B34,'标准新手流程（非R）'!$G$5:$U$144,15,0)),"",VLOOKUP(B34,'标准新手流程（非R）'!$G$5:$U$144,15,0))
A35: 对接区间 | B35: 通天塔32 | C35: 165 | E35: =IF(COUNTA($C$4:C35)<8,C35-(8-COUNTA($C$4:C35))*2,C35) -> 165 | F35: =IF(ISNA(VLOOKUP(B35,'标准新手流程（非R）'!$G$5:$U$144,15,0)),"",VLOOKUP(B35,'标准新手流程（非R）'!$G$5:$U$144,15,0))
A36: 对接区间 | B36: 通天塔33 | C36: 170 | E36: =IF(COUNTA($C$4:C36)<8,C36-(8-COUNTA($C$4:C36))*2,C36) -> 170 | F36: =IF(ISNA(VLOOKUP(B36,'标准新手流程（非R）'!$G$5:$U$144,15,0)),"",VLOOKUP(B36,'标准新手流程（非R）'!$G$5:$U$144,15,0))
A37: 对接区间 | B37: 通天塔34 | C37: 180 | E37: =IF(COUNTA($C$4:C37)<8,C37-(8-COUNTA($C$4:C37))*2,C37) -> 180 | F37: =IF(ISNA(VLOOKUP(B37,'标准新手流程（非R）'!$G$5:$U$144,15,0)),"",VLOOKUP(B37,'标准新手流程（非R）'!$G$5:$U$144,15,0))
A38: 对接区间 | B38: 通天塔35 | C38: 190 | E38: =IF(COUNTA($C$4:C38)<8,C38-(8-COUNTA($C$4:C38))*2,C38) -> 190 | F38: =IF(ISNA(VLOOKUP(B38,'标准新手流程（非R）'!$G$5:$U$144,15,0)),"",VLOOKUP(B38,'标准新手流程（非R）'!$G$5:$U$144,15,0))
A39: 对接区间 | B39: 通天塔36 | C39: 201 | E39: =IF(COUNTA($C$4:C39)<8,C39-(8-COUNTA($C$4:C39))*2,C39) -> 201 | F39: =IF(ISNA(VLOOKUP(B39,'标准新手流程（非R）'!$G$5:$U$144,15,0)),"",VLOOKUP(B39,'标准新手流程（非R）'!$G$5:$U$144,15,0))
A40: 对接区间 | B40: 通天塔37 | C40: 202 | E40: =IF(COUNTA($C$4:C40)<8,C40-(8-COUNTA($C$4:C40))*2,C40) -> 202 | F40: =IF(ISNA(VLOOKUP(B40,'标准新手流程（非R）'!$G$5:$U$144,15,0)),"",VLOOKUP(B40,'标准新手流程（非R）'!$G$5:$U$144,15,0))
... A73: 对接区间 | B73: 通天塔70 | C73: 235 | E73: =IF(COUNTA($C$4:C73)<8,C73-(8-COUNTA($C$4:C73))*2,C73) -> 235 | F73: =IF(ISNA(VLOOKUP(B73,'标准新手流程（非R）'!$G$5:$U$144,15,0)),"",VLOOKUP(B73,'标准新手流程（非R）'!$G$5:$U$144,15,0))

Sheet 关卡对接
A2: 关卡对接
A3: 属性难度对接关卡
A4: 30
A6: 阶段 | B6: 层数 | C6: 玩家等级 | D6: 游戏时间/分 | E6: 属性等级 | F6: 通关经验 | H6: 理论对接关卡
A7: 新手阶段 | B7: 关卡1 | C7: =VLOOKUP(B7,'标准新手流程（非R）'!$G$5:$Q$144,11,0) -> 45 | E7: =IF(D7<15,C7-INT(15-D7),C7) -> 30 | F7: =IF(ISNA(VLOOKUP(B7,'标准新手流程（非R）'!$G$5:$U$144,15,0)),"",VLOOKUP(B7,'标准新手流程（非R）'!$G$5:$U$144,15,0)) -> 168 | I7: 特殊
A8: 新手阶段 | B8: 关卡2 | C8: =VLOOKUP(B8,'标准新手流程（非R）'!$G$5:$Q$144,11,0) -> 47 | E8: =IF(D8<15,C8-INT(15-D8),C8) -> 32 | F8: =IF(ISNA(VLOOKUP(B8,'标准新手流程（非R）'!$G$5:$U$144,15,0)),"",VLOOKUP(B8,'标准新手流程（非R）'!$G$5:$U$144,15,0)) -> 90 | I8: 特殊
A9: 新手阶段 | B9: 关卡3 | C9: =VLOOKUP(B9,'标准新手流程（非R）'!$G$5:$Q$144,11,0) -> 48 | E9: =IF(D9<15,C9-INT(15-D9),C9) -> 33 | F9: =IF(ISNA(VLOOKUP(B9,'标准新手流程（非R）'!$G$5:$U$144,15,0)),"",VLOOKUP(B9,'标准新手流程（非R）'!$G$5:$U$144,15,0)) -> 94 | I9: 特殊
A10: 新手阶段 | B10: 关卡4 | C10: =VLOOKUP(B10,'标准新手流程（非R）'!$G$5:$Q$144,11,0) -> 60 | D10: =INDEX('标准新手流程（非R）'!$J$6:$J$144,MATCH(C10,'标准新手流程（非R）'!$P$6:$P$144,1)) -> 6.25 | E10: =IF(D10<15,C10-INT(15-D10),C10) -> 52 | F10: =IF(ISNA(VLOOKUP(B10,'标准新手流程（非R）'!$G$5:$U$144,15,0)),"",VLOOKUP(B10,'标准新手流程（非R）'!$G$5:$U$144,15,0)) -> 423 | H10: =VLOOKUP(C10,[1]人物经验!$A$23:$I$573,9,0) -> 12
A11: 新手阶段 | B11: 关卡5 | C11: =VLOOKUP(B11,'标准新手流程（非R）'!$G$5:$Q$144,11,0) -> 62 | D11: =INDEX('标准新手流程（非R）'!$J$6:$J$144,MATCH(C11,'标准新手流程（非R）'!$P$6:$P$144,1)) -> 6.5 | E11: =IF(D11<15,C11-INT(15-D11),C11) -> 54 | F11: =IF(ISNA(VLOOKUP(B11,'标准新手流程（非R）'!$G$5:$U$144,15,0)),"",VLOOKUP(B11,'标准新手流程（非R）'!$G$5:$U$144,15,0)) -> 467 | H11: =VLOOKUP(C11,[1]人物经验!$A$23:$I$573,9,0) -> 13
A12: 新手阶段 | B12: 关卡6 | C12: =VLOOKUP(B12,'标准新手流程（非R）'!$G$5:$Q$144,11,0) -> 64 | D12: =INDEX('标准新手流程（非R）'!$J$6:$J$144,MATCH(C12,'标准新手流程（非R）'!$P$6:$P$144,1)) -> 6.8333333 | E12: =IF(D12<15,C12-INT(15-D12),C12) -> 56 | F12: =IF(ISNA(VLOOKUP(B12,'标准新手流程（非R）'!$G$5:$U$144,15,0)),"",VLOOKUP(B12,'标准新手流程（非R）'!$G$5:$U$144,15,0)) -> 507 | H12: =VLOOKUP(C12,[1]人物经验!$A$23:$I$573,9,0) -> 14
A13: 新手阶段 | B13: 关卡7 | C13: =VLOOKUP(B13,'标准新手流程（非R）'!$G$5:$Q$144,11,0) -> 66 | D13: =INDEX('标准新手流程（非R）'!$J$6:$J$144,MATCH(C13,'标准新手流程（非R）'!$P$6:$P$144,1)) -> 7.1666667 | E13: =IF(D13<15,C13-INT(15-D13),C13) -> 59 | F13: =IF(ISNA(VLOOKUP(B13,'标准新手流程（非R）'!$G$5:$U$144,15,0)),"",VLOOKUP(B13,'标准新手流程（非R）'!$G$5:$U$144,15,0)) -> 275 | H13: =VLOOKUP(C13,[1]人物经验!$A$23:$I$573,9,0) -> 15
A14: 新手阶段 | B14: 关卡8 | C14: =VLOOKUP(B14,'标准新手流程（非R）'!$G$5:$Q$144,11,0) -> 67 | D14: =INDEX('标准新手流程（非R）'!$J$6:$J$144,MATCH(C14,'标准新手流程（非R）'!$P$6:$P$144,1)) -> 7.4166667 | E14: =IF(D14<15,C14-INT(15-D14),C14) -> 60 | F14: =IF(ISNA(VLOOKUP(B14,'标准新手流程（非R）'!$G$5:$U$144,15,0)),"",VLOOKUP(B14,'标准新手流程（非R）'!$G$5:$U$144,15,0)) -> 284 | H14: =VLOOKUP(C14,[1]人物经验!$A$23:$I$573,9,0) -> 15
A15: 新手阶段 | B15: 关卡9 | C15: =VLOOKUP(B15,'标准新手流程（非R）'!$G$5:$Q$144,11,0) -> 69 | D15: =INDEX('标准新手流程（非R）'!$J$6:$J$144,MATCH(C15,'标准新手流程（非R）'!$P$6:$P$144,1)) -> 8.3333333 | E15: =IF(D15<15,C15-INT(15-D15),C15) -> 63 | F15: =IF(ISNA(VLOOKUP(B15,'标准新手流程（非R）'!$G$5:$U$144,15,0)),"",VLOOKUP(B15,'标准新手流程（非R）'!$G$5:$U$144,15,0)) -> 157 | H15: =VLOOKUP(C15,[1]人物经验!$A$23:$I$573,9,0) -> 16
A16: 新手阶段 | B16: 关卡10 | C16: =VLOOKUP(B16,'标准新手流程（非R）'!$G$5:$Q$144,11,0) -> 70 | D16: =INDEX('标准新手流程（非R）'!$J$6:$J$144,MATCH(C16,'标准新手流程（非R）'!$P$6:$P$144,1)) -> 8.5833333 | E16: =IF(D16<15,C16-INT(15-D16),C16) -> 64 | F16: =IF(ISNA(VLOOKUP(B16,'标准新手流程（非R）'!$G$5:$U$144,15,0)),"",VLOOKUP(B16,'标准新手流程（非R）'!$G$5:$U$144,15,0)) -> 334 | H16: =VLOOKUP(C16,[1]人物经验!$A$23:$I$573,9,0) -> 17
A17: 新手阶段 | B17: 关卡11 | C17: =VLOOKUP(B17,'标准新手流程（非R）'!$G$5:$Q$144,11,0) -> 72 | D17: =INDEX('标准新手流程（非R）'!$J$6:$J$144,MATCH(C17,'标准新手流程（非R）'!$P$6:$P$144,1)) -> 9.75 | E17: =IF(D17<15,C17-INT(15-D17),C17) -> 67 | F17: =IF(ISNA(VLOOKUP(B17,'标准新手流程（非R）'!$G$5:$U$144,15,0)),"",VLOOKUP(B17,'标准新手流程（非R）'!$G$5:$U$144,15,0)) -> 298 | H17: =VLOOKUP(C17,[1]人物经验!$A$23:$I$573,9,0) -> 18
A18: 新手阶段 | B18: 关卡12 | C18: =VLOOKUP(B18,'标准新手流程（非R）'!$G$5:$Q$144,11,0) -> 73 | D18: =INDEX('标准新手流程（非R）'!$J$6:$J$144,MATCH(C18,'标准新手流程（非R）'!$P$6:$P$144,1)) -> 10 | E18: =IF(D18<15,C18-INT(15-D18),C18) -> 68 | F18: =IF(ISNA(VLOOKUP(B18,'标准新手流程（非R）'!$G$5:$U$144,15,0)),"",VLOOKUP(B18,'标准新手流程（非R）'!$G$5:$U$144,15,0)) -> 267 | H18: =VLOOKUP(C18,[1]人物经验!$A$23:$I$573,9,0) -> 18
A19: 新手阶段 | B19: 关卡13 | C19: =VLOOKUP(B19,'标准新手流程（非R）'!$G$5:$Q$144,11,0) -> 74 | D19: =INDEX('标准新手流程（非R）'!$J$6:$J$144,MATCH(C19,'标准新手流程（非R）'!$P$6:$P$144,1)) -> 10.5 | E19: =IF(D19<15,C19-INT(15-D19),C19) -> 70 | F19: =IF(ISNA(VLOOKUP(B19,'标准新手流程（非R）'!$G$5:$U$144,15,0)),"",VLOOKUP(B19,'标准新手流程（非R）'!$G$5:$U$144,15,0)) -> 244 | H19: =VLOOKUP(C19,[1]人物经验!$A$23:$I$573,9,0) -> 19
A20: 新手阶段 | B20: 关卡14 | C20: =VLOOKUP(B20,'标准新手流程（非R）'!$G$5:$Q$144,11,0) -> 75 | D20: =INDEX('标准新手流程（非R）'!$J$6:$J$144,MATCH(C20,'标准新手流程（非R）'!$P$6:$P$144,1)) -> 10.833333 | E20: =IF(D20<15,C20-INT(15-D20),C20) -> 71 | F20: =IF(ISNA(VLOOKUP(B20,'标准新手流程（非R）'!$G$5:$U$144,15,0)),"",VLOOKUP(B20,'标准新手流程（非R）'!$G$5:$U$144,15,0)) -> 253 | H20: =VLOOKUP(C20,[1]人物经验!$A$23:$I$573,9,0) -> 19
A21: 新手阶段 | B21: 关卡15 | C21: =VLOOKUP(B21,'标准新手流程（非R）'!$G$5:$Q$144,11,0) -> 76 | D21: =INDEX('标准新手流程（非R）'!$J$6:$J$144,MATCH(C21,'标准新手流程（非R）'!$P$6:$P$144,1)) -> 11.25 | E21: =IF(D21<15,C21-INT(15-D21),C21) -> 73 | F21: =IF(ISNA(VLOOKUP(B21,'标准新手流程（非R）'!$G$5:$U$144,15,0)),"",VLOOKUP(B21,'标准新手流程（非R）'!$G$5:$U$144,15,0)) -> 269 | H21: =VLOOKUP(C21,[1]人物经验!$A$23:$I$573,9,0) -> 20
... A25: 新手阶段 | B25: 关卡19 | C25: =VLOOKUP(B25,'标准新手流程（非R）'!$G$5:$Q$144,11,0) -> 93 | D25: =INDEX('标准新手流程（非R）'!$J$6:$J$144,MATCH(C25,'标准新手流程（非R）'!$P$6:$P$144,1)) -> 18.833333 | E25: =IF(D25<15,C25-INT(15-D25),C25) -> 93 | F25: =IF(ISNA(VLOOKUP(B25,'标准新手流程（非R）'!$G$5:$U$144,15,0)),"",VLOOKUP(B25,'标准新手流程（非R）'!$G$5:$U$144,15,0)) -> 235 | H25: =VLOOKUP(C25,[1]人物经验!$A$23:$I$573,9,0) -> 29
A26: 对接阶段 | B26: 关卡20 | C26: 85 | D26: =INDEX('标准新手流程（非R）'!$J$6:$J$144,MATCH(C26,'标准新手流程（非R）'!$P$6:$P$144,1)) -> 14.166667 | E26: =IF(D26<15,C26-INT(15-D26),C26) -> 85 | F26: =IF(ISNA(VLOOKUP(B26,'标准新手流程（非R）'!$G$5:$U$144,15,0)),"",VLOOKUP(B26,'标准新手流程（非R）'!$G$5:$U$144,15,0)) -> 261 | H26: =VLOOKUP(C26,[1]人物经验!$A$23:$I$573,9,0) -> 24
A27: 对接阶段 | B27: 关卡21 | C27: 86 | D27: =INDEX('标准新手流程（非R）'!$J$6:$J$144,MATCH(C27,'标准新手流程（非R）'!$P$6:$P$144,1)) -> 14.666667 | E27: =IF(D27<15,C27-INT(15-D27),C27) -> 86 | F27: =IF(ISNA(VLOOKUP(B27,'标准新手流程（非R）'!$G$5:$U$144,15,0)),"",VLOOKUP(B27,'标准新手流程（非R）'!$G$5:$U$144,15,0)) -> 291 | H27: =VLOOKUP(C27,[1]人物经验!$A$23:$I$573,9,0) -> 25
A28: 对接阶段 | B28: 关卡22 | C28: 87 | D28: =INDEX('标准新手流程（非R）'!$J$6:$J$144,MATCH(C28,'标准新手流程（非R）'!$P$6:$P$144,1)) -> 15.416667 | E28: =IF(D28<15,C28-INT(15-D28),C28) -> 87 | F28: =IF(ISNA(VLOOKUP(B28,'标准新手流程（非R）'!$G$5:$U$144,15,0)),"",VLOOKUP(B28,'标准新手流程（非R）'!$G$5:$U$144,15,0)) -> 330 | H28: =VLOOKUP(C28,[1]人物经验!$A$23:$I$573,9,0) -> 26
A29: 对接阶段 | B29: 关卡23 | C29: 88 | D29: =INDEX('标准新手流程（非R）'!$J$6:$J$144,MATCH(C29,'标准新手流程（非R）'!$P$6:$P$144,1)) -> 15.416667 | E29: =IF(D29<15,C29-INT(15-D29),C29) -> 88 | F29: =IF(ISNA(VLOOKUP(B29,'标准新手流程（非R）'!$G$5:$U$144,15,0)),"",VLOOKUP(B29,'标准新手流程（非R）'!$G$5:$U$144,15,0)) | H29: =VLOOKUP(C29,[1]人物经验!$A$23:$I$573,9,0) -> 26
A30: 对接阶段 | B30: 关卡24 | C30: 89 | D30: =INDEX('标准新手流程（非R）'!$J$6:$J$144,MATCH(C30,'标准新手流程（非R）'!$P$6:$P$144,1)) -> 16.25 | E30: =IF(D30<15,C30-INT(15-D30),C30) -> 89 | F30: =IF(ISNA(VLOOKUP(B30,'标准新手流程（非R）'!$G$5:$U$144,15,0)),"",VLOOKUP(B30,'标准新手流程（非R）'!$G$5:$U$144,15,0)) | H30: =VLOOKUP(C30,[1]人物经验!$A$23:$I$573,9,0) -> 27
A31: 对接阶段 | B31: 关卡25 | C31: 90 | D31: =INDEX('标准新手流程（非R）'!$J$6:$J$144,MATCH(C31,'标准新手流程（非R）'!$P$6:$P$144,1)) -> 17.25 | E31: =IF(D31<15,C31-INT(15-D31),C31) -> 90 | F31: =IF(ISNA(VLOOKUP(B31,'标准新手流程（非R）'!$G$5:$U$144,15,0)),"",VLOOKUP(B31,'标准新手流程（非R）'!$G$5:$U$144,15,0)) | H31: =VLOOKUP(C31,[1]人物经验!$A$23:$I$573,9,0) -> 27
A32: 对接阶段 | B32: 关卡26 | C32: 91 | D32: =INDEX('标准新手流程（非R）'!$J$6:$J$144,MATCH(C32,'标准新手流程（非R）'!$P$6:$P$144,1)) -> 17.25 | E32: =IF(D32<15,C32-INT(15-D32),C32) -> 91 | F32: =IF(ISNA(VLOOKUP(B32,'标准新手流程（非R）'!$G$5:$U$144,15,0)),"",VLOOKUP(B32,'标准新手流程（非R）'!$G$5:$U$144,15,0)) | H32: =VLOOKUP(C32,[1]人物经验!$A$23:$I$573,9,0) -> 28
A33: 对接阶段 | B33: 关卡27 | C33: 92 | D33: =INDEX('标准新手流程（非R）'!$J$6:$J$144,MATCH(C33,'标准新手流程（非R）'!$P$6:$P$144,1)) -> 18.333333 | E33: =IF(D33<15,C33-INT(15-D33),C33) -> 92 | F33: =IF(ISNA(VLOOKUP(B33,'标准新手流程（非R）'!$G$5:$U$144,15,0)),"",VLOOKUP(B33,'标准新手流程（非R）'!$G$5:$U$144,15,0)) | H33: =VLOOKUP(C33,[1]人物经验!$A$23:$I$573,9,0) -> 28
A34: 对接阶段 | B34: 关卡28 | C34: 93 | D34: =INDEX('标准新手流程（非R）'!$J$6:$J$144,MATCH(C34,'标准新手流程（非R）'!$P$6:$P$144,1)) -> 18.833333 | E34: =IF(D34<15,C34-INT(15-D34),C34) -> 93 | F34: =IF(ISNA(VLOOKUP(B34,'标准新手流程（非R）'!$G$5:$U$144,15,0)),"",VLOOKUP(B34,'标准新手流程（非R）'!$G$5:$U$144,15,0)) | H34: =VLOOKUP(C34,[1]人物经验!$A$23:$I$573,9,0) -> 29
A35: 对接阶段 | B35: 关卡29 | C35: 94 | D35: =INDEX('标准新手流程（非R）'!$J$6:$J$144,MATCH(C35,'标准新手流程（非R）'!$P$6:$P$144,1)) -> 18.833333 | E35: =IF(D35<15,C35-INT(15-D35),C35) -> 94 | F35: =IF(ISNA(VLOOKUP(B35,'标准新手流程（非R）'!$G$5:$U$144,15,0)),"",VLOOKUP(B35,'标准新手流程（非R）'!$G$5:$U$144,15,0)) | H35: =VLOOKUP(C35,[1]人物经验!$A$23:$I$573,9,0) -> 30
A36: 对接阶段 | B36: 关卡30 | C36: 95 | D36: =INDEX('标准新手流程（非R）'!$J$6:$J$144,MATCH(C36,'标准新手流程（非R）'!$P$6:$P$144,1)) -> 19.666667 | E36: =IF(D36<15,C36-INT(15-D36),C36) -> 95 | F36: =IF(ISNA(VLOOKUP(B36,'标准新手流程（非R）'!$G$5:$U$144,15,0)),"",VLOOKUP(B36,'标准新手流程（非R）'!$G$5:$U$144,15,0)) | H36: =VLOOKUP(C36,[1]人物经验!$A$23:$I$573,9,0) -> 30
A37: 对接阶段 | B37: 关卡31 | C37: 96 | D37: =INDEX('标准新手流程（非R）'!$J$6:$J$144,MATCH(C37,'标准新手流程（非R）'!$P$6:$P$144,1)) -> 19.666667 | E37: =IF(D37<15,C37-INT(15-D37),C37) -> 96 | F37: =IF(ISNA(VLOOKUP(B37,'标准新手流程（非R）'!$G$5:$U$144,15,0)),"",VLOOKUP(B37,'标准新手流程（非R）'!$G$5:$U$144,15,0)) | H37: =VLOOKUP(C37,[1]人物经验!$A$23:$I$573,9,0) -> 31
... A141: 对接阶段 | B141: 关卡135 | C141: 200 | D141: =INDEX('标准新手流程（非R）'!$J$6:$J$144,MATCH(C141,'标准新手流程（非R）'!$P$6:$P$144,1)) -> 44.833333 | E141: =IF(D141<15,C141-INT(15-D141),C141) -> 200 | F141: =IF(ISNA(VLOOKUP(B141,'标准新手流程（非R）'!$G$5:$U$144,15,0)),"",VLOOKUP(B141,'标准新手流程（非R）'!$G$5:$U$144,15,0)) | H141: =VLOOKUP(C141,[1]人物经验!$A$23:$I$573,9,0) -> 154

Sheet 仙兵对接
A3: 仙兵编号 | B3: 碎片编号 | C3: 产出途径 | D3: 功能 | E3: 激活时间/分 | I3: 玩家等级 | J3: 碎片数量 | K3: 仙兵编号
A4: =[3]仙兵!A12 -> 1 | B4: =[3]仙兵!B12 -> 1 | C4: ='标准新手流程（非R）'!G23 -> 主线任务100017 | D4: 大招 | E4: =IF(ISNA(VLOOKUP(C4,'标准新手流程（非R）'!$G$5:$J$144,4,0)),INDEX('标准新手流程（非R）'!$J$6:$J$144,MATCH(INDEX(关卡对接!$C$7:$C$141,MATCH(C4,关卡对接!$B$7:$B$141,0)),'标准新手流程（非R）'!$P$6:$P$144,1)),VLOOKUP(C4,'标准新手流程（非R）'!$G$5:$J$144,4,0)) -> 1.6666667 | I4: 1
A5: =[3]仙兵!A13 -> 2 | B5: =[3]仙兵!B13 -> 1 | C5: ='标准新手流程（非R）'!G52 -> 关卡4 | D5: 变身 | E5: =IF(ISNA(VLOOKUP(C5,'标准新手流程（非R）'!$G$5:$J$144,4,0)),INDEX('标准新手流程（非R）'!$J$6:$J$144,MATCH(INDEX(关卡对接!$C$7:$C$141,MATCH(C5,关卡对接!$B$7:$B$141,0)),'标准新手流程（非R）'!$P$6:$P$144,1)),VLOOKUP(C5,'标准新手流程（非R）'!$G$5:$J$144,4,0)) -> 6.25 | I5: 2
A6: =[3]仙兵!A14 -> 2 | B6: =[3]仙兵!B14 -> 2 | C6: ='标准新手流程（非R）'!G54 -> 关卡5 | D6: 变身 | E6: =IF(ISNA(VLOOKUP(C6,'标准新手流程（非R）'!$G$5:$J$144,4,0)),INDEX('标准新手流程（非R）'!$J$6:$J$144,MATCH(INDEX(关卡对接!$C$7:$C$141,MATCH(C6,关卡对接!$B$7:$B$141,0)),'标准新手流程（非R）'!$P$6:$P$144,1)),VLOOKUP(C6,'标准新手流程（非R）'!$G$5:$J$144,4,0)) -> 6.5 | I6: 3
A7: =[3]仙兵!A15 -> 2 | B7: =[3]仙兵!B15 -> 3 | C7: ='标准新手流程（非R）'!G56 -> 关卡6 | D7: 变身 | E7: =IF(ISNA(VLOOKUP(C7,'标准新手流程（非R）'!$G$5:$J$144,4,0)),INDEX('标准新手流程（非R）'!$J$6:$J$144,MATCH(INDEX(关卡对接!$C$7:$C$141,MATCH(C7,关卡对接!$B$7:$B$141,0)),'标准新手流程（非R）'!$P$6:$P$144,1)),VLOOKUP(C7,'标准新手流程（非R）'!$G$5:$J$144,4,0)) -> 6.8333333 | I7: 4
A8: =[3]仙兵!A16 -> 2 | B8: =[3]仙兵!B16 -> 4 | C8: ='标准新手流程（非R）'!G58 -> 关卡7 | D8: 变身 | E8: =IF(ISNA(VLOOKUP(C8,'标准新手流程（非R）'!$G$5:$J$144,4,0)),INDEX('标准新手流程（非R）'!$J$6:$J$144,MATCH(INDEX(关卡对接!$C$7:$C$141,MATCH(C8,关卡对接!$B$7:$B$141,0)),'标准新手流程（非R）'!$P$6:$P$144,1)),VLOOKUP(C8,'标准新手流程（非R）'!$G$5:$J$144,4,0)) -> 7.1666667 | I8: 5
A9: =[3]仙兵!A17 -> 3 | B9: =[3]仙兵!B17 -> 1 | C9: ='标准新手流程（非R）'!G88 -> 关卡14 | D9: 仙侣 | E9: =IF(ISNA(VLOOKUP(C9,'标准新手流程（非R）'!$G$5:$J$144,4,0)),INDEX('标准新手流程（非R）'!$J$6:$J$144,MATCH(INDEX(关卡对接!$C$7:$C$141,MATCH(C9,关卡对接!$B$7:$B$141,0)),'标准新手流程（非R）'!$P$6:$P$144,1)),VLOOKUP(C9,'标准新手流程（非R）'!$G$5:$J$144,4,0)) -> 10.833333 | I9: 6
A10: =[3]仙兵!A18 -> 3 | B10: =[3]仙兵!B18 -> 2 | C10: ='标准新手流程（非R）'!G90 -> 关卡15 | D10: 仙侣 | E10: =IF(ISNA(VLOOKUP(C10,'标准新手流程（非R）'!$G$5:$J$144,4,0)),INDEX('标准新手流程（非R）'!$J$6:$J$144,MATCH(INDEX(关卡对接!$C$7:$C$141,MATCH(C10,关卡对接!$B$7:$B$141,0)),'标准新手流程（非R）'!$P$6:$P$144,1)),VLOOKUP(C10,'标准新手流程（非R）'!$G$5:$J$144,4,0)) -> 11.166667 | I10: 7
A11: =[3]仙兵!A19 -> 3 | B11: =[3]仙兵!B19 -> 3 | C11: ='标准新手流程（非R）'!G92 -> 关卡16 | D11: 仙侣 | E11: =IF(ISNA(VLOOKUP(C11,'标准新手流程（非R）'!$G$5:$J$144,4,0)),INDEX('标准新手流程（非R）'!$J$6:$J$144,MATCH(INDEX(关卡对接!$C$7:$C$141,MATCH(C11,关卡对接!$B$7:$B$141,0)),'标准新手流程（非R）'!$P$6:$P$144,1)),VLOOKUP(C11,'标准新手流程（非R）'!$G$5:$J$144,4,0)) -> 11.5 | I11: 8
A12: =[3]仙兵!A20 -> 3 | B12: =[3]仙兵!B20 -> 4 | C12: ='标准新手流程（非R）'!G94 -> 关卡17 | D12: 仙侣 | E12: =IF(ISNA(VLOOKUP(C12,'标准新手流程（非R）'!$G$5:$J$144,4,0)),INDEX('标准新手流程（非R）'!$J$6:$J$144,MATCH(INDEX(关卡对接!$C$7:$C$141,MATCH(C12,关卡对接!$B$7:$B$141,0)),'标准新手流程（非R）'!$P$6:$P$144,1)),VLOOKUP(C12,'标准新手流程（非R）'!$G$5:$J$144,4,0)) -> 11.833333 | I12: 9
A13: =[3]仙兵!A21 -> 4 | B13: =[3]仙兵!B21 -> 1 | C13: ='标准新手流程（非R）'!G117 -> 关卡19 | D13: 聚宝盘 | E13: =IF(ISNA(VLOOKUP(C13,'标准新手流程（非R）'!$G$5:$J$144,4,0)),INDEX('标准新手流程（非R）'!$J$6:$J$144,MATCH(INDEX(关卡对接!$C$7:$C$141,MATCH(C13,关卡对接!$B$7:$B$141,0)),'标准新手流程（非R）'!$P$6:$P$144,1)),VLOOKUP(C13,'标准新手流程（非R）'!$G$5:$J$144,4,0)) -> 18.833333 | I13: 10
A14: =[3]仙兵!A22 -> 4 | B14: =[3]仙兵!B22 -> 2 | C14: ='标准新手流程（非R）'!G118 -> 关卡20 | D14: 聚宝盘 | E14: =IF(ISNA(VLOOKUP(C14,'标准新手流程（非R）'!$G$5:$J$144,4,0)),INDEX('标准新手流程（非R）'!$J$6:$J$144,MATCH(INDEX(关卡对接!$C$7:$C$141,MATCH(C14,关卡对接!$B$7:$B$141,0)),'标准新手流程（非R）'!$P$6:$P$144,1)),VLOOKUP(C14,'标准新手流程（非R）'!$G$5:$J$144,4,0)) -> 19.583333 | I14: 11
A15: =[3]仙兵!A23 -> 4 | B15: =[3]仙兵!B23 -> 3 | C15: ='标准新手流程（非R）'!G120 -> 关卡21 | D15: 聚宝盘 | E15: =IF(ISNA(VLOOKUP(C15,'标准新手流程（非R）'!$G$5:$J$144,4,0)),INDEX('标准新手流程（非R）'!$J$6:$J$144,MATCH(INDEX(关卡对接!$C$7:$C$141,MATCH(C15,关卡对接!$B$7:$B$141,0)),'标准新手流程（非R）'!$P$6:$P$144,1)),VLOOKUP(C15,'标准新手流程（非R）'!$G$5:$J$144,4,0)) -> 20.416667 | I15: 12
A16: =[3]仙兵!A24 -> 4 | B16: =[3]仙兵!B24 -> 4 | C16: ='标准新手流程（非R）'!G121 -> 关卡22 | D16: 聚宝盘 | E16: =IF(ISNA(VLOOKUP(C16,'标准新手流程（非R）'!$G$5:$J$144,4,0)),INDEX('标准新手流程（非R）'!$J$6:$J$144,MATCH(INDEX(关卡对接!$C$7:$C$141,MATCH(C16,关卡对接!$B$7:$B$141,0)),'标准新手流程（非R）'!$P$6:$P$144,1)),VLOOKUP(C16,'标准新手流程（非R）'!$G$5:$J$144,4,0)) -> 21.416667 | I16: 13
A17: =[3]仙兵!A25 -> 5 | B17: =[3]仙兵!B25 -> 1 | C17: 关卡28 | D17: 特殊效果1 | I17: 14
A18: =[3]仙兵!A26 -> 5 | B18: =[3]仙兵!B26 -> 2 | C18: 关卡34 | D18: 特殊效果1 | I18: 15
A19: =[3]仙兵!A27 -> 5 | B19: =[3]仙兵!B27 -> 3 | C19: 关卡40 | D19: 特殊效果1 | I19: 16
A20: =[3]仙兵!A28 -> 5 | B20: =[3]仙兵!B28 -> 4 | C20: 关卡46 | D20: 特殊效果1 | I20: 17
A21: =[3]仙兵!A29 -> 5 | B21: =[3]仙兵!B29 -> 5 | C21: 关卡52 | D21: 特殊效果1 | I21: 18
A22: =[3]仙兵!A30 -> 5 | B22: =[3]仙兵!B30 -> 6 | C22: 关卡58 | D22: 特殊效果1 | I22: 19
A23: =[3]仙兵!A31 -> 6 | B23: =[3]仙兵!B31 -> 1 | C23: 关卡64 | D23: 特殊效果2 | I23: 20
A24: =[3]仙兵!A32 -> 6 | B24: =[3]仙兵!B32 -> 2 | C24: 关卡70 | D24: 特殊效果2 | I24: 21
A25: =[3]仙兵!A33 -> 6 | B25: =[3]仙兵!B33 -> 3 | C25: 关卡76 | D25: 特殊效果2 | I25: 22
A26: =[3]仙兵!A34 -> 6 | B26: =[3]仙兵!B34 -> 4 | C26: 关卡82 | D26: 特殊效果2 | I26: 23
A27: =[3]仙兵!A35 -> 6 | B27: =[3]仙兵!B35 -> 5 | C27: 关卡88 | D27: 特殊效果2 | I27: 24
A28: =[3]仙兵!A36 -> 6 | B28: =[3]仙兵!B36 -> 6 | C28: 关卡94 | D28: 特殊效果2 | I28: 25
A29: =[3]仙兵!A37 -> 7 | B29: =[3]仙兵!B37 -> 1 | C29: 关卡100 | D29: 特殊效果3 | I29: 26
A30: =[3]仙兵!A38 -> 7 | B30: =[3]仙兵!B38 -> 2 | C30: 关卡106 | D30: 特殊效果3 | I30: 27 | J30: 1 | K30: 1
A31: =[3]仙兵!A39 -> 7 | B31: =[3]仙兵!B39 -> 3 | C31: 关卡112 | D31: 特殊效果3 | I31: 28 | J31: 1 | K31: 1
A32: =[3]仙兵!A40 -> 7 | B32: =[3]仙兵!B40 -> 4 | C32: 关卡118 | D32: 特殊效果3 | I32: 29 | J32: 1 | K32: 1
A33: =[3]仙兵!A41 -> 7 | B33: =[3]仙兵!B41 -> 5 | C33: 关卡124 | D33: 特殊效果3 | I33: 30 | J33: 1 | K33: 1
A34: =[3]仙兵!A42 -> 7 | B34: =[3]仙兵!B42 -> 6 | C34: 关卡130 | D34: 特殊效果3 | I34: 31 | J34: 1 | K34: 1
I35: 32 | J35: 1 | K35: 1
I36: 33 | J36: 1 | K36: 1
I37: 34 | J37: 1 | K37: 1
I38: 35 | J38: 1 | K38: 1
I39: 36 | J39: 1 | K39: 1
I40: 37 | J40: 1 | K40: 1
I41: 38 | J41: 1 | K41: 1
I42: 39 | J42: 1 | K42: 1
I43: 40 | J43: 1 | K43: 1
I44: 41 | J44: 1 | K44: 1
I45: 42 | J45: 1 | K45: 1
I46: 43 | J46: 1 | K46: 1
... I108: 105 | J108: 13 | K108: 4
I109: 106
I110: 107
I111: 108
I112: 109
I113: 110
I114: 111
I115: 112
I116: 113
I117: 114
I118: 115
I119: 116
I120: 117
... I282: 279

Sheet 职业技能对接
A2: 技能名称 | B2: 开启等级
A3: 小群攻 | B3: ='标准新手流程（非R）'!S13 -> 20
A4: 飞剑 | B4: ='标准新手流程（非R）'!S27 -> 41
A5: 扇形 | B5: ='标准新手流程（非R）'!S37 -> 48
A6: 飞轮 | B6: ='标准新手流程（非R）'!S47 -> 56
A7: 落冰 | B7: ='标准新手流程（非R）'!S69 -> 70

Sheet 前3天非R装备模拟
B2: 基础装备穿戴情况 | J2: 神装穿戴情况
A3: 非R等级 | B3: 武器 | C3: 项链 | D3: 戒指 | E3: 护手 | F3: 头盔 | G3: 衣服 | H3: 腰带 | I3: 靴子 | J3: 武器 | K3: 项链 | L3: 戒指 | M3: 护手 | N3: 头盔 | O3: 衣服 | P3: 腰带 | Q3: 靴子
A4: 1 | B4: =IF(VLOOKUP($A4,'标准新手流程（非R）'!$P$5:$AL$144,MATCH(B$3,'标准新手流程（非R）'!$P$5:$AL$5,0),1)="","",VLOOKUP($A4,'标准新手流程（非R）'!$P$5:$AL$144,MATCH(B$3,'标准新手流程（非R）'!$P$5:$AL$5,0),1)) | C4: =IF(VLOOKUP($A4,'标准新手流程（非R）'!$P$5:$AL$144,MATCH(C$3,'标准新手流程（非R）'!$P$5:$AL$5,0),1)="","",VLOOKUP($A4,'标准新手流程（非R）'!$P$5:$AL$144,MATCH(C$3,'标准新手流程（非R）'!$P$5:$AL$5,0),1)) | D4: =IF(VLOOKUP($A4,'标准新手流程（非R）'!$P$5:$AL$144,MATCH(D$3,'标准新手流程（非R）'!$P$5:$AL$5,0),1)="","",VLOOKUP($A4,'标准新手流程（非R）'!$P$5:$AL$144,MATCH(D$3,'标准新手流程（非R）'!$P$5:$AL$5,0),1)) | E4: =IF(VLOOKUP($A4,'标准新手流程（非R）'!$P$5:$AL$144,MATCH(E$3,'标准新手流程（非R）'!$P$5:$AL$5,0),1)="","",VLOOKUP($A4,'标准新手流程（非R）'!$P$5:$AL$144,MATCH(E$3,'标准新手流程（非R）'!$P$5:$AL$5,0),1)) | F4: =IF(VLOOKUP($A4,'标准新手流程（非R）'!$P$5:$AL$144,MATCH(F$3,'标准新手流程（非R）'!$P$5:$AL$5,0),1)="","",VLOOKUP($A4,'标准新手流程（非R）'!$P$5:$AL$144,MATCH(F$3,'标准新手流程（非R）'!$P$5:$AL$5,0),1)) | G4: =IF(VLOOKUP($A4,'标准新手流程（非R）'!$P$5:$AL$144,MATCH(G$3,'标准新手流程（非R）'!$P$5:$AL$5,0),1)="","",VLOOKUP($A4,'标准新手流程（非R）'!$P$5:$AL$144,MATCH(G$3,'标准新手流程（非R）'!$P$5:$AL$5,0),1)) | H4: =IF(VLOOKUP($A4,'标准新手流程（非R）'!$P$5:$AL$144,MATCH(H$3,'标准新手流程（非R）'!$P$5:$AL$5,0),1)="","",VLOOKUP($A4,'标准新手流程（非R）'!$P$5:$AL$144,MATCH(H$3,'标准新手流程（非R）'!$P$5:$AL$5,0),1)) | I4: =IF(VLOOKUP($A4,'标准新手流程（非R）'!$P$5:$AL$144,MATCH(I$3,'标准新手流程（非R）'!$P$5:$AL$5,0),1)="","",VLOOKUP($A4,'标准新手流程（非R）'!$P$5:$AL$144,MATCH(I$3,'标准新手流程（非R）'!$P$5:$AL$5,0),1))
A5: 2 | B5: =IF(VLOOKUP($A5,'标准新手流程（非R）'!$P$5:$AL$144,MATCH(B$3,'标准新手流程（非R）'!$P$5:$AL$5,0),1)="","",VLOOKUP($A5,'标准新手流程（非R）'!$P$5:$AL$144,MATCH(B$3,'标准新手流程（非R）'!$P$5:$AL$5,0),1)) | C5: =IF(VLOOKUP($A5,'标准新手流程（非R）'!$P$5:$AL$144,MATCH(C$3,'标准新手流程（非R）'!$P$5:$AL$5,0),1)="","",VLOOKUP($A5,'标准新手流程（非R）'!$P$5:$AL$144,MATCH(C$3,'标准新手流程（非R）'!$P$5:$AL$5,0),1)) | D5: =IF(VLOOKUP($A5,'标准新手流程（非R）'!$P$5:$AL$144,MATCH(D$3,'标准新手流程（非R）'!$P$5:$AL$5,0),1)="","",VLOOKUP($A5,'标准新手流程（非R）'!$P$5:$AL$144,MATCH(D$3,'标准新手流程（非R）'!$P$5:$AL$5,0),1)) | E5: =IF(VLOOKUP($A5,'标准新手流程（非R）'!$P$5:$AL$144,MATCH(E$3,'标准新手流程（非R）'!$P$5:$AL$5,0),1)="","",VLOOKUP($A5,'标准新手流程（非R）'!$P$5:$AL$144,MATCH(E$3,'标准新手流程（非R）'!$P$5:$AL$5,0),1)) | F5: =IF(VLOOKUP($A5,'标准新手流程（非R）'!$P$5:$AL$144,MATCH(F$3,'标准新手流程（非R）'!$P$5:$AL$5,0),1)="","",VLOOKUP($A5,'标准新手流程（非R）'!$P$5:$AL$144,MATCH(F$3,'标准新手流程（非R）'!$P$5:$AL$5,0),1)) | G5: =IF(VLOOKUP($A5,'标准新手流程（非R）'!$P$5:$AL$144,MATCH(G$3,'标准新手流程（非R）'!$P$5:$AL$5,0),1)="","",VLOOKUP($A5,'标准新手流程（非R）'!$P$5:$AL$144,MATCH(G$3,'标准新手流程（非R）'!$P$5:$AL$5,0),1)) | H5: =IF(VLOOKUP($A5,'标准新手流程（非R）'!$P$5:$AL$144,MATCH(H$3,'标准新手流程（非R）'!$P$5:$AL$5,0),1)="","",VLOOKUP($A5,'标准新手流程（非R）'!$P$5:$AL$144,MATCH(H$3,'标准新手流程（非R）'!$P$5:$AL$5,0),1)) | I5: =IF(VLOOKUP($A5,'标准新手流程（非R）'!$P$5:$AL$144,MATCH(I$3,'标准新手流程（非R）'!$P$5:$AL$5,0),1)="","",VLOOKUP($A5,'标准新手流程（非R）'!$P$5:$AL$144,MATCH(I$3,'标准新手流程（非R）'!$P$5:$AL$5,0),1))
A6: 3 | B6: =IF(VLOOKUP($A6,'标准新手流程（非R）'!$P$5:$AL$144,MATCH(B$3,'标准新手流程（非R）'!$P$5:$AL$5,0),1)="","",VLOOKUP($A6,'标准新手流程（非R）'!$P$5:$AL$144,MATCH(B$3,'标准新手流程（非R）'!$P$5:$AL$5,0),1)) | C6: =IF(VLOOKUP($A6,'标准新手流程（非R）'!$P$5:$AL$144,MATCH(C$3,'标准新手流程（非R）'!$P$5:$AL$5,0),1)="","",VLOOKUP($A6,'标准新手流程（非R）'!$P$5:$AL$144,MATCH(C$3,'标准新手流程（非R）'!$P$5:$AL$5,0),1)) | D6: =IF(VLOOKUP($A6,'标准新手流程（非R）'!$P$5:$AL$144,MATCH(D$3,'标准新手流程（非R）'!$P$5:$AL$5,0),1)="","",VLOOKUP($A6,'标准新手流程（非R）'!$P$5:$AL$144,MATCH(D$3,'标准新手流程（非R）'!$P$5:$AL$5,0),1)) | E6: =IF(VLOOKUP($A6,'标准新手流程（非R）'!$P$5:$AL$144,MATCH(E$3,'标准新手流程（非R）'!$P$5:$AL$5,0),1)="","",VLOOKUP($A6,'标准新手流程（非R）'!$P$5:$AL$144,MATCH(E$3,'标准新手流程（非R）'!$P$5:$AL$5,0),1)) | F6: =IF(VLOOKUP($A6,'标准新手流程（非R）'!$P$5:$AL$144,MATCH(F$3,'标准新手流程（非R）'!$P$5:$AL$5,0),1)="","",VLOOKUP($A6,'标准新手流程（非R）'!$P$5:$AL$144,MATCH(F$3,'标准新手流程（非R）'!$P$5:$AL$5,0),1)) | G6: =IF(VLOOKUP($A6,'标准新手流程（非R）'!$P$5:$AL$144,MATCH(G$3,'标准新手流程（非R）'!$P$5:$AL$5,0),1)="","",VLOOKUP($A6,'标准新手流程（非R）'!$P$5:$AL$144,MATCH(G$3,'标准新手流程（非R）'!$P$5:$AL$5,0),1)) | H6: =IF(VLOOKUP($A6,'标准新手流程（非R）'!$P$5:$AL$144,MATCH(H$3,'标准新手流程（非R）'!$P$5:$AL$5,0),1)="","",VLOOKUP($A6,'标准新手流程（非R）'!$P$5:$AL$144,MATCH(H$3,'标准新手流程（非R）'!$P$5:$AL$5,0),1)) | I6: =IF(VLOOKUP($A6,'标准新手流程（非R）'!$P$5:$AL$144,MATCH(I$3,'标准新手流程（非R）'!$P$5:$AL$5,0),1)="","",VLOOKUP($A6,'标准新手流程（非R）'!$P$5:$AL$144,MATCH(I$3,'标准新手流程（非R）'!$P$5:$AL$5,0),1))
A7: 4 | B7: =IF(VLOOKUP($A7,'标准新手流程（非R）'!$P$5:$AL$144,MATCH(B$3,'标准新手流程（非R）'!$P$5:$AL$5,0),1)="","",VLOOKUP($A7,'标准新手流程（非R）'!$P$5:$AL$144,MATCH(B$3,'标准新手流程（非R）'!$P$5:$AL$5,0),1)) | C7: =IF(VLOOKUP($A7,'标准新手流程（非R）'!$P$5:$AL$144,MATCH(C$3,'标准新手流程（非R）'!$P$5:$AL$5,0),1)="","",VLOOKUP($A7,'标准新手流程（非R）'!$P$5:$AL$144,MATCH(C$3,'标准新手流程（非R）'!$P$5:$AL$5,0),1)) | D7: =IF(VLOOKUP($A7,'标准新手流程（非R）'!$P$5:$AL$144,MATCH(D$3,'标准新手流程（非R）'!$P$5:$AL$5,0),1)="","",VLOOKUP($A7,'标准新手流程（非R）'!$P$5:$AL$144,MATCH(D$3,'标准新手流程（非R）'!$P$5:$AL$5,0),1)) | E7: =IF(VLOOKUP($A7,'标准新手流程（非R）'!$P$5:$AL$144,MATCH(E$3,'标准新手流程（非R）'!$P$5:$AL$5,0),1)="","",VLOOKUP($A7,'标准新手流程（非R）'!$P$5:$AL$144,MATCH(E$3,'标准新手流程（非R）'!$P$5:$AL$5,0),1)) | F7: =IF(VLOOKUP($A7,'标准新手流程（非R）'!$P$5:$AL$144,MATCH(F$3,'标准新手流程（非R）'!$P$5:$AL$5,0),1)="","",VLOOKUP($A7,'标准新手流程（非R）'!$P$5:$AL$144,MATCH(F$3,'标准新手流程（非R）'!$P$5:$AL$5,0),1)) | G7: =IF(VLOOKUP($A7,'标准新手流程（非R）'!$P$5:$AL$144,MATCH(G$3,'标准新手流程（非R）'!$P$5:$AL$5,0),1)="","",VLOOKUP($A7,'标准新手流程（非R）'!$P$5:$AL$144,MATCH(G$3,'标准新手流程（非R）'!$P$5:$AL$5,0),1)) | H7: =IF(VLOOKUP($A7,'标准新手流程（非R）'!$P$5:$AL$144,MATCH(H$3,'标准新手流程（非R）'!$P$5:$AL$5,0),1)="","",VLOOKUP($A7,'标准新手流程（非R）'!$P$5:$AL$144,MATCH(H$3,'标准新手流程（非R）'!$P$5:$AL$5,0),1)) | I7: =IF(VLOOKUP($A7,'标准新手流程（非R）'!$P$5:$AL$144,MATCH(I$3,'标准新手流程（非R）'!$P$5:$AL$5,0),1)="","",VLOOKUP($A7,'标准新手流程（非R）'!$P$5:$AL$144,MATCH(I$3,'标准新手流程（非R）'!$P$5:$AL$5,0),1))
A8: 5 | B8: =IF(VLOOKUP($A8,'标准新手流程（非R）'!$P$5:$AL$144,MATCH(B$3,'标准新手流程（非R）'!$P$5:$AL$5,0),1)="","",VLOOKUP($A8,'标准新手流程（非R）'!$P$5:$AL$144,MATCH(B$3,'标准新手流程（非R）'!$P$5:$AL$5,0),1)) | C8: =IF(VLOOKUP($A8,'标准新手流程（非R）'!$P$5:$AL$144,MATCH(C$3,'标准新手流程（非R）'!$P$5:$AL$5,0),1)="","",VLOOKUP($A8,'标准新手流程（非R）'!$P$5:$AL$144,MATCH(C$3,'标准新手流程（非R）'!$P$5:$AL$5,0),1)) | D8: =IF(VLOOKUP($A8,'标准新手流程（非R）'!$P$5:$AL$144,MATCH(D$3,'标准新手流程（非R）'!$P$5:$AL$5,0),1)="","",VLOOKUP($A8,'标准新手流程（非R）'!$P$5:$AL$144,MATCH(D$3,'标准新手流程（非R）'!$P$5:$AL$5,0),1)) | E8: =IF(VLOOKUP($A8,'标准新手流程（非R）'!$P$5:$AL$144,MATCH(E$3,'标准新手流程（非R）'!$P$5:$AL$5,0),1)="","",VLOOKUP($A8,'标准新手流程（非R）'!$P$5:$AL$144,MATCH(E$3,'标准新手流程（非R）'!$P$5:$AL$5,0),1)) | F8: =IF(VLOOKUP($A8,'标准新手流程（非R）'!$P$5:$AL$144,MATCH(F$3,'标准新手流程（非R）'!$P$5:$AL$5,0),1)="","",VLOOKUP($A8,'标准新手流程（非R）'!$P$5:$AL$144,MATCH(F$3,'标准新手流程（非R）'!$P$5:$AL$5,0),1)) | G8: =IF(VLOOKUP($A8,'标准新手流程（非R）'!$P$5:$AL$144,MATCH(G$3,'标准新手流程（非R）'!$P$5:$AL$5,0),1)="","",VLOOKUP($A8,'标准新手流程（非R）'!$P$5:$AL$144,MATCH(G$3,'标准新手流程（非R）'!$P$5:$AL$5,0),1)) | H8: =IF(VLOOKUP($A8,'标准新手流程（非R）'!$P$5:$AL$144,MATCH(H$3,'标准新手流程（非R）'!$P$5:$AL$5,0),1)="","",VLOOKUP($A8,'标准新手流程（非R）'!$P$5:$AL$144,MATCH(H$3,'标准新手流程（非R）'!$P$5:$AL$5,0),1)) | I8: =IF(VLOOKUP($A8,'标准新手流程（非R）'!$P$5:$AL$144,MATCH(I$3,'标准新手流程（非R）'!$P$5:$AL$5,0),1)="","",VLOOKUP($A8,'标准新手流程（非R）'!$P$5:$AL$144,MATCH(I$3,'标准新手流程（非R）'!$P$5:$AL$5,0),1))
A9: 6 | B9: =IF(VLOOKUP($A9,'标准新手流程（非R）'!$P$5:$AL$144,MATCH(B$3,'标准新手流程（非R）'!$P$5:$AL$5,0),1)="","",VLOOKUP($A9,'标准新手流程（非R）'!$P$5:$AL$144,MATCH(B$3,'标准新手流程（非R）'!$P$5:$AL$5,0),1)) | C9: =IF(VLOOKUP($A9,'标准新手流程（非R）'!$P$5:$AL$144,MATCH(C$3,'标准新手流程（非R）'!$P$5:$AL$5,0),1)="","",VLOOKUP($A9,'标准新手流程（非R）'!$P$5:$AL$144,MATCH(C$3,'标准新手流程（非R）'!$P$5:$AL$5,0),1)) | D9: =IF(VLOOKUP($A9,'标准新手流程（非R）'!$P$5:$AL$144,MATCH(D$3,'标准新手流程（非R）'!$P$5:$AL$5,0),1)="","",VLOOKUP($A9,'标准新手流程（非R）'!$P$5:$AL$144,MATCH(D$3,'标准新手流程（非R）'!$P$5:$AL$5,0),1)) | E9: =IF(VLOOKUP($A9,'标准新手流程（非R）'!$P$5:$AL$144,MATCH(E$3,'标准新手流程（非R）'!$P$5:$AL$5,0),1)="","",VLOOKUP($A9,'标准新手流程（非R）'!$P$5:$AL$144,MATCH(E$3,'标准新手流程（非R）'!$P$5:$AL$5,0),1)) | F9: =IF(VLOOKUP($A9,'标准新手流程（非R）'!$P$5:$AL$144,MATCH(F$3,'标准新手流程（非R）'!$P$5:$AL$5,0),1)="","",VLOOKUP($A9,'标准新手流程（非R）'!$P$5:$AL$144,MATCH(F$3,'标准新手流程（非R）'!$P$5:$AL$5,0),1)) | G9: =IF(VLOOKUP($A9,'标准新手流程（非R）'!$P$5:$AL$144,MATCH(G$3,'标准新手流程（非R）'!$P$5:$AL$5,0),1)="","",VLOOKUP($A9,'标准新手流程（非R）'!$P$5:$AL$144,MATCH(G$3,'标准新手流程（非R）'!$P$5:$AL$5,0),1)) | H9: =IF(VLOOKUP($A9,'标准新手流程（非R）'!$P$5:$AL$144,MATCH(H$3,'标准新手流程（非R）'!$P$5:$AL$5,0),1)="","",VLOOKUP($A9,'标准新手流程（非R）'!$P$5:$AL$144,MATCH(H$3,'标准新手流程（非R）'!$P$5:$AL$5,0),1)) | I9: =IF(VLOOKUP($A9,'标准新手流程（非R）'!$P$5:$AL$144,MATCH(I$3,'标准新手流程（非R）'!$P$5:$AL$5,0),1)="","",VLOOKUP($A9,'标准新手流程（非R）'!$P$5:$AL$144,MATCH(I$3,'标准新手流程（非R）'!$P$5:$AL$5,0),1))
A10: 7 | B10: =IF(VLOOKUP($A10,'标准新手流程（非R）'!$P$5:$AL$144,MATCH(B$3,'标准新手流程（非R）'!$P$5:$AL$5,0),1)="","",VLOOKUP($A10,'标准新手流程（非R）'!$P$5:$AL$144,MATCH(B$3,'标准新手流程（非R）'!$P$5:$AL$5,0),1)) | C10: =IF(VLOOKUP($A10,'标准新手流程（非R）'!$P$5:$AL$144,MATCH(C$3,'标准新手流程（非R）'!$P$5:$AL$5,0),1)="","",VLOOKUP($A10,'标准新手流程（非R）'!$P$5:$AL$144,MATCH(C$3,'标准新手流程（非R）'!$P$5:$AL$5,0),1)) | D10: =IF(VLOOKUP($A10,'标准新手流程（非R）'!$P$5:$AL$144,MATCH(D$3,'标准新手流程（非R）'!$P$5:$AL$5,0),1)="","",VLOOKUP($A10,'标准新手流程（非R）'!$P$5:$AL$144,MATCH(D$3,'标准新手流程（非R）'!$P$5:$AL$5,0),1)) | E10: =IF(VLOOKUP($A10,'标准新手流程（非R）'!$P$5:$AL$144,MATCH(E$3,'标准新手流程（非R）'!$P$5:$AL$5,0),1)="","",VLOOKUP($A10,'标准新手流程（非R）'!$P$5:$AL$144,MATCH(E$3,'标准新手流程（非R）'!$P$5:$AL$5,0),1)) | F10: =IF(VLOOKUP($A10,'标准新手流程（非R）'!$P$5:$AL$144,MATCH(F$3,'标准新手流程（非R）'!$P$5:$AL$5,0),1)="","",VLOOKUP($A10,'标准新手流程（非R）'!$P$5:$AL$144,MATCH(F$3,'标准新手流程（非R）'!$P$5:$AL$5,0),1)) | G10: =IF(VLOOKUP($A10,'标准新手流程（非R）'!$P$5:$AL$144,MATCH(G$3,'标准新手流程（非R）'!$P$5:$AL$5,0),1)="","",VLOOKUP($A10,'标准新手流程（非R）'!$P$5:$AL$144,MATCH(G$3,'标准新手流程（非R）'!$P$5:$AL$5,0),1)) | H10: =IF(VLOOKUP($A10,'标准新手流程（非R）'!$P$5:$AL$144,MATCH(H$3,'标准新手流程（非R）'!$P$5:$AL$5,0),1)="","",VLOOKUP($A10,'标准新手流程（非R）'!$P$5:$AL$144,MATCH(H$3,'标准新手流程（非R）'!$P$5:$AL$5,0),1)) | I10: =IF(VLOOKUP($A10,'标准新手流程（非R）'!$P$5:$AL$144,MATCH(I$3,'标准新手流程（非R）'!$P$5:$AL$5,0),1)="","",VLOOKUP($A10,'标准新手流程（非R）'!$P$5:$AL$144,MATCH(I$3,'标准新手流程（非R）'!$P$5:$AL$5,0),1))
A11: 8 | B11: =IF(VLOOKUP($A11,'标准新手流程（非R）'!$P$5:$AL$144,MATCH(B$3,'标准新手流程（非R）'!$P$5:$AL$5,0),1)="","",VLOOKUP($A11,'标准新手流程（非R）'!$P$5:$AL$144,MATCH(B$3,'标准新手流程（非R）'!$P$5:$AL$5,0),1)) | C11: =IF(VLOOKUP($A11,'标准新手流程（非R）'!$P$5:$AL$144,MATCH(C$3,'标准新手流程（非R）'!$P$5:$AL$5,0),1)="","",VLOOKUP($A11,'标准新手流程（非R）'!$P$5:$AL$144,MATCH(C$3,'标准新手流程（非R）'!$P$5:$AL$5,0),1)) | D11: =IF(VLOOKUP($A11,'标准新手流程（非R）'!$P$5:$AL$144,MATCH(D$3,'标准新手流程（非R）'!$P$5:$AL$5,0),1)="","",VLOOKUP($A11,'标准新手流程（非R）'!$P$5:$AL$144,MATCH(D$3,'标准新手流程（非R）'!$P$5:$AL$5,0),1)) | E11: =IF(VLOOKUP($A11,'标准新手流程（非R）'!$P$5:$AL$144,MATCH(E$3,'标准新手流程（非R）'!$P$5:$AL$5,0),1)="","",VLOOKUP($A11,'标准新手流程（非R）'!$P$5:$AL$144,MATCH(E$3,'标准新手流程（非R）'!$P$5:$AL$5,0),1)) | F11: =IF(VLOOKUP($A11,'标准新手流程（非R）'!$P$5:$AL$144,MATCH(F$3,'标准新手流程（非R）'!$P$5:$AL$5,0),1)="","",VLOOKUP($A11,'标准新手流程（非R）'!$P$5:$AL$144,MATCH(F$3,'标准新手流程（非R）'!$P$5:$AL$5,0),1)) | G11: =IF(VLOOKUP($A11,'标准新手流程（非R）'!$P$5:$AL$144,MATCH(G$3,'标准新手流程（非R）'!$P$5:$AL$5,0),1)="","",VLOOKUP($A11,'标准新手流程（非R）'!$P$5:$AL$144,MATCH(G$3,'标准新手流程（非R）'!$P$5:$AL$5,0),1)) | H11: =IF(VLOOKUP($A11,'标准新手流程（非R）'!$P$5:$AL$144,MATCH(H$3,'标准新手流程（非R）'!$P$5:$AL$5,0),1)="","",VLOOKUP($A11,'标准新手流程（非R）'!$P$5:$AL$144,MATCH(H$3,'标准新手流程（非R）'!$P$5:$AL$5,0),1)) | I11: =IF(VLOOKUP($A11,'标准新手流程（非R）'!$P$5:$AL$144,MATCH(I$3,'标准新手流程（非R）'!$P$5:$AL$5,0),1)="","",VLOOKUP($A11,'标准新手流程（非R）'!$P$5:$AL$144,MATCH(I$3,'标准新手流程（非R）'!$P$5:$AL$5,0),1))
A12: 9 | B12: =IF(VLOOKUP($A12,'标准新手流程（非R）'!$P$5:$AL$144,MATCH(B$3,'标准新手流程（非R）'!$P$5:$AL$5,0),1)="","",VLOOKUP($A12,'标准新手流程（非R）'!$P$5:$AL$144,MATCH(B$3,'标准新手流程（非R）'!$P$5:$AL$5,0),1)) -> 1级白 | C12: =IF(VLOOKUP($A12,'标准新手流程（非R）'!$P$5:$AL$144,MATCH(C$3,'标准新手流程（非R）'!$P$5:$AL$5,0),1)="","",VLOOKUP($A12,'标准新手流程（非R）'!$P$5:$AL$144,MATCH(C$3,'标准新手流程（非R）'!$P$5:$AL$5,0),1)) | D12: =IF(VLOOKUP($A12,'标准新手流程（非R）'!$P$5:$AL$144,MATCH(D$3,'标准新手流程（非R）'!$P$5:$AL$5,0),1)="","",VLOOKUP($A12,'标准新手流程（非R）'!$P$5:$AL$144,MATCH(D$3,'标准新手流程（非R）'!$P$5:$AL$5,0),1)) | E12: =IF(VLOOKUP($A12,'标准新手流程（非R）'!$P$5:$AL$144,MATCH(E$3,'标准新手流程（非R）'!$P$5:$AL$5,0),1)="","",VLOOKUP($A12,'标准新手流程（非R）'!$P$5:$AL$144,MATCH(E$3,'标准新手流程（非R）'!$P$5:$AL$5,0),1)) | F12: =IF(VLOOKUP($A12,'标准新手流程（非R）'!$P$5:$AL$144,MATCH(F$3,'标准新手流程（非R）'!$P$5:$AL$5,0),1)="","",VLOOKUP($A12,'标准新手流程（非R）'!$P$5:$AL$144,MATCH(F$3,'标准新手流程（非R）'!$P$5:$AL$5,0),1)) | G12: =IF(VLOOKUP($A12,'标准新手流程（非R）'!$P$5:$AL$144,MATCH(G$3,'标准新手流程（非R）'!$P$5:$AL$5,0),1)="","",VLOOKUP($A12,'标准新手流程（非R）'!$P$5:$AL$144,MATCH(G$3,'标准新手流程（非R）'!$P$5:$AL$5,0),1)) | H12: =IF(VLOOKUP($A12,'标准新手流程（非R）'!$P$5:$AL$144,MATCH(H$3,'标准新手流程（非R）'!$P$5:$AL$5,0),1)="","",VLOOKUP($A12,'标准新手流程（非R）'!$P$5:$AL$144,MATCH(H$3,'标准新手流程（非R）'!$P$5:$AL$5,0),1)) | I12: =IF(VLOOKUP($A12,'标准新手流程（非R）'!$P$5:$AL$144,MATCH(I$3,'标准新手流程（非R）'!$P$5:$AL$5,0),1)="","",VLOOKUP($A12,'标准新手流程（非R）'!$P$5:$AL$144,MATCH(I$3,'标准新手流程（非R）'!$P$5:$AL$5,0),1))
A13: 10 | B13: =IF(VLOOKUP($A13,'标准新手流程（非R）'!$P$5:$AL$144,MATCH(B$3,'标准新手流程（非R）'!$P$5:$AL$5,0),1)="","",VLOOKUP($A13,'标准新手流程（非R）'!$P$5:$AL$144,MATCH(B$3,'标准新手流程（非R）'!$P$5:$AL$5,0),1)) -> 1级白 | C13: =IF(VLOOKUP($A13,'标准新手流程（非R）'!$P$5:$AL$144,MATCH(C$3,'标准新手流程（非R）'!$P$5:$AL$5,0),1)="","",VLOOKUP($A13,'标准新手流程（非R）'!$P$5:$AL$144,MATCH(C$3,'标准新手流程（非R）'!$P$5:$AL$5,0),1)) | D13: =IF(VLOOKUP($A13,'标准新手流程（非R）'!$P$5:$AL$144,MATCH(D$3,'标准新手流程（非R）'!$P$5:$AL$5,0),1)="","",VLOOKUP($A13,'标准新手流程（非R）'!$P$5:$AL$144,MATCH(D$3,'标准新手流程（非R）'!$P$5:$AL$5,0),1)) | E13: =IF(VLOOKUP($A13,'标准新手流程（非R）'!$P$5:$AL$144,MATCH(E$3,'标准新手流程（非R）'!$P$5:$AL$5,0),1)="","",VLOOKUP($A13,'标准新手流程（非R）'!$P$5:$AL$144,MATCH(E$3,'标准新手流程（非R）'!$P$5:$AL$5,0),1)) | F13: =IF(VLOOKUP($A13,'标准新手流程（非R）'!$P$5:$AL$144,MATCH(F$3,'标准新手流程（非R）'!$P$5:$AL$5,0),1)="","",VLOOKUP($A13,'标准新手流程（非R）'!$P$5:$AL$144,MATCH(F$3,'标准新手流程（非R）'!$P$5:$AL$5,0),1)) | G13: =IF(VLOOKUP($A13,'标准新手流程（非R）'!$P$5:$AL$144,MATCH(G$3,'标准新手流程（非R）'!$P$5:$AL$5,0),1)="","",VLOOKUP($A13,'标准新手流程（非R）'!$P$5:$AL$144,MATCH(G$3,'标准新手流程（非R）'!$P$5:$AL$5,0),1)) | H13: =IF(VLOOKUP($A13,'标准新手流程（非R）'!$P$5:$AL$144,MATCH(H$3,'标准新手流程（非R）'!$P$5:$AL$5,0),1)="","",VLOOKUP($A13,'标准新手流程（非R）'!$P$5:$AL$144,MATCH(H$3,'标准新手流程（非R）'!$P$5:$AL$5,0),1)) | I13: =IF(VLOOKUP($A13,'标准新手流程（非R）'!$P$5:$AL$144,MATCH(I$3,'标准新手流程（非R）'!$P$5:$AL$5,0),1)="","",VLOOKUP($A13,'标准新手流程（非R）'!$P$5:$AL$144,MATCH(I$3,'标准新手流程（非R）'!$P$5:$AL$5,0),1))
A14: 11 | B14: =IF(VLOOKUP($A14,'标准新手流程（非R）'!$P$5:$AL$144,MATCH(B$3,'标准新手流程（非R）'!$P$5:$AL$5,0),1)="","",VLOOKUP($A14,'标准新手流程（非R）'!$P$5:$AL$144,MATCH(B$3,'标准新手流程（非R）'!$P$5:$AL$5,0),1)) -> 1级白 | C14: =IF(VLOOKUP($A14,'标准新手流程（非R）'!$P$5:$AL$144,MATCH(C$3,'标准新手流程（非R）'!$P$5:$AL$5,0),1)="","",VLOOKUP($A14,'标准新手流程（非R）'!$P$5:$AL$144,MATCH(C$3,'标准新手流程（非R）'!$P$5:$AL$5,0),1)) | D14: =IF(VLOOKUP($A14,'标准新手流程（非R）'!$P$5:$AL$144,MATCH(D$3,'标准新手流程（非R）'!$P$5:$AL$5,0),1)="","",VLOOKUP($A14,'标准新手流程（非R）'!$P$5:$AL$144,MATCH(D$3,'标准新手流程（非R）'!$P$5:$AL$5,0),1)) | E14: =IF(VLOOKUP($A14,'标准新手流程（非R）'!$P$5:$AL$144,MATCH(E$3,'标准新手流程（非R）'!$P$5:$AL$5,0),1)="","",VLOOKUP($A14,'标准新手流程（非R）'!$P$5:$AL$144,MATCH(E$3,'标准新手流程（非R）'!$P$5:$AL$5,0),1)) | F14: =IF(VLOOKUP($A14,'标准新手流程（非R）'!$P$5:$AL$144,MATCH(F$3,'标准新手流程（非R）'!$P$5:$AL$5,0),1)="","",VLOOKUP($A14,'标准新手流程（非R）'!$P$5:$AL$144,MATCH(F$3,'标准新手流程（非R）'!$P$5:$AL$5,0),1)) | G14: =IF(VLOOKUP($A14,'标准新手流程（非R）'!$P$5:$AL$144,MATCH(G$3,'标准新手流程（非R）'!$P$5:$AL$5,0),1)="","",VLOOKUP($A14,'标准新手流程（非R）'!$P$5:$AL$144,MATCH(G$3,'标准新手流程（非R）'!$P$5:$AL$5,0),1)) | H14: =IF(VLOOKUP($A14,'标准新手流程（非R）'!$P$5:$AL$144,MATCH(H$3,'标准新手流程（非R）'!$P$5:$AL$5,0),1)="","",VLOOKUP($A14,'标准新手流程（非R）'!$P$5:$AL$144,MATCH(H$3,'标准新手流程（非R）'!$P$5:$AL$5,0),1)) | I14: =IF(VLOOKUP($A14,'标准新手流程（非R）'!$P$5:$AL$144,MATCH(I$3,'标准新手流程（非R）'!$P$5:$AL$5,0),1)="","",VLOOKUP($A14,'标准新手流程（非R）'!$P$5:$AL$144,MATCH(I$3,'标准新手流程（非R）'!$P$5:$AL$5,0),1))
A15: 12 | B15: =IF(VLOOKUP($A15,'标准新手流程（非R）'!$P$5:$AL$144,MATCH(B$3,'标准新手流程（非R）'!$P$5:$AL$5,0),1)="","",VLOOKUP($A15,'标准新手流程（非R）'!$P$5:$AL$144,MATCH(B$3,'标准新手流程（非R）'!$P$5:$AL$5,0),1)) -> 1级白 | C15: =IF(VLOOKUP($A15,'标准新手流程（非R）'!$P$5:$AL$144,MATCH(C$3,'标准新手流程（非R）'!$P$5:$AL$5,0),1)="","",VLOOKUP($A15,'标准新手流程（非R）'!$P$5:$AL$144,MATCH(C$3,'标准新手流程（非R）'!$P$5:$AL$5,0),1)) | D15: =IF(VLOOKUP($A15,'标准新手流程（非R）'!$P$5:$AL$144,MATCH(D$3,'标准新手流程（非R）'!$P$5:$AL$5,0),1)="","",VLOOKUP($A15,'标准新手流程（非R）'!$P$5:$AL$144,MATCH(D$3,'标准新手流程（非R）'!$P$5:$AL$5,0),1)) | E15: =IF(VLOOKUP($A15,'标准新手流程（非R）'!$P$5:$AL$144,MATCH(E$3,'标准新手流程（非R）'!$P$5:$AL$5,0),1)="","",VLOOKUP($A15,'标准新手流程（非R）'!$P$5:$AL$144,MATCH(E$3,'标准新手流程（非R）'!$P$5:$AL$5,0),1)) | F15: =IF(VLOOKUP($A15,'标准新手流程（非R）'!$P$5:$AL$144,MATCH(F$3,'标准新手流程（非R）'!$P$5:$AL$5,0),1)="","",VLOOKUP($A15,'标准新手流程（非R）'!$P$5:$AL$144,MATCH(F$3,'标准新手流程（非R）'!$P$5:$AL$5,0),1)) | G15: =IF(VLOOKUP($A15,'标准新手流程（非R）'!$P$5:$AL$144,MATCH(G$3,'标准新手流程（非R）'!$P$5:$AL$5,0),1)="","",VLOOKUP($A15,'标准新手流程（非R）'!$P$5:$AL$144,MATCH(G$3,'标准新手流程（非R）'!$P$5:$AL$5,0),1)) | H15: =IF(VLOOKUP($A15,'标准新手流程（非R）'!$P$5:$AL$144,MATCH(H$3,'标准新手流程（非R）'!$P$5:$AL$5,0),1)="","",VLOOKUP($A15,'标准新手流程（非R）'!$P$5:$AL$144,MATCH(H$3,'标准新手流程（非R）'!$P$5:$AL$5,0),1)) | I15: =IF(VLOOKUP($A15,'标准新手流程（非R）'!$P$5:$AL$144,MATCH(I$3,'标准新手流程（非R）'!$P$5:$AL$5,0),1)="","",VLOOKUP($A15,'标准新手流程（非R）'!$P$5:$AL$144,MATCH(I$3,'标准新手流程（非R）'!$P$5:$AL$5,0),1))
... A142: 139 | B142: =IF(VLOOKUP($A142,'标准新手流程（非R）'!$P$5:$AL$144,MATCH(B$3,'标准新手流程（非R）'!$P$5:$AL$5,0),1)="","",VLOOKUP($A142,'标准新手流程（非R）'!$P$5:$AL$144,MATCH(B$3,'标准新手流程（非R）'!$P$5:$AL$5,0),1)) -> 120级红 | C142: =IF(VLOOKUP($A142,'标准新手流程（非R）'!$P$5:$AL$144,MATCH(C$3,'标准新手流程（非R）'!$P$5:$AL$5,0),1)="","",VLOOKUP($A142,'标准新手流程（非R）'!$P$5:$AL$144,MATCH(C$3,'标准新手流程（非R）'!$P$5:$AL$5,0),1)) -> 120级绿 | D142: =IF(VLOOKUP($A142,'标准新手流程（非R）'!$P$5:$AL$144,MATCH(D$3,'标准新手流程（非R）'!$P$5:$AL$5,0),1)="","",VLOOKUP($A142,'标准新手流程（非R）'!$P$5:$AL$144,MATCH(D$3,'标准新手流程（非R）'!$P$5:$AL$5,0),1)) -> 120级绿 | E142: =IF(VLOOKUP($A142,'标准新手流程（非R）'!$P$5:$AL$144,MATCH(E$3,'标准新手流程（非R）'!$P$5:$AL$5,0),1)="","",VLOOKUP($A142,'标准新手流程（非R）'!$P$5:$AL$144,MATCH(E$3,'标准新手流程（非R）'!$P$5:$AL$5,0),1)) -> 120级绿 | F142: =IF(VLOOKUP($A142,'标准新手流程（非R）'!$P$5:$AL$144,MATCH(F$3,'标准新手流程（非R）'!$P$5:$AL$5,0),1)="","",VLOOKUP($A142,'标准新手流程（非R）'!$P$5:$AL$144,MATCH(F$3,'标准新手流程（非R）'!$P$5:$AL$5,0),1)) -> 120级绿 | G142: =IF(VLOOKUP($A142,'标准新手流程（非R）'!$P$5:$AL$144,MATCH(G$3,'标准新手流程（非R）'!$P$5:$AL$5,0),1)="","",VLOOKUP($A142,'标准新手流程（非R）'!$P$5:$AL$144,MATCH(G$3,'标准新手流程（非R）'!$P$5:$AL$5,0),1)) -> 120级绿 | H142: =IF(VLOOKUP($A142,'标准新手流程（非R）'!$P$5:$AL$144,MATCH(H$3,'标准新手流程（非R）'!$P$5:$AL$5,0),1)="","",VLOOKUP($A142,'标准新手流程（非R）'!$P$5:$AL$144,MATCH(H$3,'标准新手流程（非R）'!$P$5:$AL$5,0),1)) -> 120级绿 | I142: =IF(VLOOKUP($A142,'标准新手流程（非R）'!$P$5:$AL$144,MATCH(I$3,'标准新手流程（非R）'!$P$5:$AL$5,0),1)="","",VLOOKUP($A142,'标准新手流程（非R）'!$P$5:$AL$144,MATCH(I$3,'标准新手流程（非R）'!$P$5:$AL$5,0),1)) -> 120级绿
A143: 140 | B143: 120级红 | C143: 120级绿 | D143: 120级绿 | E143: 120级绿 | F143: 120级绿 | G143: 120级绿 | H143: 120级绿 | I143: 120级绿
A144: 141 | B144: 120级红 | C144: 120级绿 | D144: 120级绿 | E144: 120级绿 | F144: 120级绿 | G144: 120级绿 | H144: 120级绿 | I144: 120级绿
A145: 142 | B145: 120级红 | C145: 120级绿 | D145: 120级绿 | E145: 120级绿 | F145: 120级绿 | G145: 120级绿 | H145: 120级绿 | I145: 120级绿
A146: 143 | B146: 120级红 | C146: 120级绿 | D146: 120级绿 | E146: 120级绿 | F146: 120级绿 | G146: 120级绿 | H146: 120级绿 | I146: 120级绿
A147: 144 | B147: 120级红 | C147: 120级绿 | D147: 120级绿 | E147: 120级绿 | F147: 120级绿 | G147: 120级绿 | H147: 120级绿 | I147: 120级绿
A148: 145 | B148: 120级红 | C148: 120级绿 | D148: 120级绿 | E148: 120级绿 | F148: 120级绿 | G148: 120级绿 | H148: 120级绿 | I148: 120级绿
A149: 146 | B149: 120级红 | C149: 120级绿 | D149: 120级绿 | E149: 120级绿 | F149: 120级绿 | G149: 120级绿 | H149: 120级绿 | I149: 120级绿
A150: 147 | B150: 120级红 | C150: 120级绿 | D150: 120级绿 | E150: 120级绿 | F150: 120级绿 | G150: 120级绿 | H150: 120级绿 | I150: 120级绿
A151: 148 | B151: 120级红 | C151: 120级绿 | D151: 120级绿 | E151: 120级绿 | F151: 120级绿 | G151: 120级绿 | H151: 120级绿 | I151: 120级绿
A152: 149 | B152: 120级红 | C152: 120级绿 | D152: 120级绿 | E152: 120级绿 | F152: 120级绿 | G152: 120级绿 | H152: 120级绿 | I152: 120级绿
A153: 150 | B153: 120级红 | C153: 120级绿 | D153: 120级绿 | E153: 120级绿 | F153: 120级绿 | G153: 120级绿 | H153: 120级紫 | I153: 120级绿
A154: 151 | B154: 120级红 | C154: 120级绿 | D154: 120级绿 | E154: 120级绿 | F154: 120级绿 | G154: 120级绿 | H154: 120级紫 | I154: 120级绿
... A283: 280 | B283: 225级红 | C283: 250级紫 | D283: 250级紫 | E283: 250级紫 | F283: 250级紫 | G283: 250级紫 | H283: 250级红 | I283: 250级红

Sheet 新手阶段非R升级节奏
A2: 等级 | B2: 标准升级时间/天 | C2: 总经验
A3: 1 | B3: =INDEX([1]人物经验!$H$24:$H$573,A3) -> 5.8159722e-05 | C3: =INDEX([1]人物经验!$O$24:$O$573,A3) -> 0
A4: 2 | B4: =INDEX([1]人物经验!$H$24:$H$573,A4) -> 0.00012847222 | C4: =INDEX([1]人物经验!$O$24:$O$573,A4) -> 4
A5: 3 | B5: =INDEX([1]人物经验!$H$24:$H$573,A5) -> 0.0002109375 | C5: =INDEX([1]人物经验!$O$24:$O$573,A5) -> 9
A6: 4 | B6: =INDEX([1]人物经验!$H$24:$H$573,A6) -> 0.00030555556 | C6: =INDEX([1]人物经验!$O$24:$O$573,A6) -> 15
A7: 5 | B7: =INDEX([1]人物经验!$H$24:$H$573,A7) -> 0.00041232639 | C7: =INDEX([1]人物经验!$O$24:$O$573,A7) -> 22
A8: 6 | B8: =INDEX([1]人物经验!$H$24:$H$573,A8) -> 0.00053125 | C8: =INDEX([1]人物经验!$O$24:$O$573,A8) -> 30
A9: 7 | B9: =INDEX([1]人物经验!$H$24:$H$573,A9) -> 0.00066232639 | C9: =INDEX([1]人物经验!$O$24:$O$573,A9) -> 39
A10: 8 | B10: =INDEX([1]人物经验!$H$24:$H$573,A10) -> 0.00080555556 | C10: =INDEX([1]人物经验!$O$24:$O$573,A10) -> 49
A11: 9 | B11: =INDEX([1]人物经验!$H$24:$H$573,A11) -> 0.0009609375 | C11: =INDEX([1]人物经验!$O$24:$O$573,A11) -> 60
A12: 10 | B12: =INDEX([1]人物经验!$H$24:$H$573,A12) -> 0.0011284722 | C12: =INDEX([1]人物经验!$O$24:$O$573,A12) -> 72
A13: 11 | B13: =INDEX([1]人物经验!$H$24:$H$573,A13) -> 0.0013081597 | C13: =INDEX([1]人物经验!$O$24:$O$573,A13) -> 85
A14: 12 | B14: =INDEX([1]人物经验!$H$24:$H$573,A14) -> 0.0015 | C14: =INDEX([1]人物经验!$O$24:$O$573,A14) -> 99
... A222: 220 | B222: =INDEX([1]人物经验!$H$24:$H$573,A222) -> 0.96458333 | C222: =INDEX([1]人物经验!$O$24:$O$573,A222) -> 2899351
